tourist_id,model,num_candidates,selected_stops,carryover_rate,avg_consecutive_distance,total_travel_distance,geographic_compactness,had_candidates
1,CBF,10,2,0.2,32.70568879807172,32.70568879807172,16.352846904750777,True
1,UBCF,10,1,0.1,,0.0,,True
2,CBF,10,2,0.2,27.972552036849212,27.972552036849212,13.986278905543603,True
2,UBCF,10,1,0.1,,0.0,,True
3,CBF,10,2,0.2,43.50817815473331,43.50817815473331,21.754100831478382,True
3,UBCF,10,1,0.1,,0.0,,True
4,CBF,10,3,0.3,33.55412595920755,67.1082519184151,20.122814062466194,True
4,UBCF,10,1,0.1,,0.0,,True
5,CBF,10,1,0.1,,0.0,,True
5,UBCF,10,1,0.1,,0.0,,True
6,CBF,10,1,0.1,,0.0,,True
6,UBCF,10,1,0.1,,0.0,,True
7,CBF,10,2,0.2,1.851196413912366,1.851196413912366,0.9255982080141867,True
7,UBCF,10,1,0.1,,0.0,,True
8,CBF,10,2,0.2,28.163648891291636,28.163648891291636,14.081829185081,True
8,UBCF,10,1,0.1,,0.0,,True
9,CBF,10,2,0.2,27.972552036849212,27.972552036849212,13.986278905543603,True
9,UBCF,10,1,0.1,,0.0,,True
10,CBF,10,3,0.3,38.018461444091116,76.03692288818223,24.94602623208985,True
10,UBCF,10,1,0.1,,0.0,,True
11,CBF,10,1,0.1,,0.0,,True
11,UBCF,10,1,0.1,,0.0,,True
12,CBF,10,2,0.2,43.262588299701214,43.262588299701214,21.631301429361923,True
12,UBCF,10,1,0.1,,0.0,,True
13,CBF,10,4,0.4,26.204995018177183,78.61498505453154,24.192985851838642,True
13,UBCF,10,1,0.1,,0.0,,True
14,CBF,10,1,0.1,,0.0,,True
14,UBCF,10,1,0.1,,0.0,,True
15,CBF,10,3,0.3,10.257083561722487,20.514167123444974,7.660026527167706,True
15,UBCF,10,1,0.1,,0.0,,True
16,CBF,10,2,0.2,33.307372647861015,33.307372647861015,16.653688974915404,True
16,UBCF,10,1,0.1,,0.0,,True
17,CBF,10,2,0.2,43.262588299701214,43.262588299701214,21.631301429361923,True
17,UBCF,10,1,0.1,,0.0,,True
18,CBF,10,1,0.1,,0.0,,True
18,UBCF,10,2,0.2,32.52874473344892,32.52874473344892,16.264373376438158,True
19,CBF,10,2,0.2,1.4317359571066377,1.4317359571066377,0.7158679788583666,True
19,UBCF,10,1,0.1,,0.0,,True
20,CBF,10,1,0.1,,0.0,,True
20,UBCF,10,1,0.1,,0.0,,True
21,CBF,10,2,0.2,27.972552036849212,27.972552036849212,13.986278905543603,True
21,UBCF,10,1,0.1,,0.0,,True
22,CBF,10,2,0.2,28.163648891291636,28.163648891291636,14.081829185081,True
22,UBCF,10,1,0.1,,0.0,,True
23,CBF,10,2,0.2,27.972552036849212,27.972552036849212,13.986278905543603,True
23,UBCF,10,1,0.1,,0.0,,True
24,CBF,10,2,0.2,19.747511248130476,19.747511248130476,9.873756747959575,True
24,UBCF,10,1,0.1,,0.0,,True
25,CBF,10,2,0.2,33.67692365322722,33.67692365322722,16.838466700408475,True
25,UBCF,10,1,0.1,,0.0,,True
26,CBF,10,2,0.2,0.618187081322193,0.618187081322193,0.3090935406794648,True
26,UBCF,10,2,0.2,37.90428148972095,37.90428148972095,18.95215698491864,True
27,CBF,10,4,0.4,9.660313749151308,28.980941247453924,9.168335956807377,True
27,UBCF,10,1,0.1,,0.0,,True
28,CBF,10,3,0.3,51.71236007998358,103.42472015996717,27.314473332598265,True
28,UBCF,10,1,0.1,,0.0,,True
29,CBF,10,1,0.1,,0.0,,True
29,UBCF,10,1,0.1,,0.0,,True
30,CBF,10,3,0.3,26.528865278077504,53.05773055615501,13.812411814634183,True
30,UBCF,10,1,0.1,,0.0,,True
31,CBF,10,4,0.4,37.11397383843433,111.341921515303,31.861423576170367,True
31,UBCF,10,1,0.1,,0.0,,True
32,CBF,10,2,0.2,39.131166621556076,39.131166621556076,19.565591509610922,True
32,UBCF,10,1,0.1,,0.0,,True
33,CBF,10,1,0.1,,0.0,,True
33,UBCF,10,1,0.1,,0.0,,True
34,CBF,10,1,0.1,,0.0,,True
34,UBCF,10,1,0.1,,0.0,,True
35,CBF,10,2,0.2,27.972552036849212,27.972552036849212,13.986278905543603,True
35,UBCF,10,1,0.1,,0.0,,True
36,CBF,10,1,0.1,,0.0,,True
36,UBCF,10,1,0.1,,0.0,,True
37,CBF,10,1,0.1,,0.0,,True
37,UBCF,10,1,0.1,,0.0,,True
38,CBF,10,3,0.3,31.429643406844413,62.859286813688826,24.100304972323233,True
38,UBCF,10,1,0.1,,0.0,,True
39,CBF,10,1,0.1,,0.0,,True
39,UBCF,10,2,0.2,37.90428148972095,37.90428148972095,18.95215698491864,True
40,CBF,10,2,0.2,28.163648891291636,28.163648891291636,14.081829185081,True
40,UBCF,10,1,0.1,,0.0,,True
41,CBF,10,1,0.1,,0.0,,True
41,UBCF,10,2,0.2,37.90428148972095,37.90428148972095,18.95215698491864,True
42,CBF,10,2,0.2,1.4317359571066377,1.4317359571066377,0.7158679788583666,True
42,UBCF,10,1,0.1,,0.0,,True
43,CBF,10,1,0.1,,0.0,,True
43,UBCF,10,1,0.1,,0.0,,True
44,CBF,10,3,0.3,14.901906799656919,29.803813599313838,12.386229006732073,True
44,UBCF,10,1,0.1,,0.0,,True
45,CBF,10,2,0.2,1.5431923121318396,1.5431923121318396,0.7715961563145184,True
45,UBCF,10,2,0.2,20.56227028829262,20.56227028829262,10.281135193399617,True
46,CBF,10,1,0.1,,0.0,,True
46,UBCF,10,1,0.1,,0.0,,True
47,CBF,10,2,0.2,43.262588299701214,43.262588299701214,21.631301429361923,True
47,UBCF,10,1,0.1,,0.0,,True
48,CBF,10,2,0.2,27.62510581657787,27.62510581657787,13.812557272157129,True
48,UBCF,10,1,0.1,,0.0,,True
49,CBF,10,2,0.2,27.972552036849212,27.972552036849212,13.986278905543603,True
49,UBCF,10,1,0.1,,0.0,,True
50,CBF,10,1,0.1,,0.0,,True
50,UBCF,10,2,0.2,34.79994292107832,34.79994292107832,17.399980351195634,True
51,CBF,10,2,0.2,2.3181081257908294,2.3181081257908294,1.1590540648649006,True
51,UBCF,10,1,0.1,,0.0,,True
52,CBF,10,1,0.1,,0.0,,True
52,UBCF,10,1,0.1,,0.0,,True
53,CBF,10,1,0.1,,0.0,,True
53,UBCF,10,2,0.2,19.380806902927784,19.380806902927784,9.690404897837317,True
54,CBF,10,2,0.2,20.357530189223063,20.357530189223063,10.178765101099387,True
54,UBCF,10,1,0.1,,0.0,,True
55,CBF,10,1,0.1,,0.0,,True
55,UBCF,10,1,0.1,,0.0,,True
56,CBF,10,1,0.1,,0.0,,True
56,UBCF,10,1,0.1,,0.0,,True
57,CBF,10,1,0.1,,0.0,,True
57,UBCF,10,1,0.1,,0.0,,True
58,CBF,10,1,0.1,,0.0,,True
58,UBCF,10,1,0.1,,0.0,,True
59,CBF,10,4,0.4,21.076747819219893,63.23024345765968,20.997982841365136,True
59,UBCF,10,1,0.1,,0.0,,True
60,CBF,10,1,0.1,,0.0,,True
60,UBCF,10,1,0.1,,0.0,,True
61,CBF,10,3,0.3,17.422387190708463,34.844774381416926,13.984483048124067,True
61,UBCF,10,2,0.2,37.90428148972095,37.90428148972095,18.95215698491864,True
62,CBF,10,2,0.2,39.68146350068155,39.68146350068155,19.840734382814126,True
62,UBCF,10,1,0.1,,0.0,,True
63,CBF,10,1,0.1,,0.0,,True
63,UBCF,10,1,0.1,,0.0,,True
64,CBF,10,1,0.1,,0.0,,True
64,UBCF,10,1,0.1,,0.0,,True
65,CBF,10,4,0.4,8.252558728034222,24.757676184102664,6.916487945276005,True
65,UBCF,10,1,0.1,,0.0,,True
66,CBF,10,3,0.3,15.733591411112258,31.467182822224515,12.498526438558054,True
66,UBCF,10,1,0.1,,0.0,,True
67,CBF,10,4,0.4,8.408161596905684,25.22448479071705,9.168335956807377,True
67,UBCF,10,1,0.1,,0.0,,True
68,CBF,10,3,0.3,16.379620570923503,32.759241141847006,12.8853738098464,True
68,UBCF,10,1,0.1,,0.0,,True
69,CBF,10,1,0.1,,0.0,,True
69,UBCF,10,1,0.1,,0.0,,True
70,CBF,10,1,0.1,,0.0,,True
70,UBCF,10,1,0.1,,0.0,,True
71,CBF,10,2,0.2,24.475756360953795,24.475756360953795,12.237881850962218,True
71,UBCF,10,1,0.1,,0.0,,True
72,CBF,10,2,0.2,32.70568879807172,32.70568879807172,16.352846904750777,True
72,UBCF,10,1,0.1,,0.0,,True
73,CBF,10,1,0.1,,0.0,,True
73,UBCF,10,2,0.2,19.380806902927784,19.380806902927784,9.690404897837317,True
74,CBF,10,1,0.1,,0.0,,True
74,UBCF,10,1,0.1,,0.0,,True
75,CBF,10,2,0.2,32.70568879807172,32.70568879807172,16.352846904750777,True
75,UBCF,10,1,0.1,,0.0,,True
76,CBF,10,2,0.2,1.4317359571066377,1.4317359571066377,0.7158679788583666,True
76,UBCF,10,1,0.1,,0.0,,True
77,CBF,10,4,0.4,39.85718179454282,119.57154538362846,25.65059302720848,True
77,UBCF,10,1,0.1,,0.0,,True
78,CBF,10,1,0.1,,0.0,,True
78,UBCF,10,1,0.1,,0.0,,True
79,CBF,10,2,0.2,43.262588299701214,43.262588299701214,21.631301429361923,True
79,UBCF,10,1,0.1,,0.0,,True
80,CBF,10,1,0.1,,0.0,,True
80,UBCF,10,1,0.1,,0.0,,True
81,CBF,10,2,0.2,38.97541147027279,38.97541147027279,19.487708880396617,True
81,UBCF,10,1,0.1,,0.0,,True
82,CBF,10,1,0.1,,0.0,,True
82,UBCF,10,1,0.1,,0.0,,True
83,CBF,10,1,0.1,,0.0,,True
83,UBCF,10,1,0.1,,0.0,,True
84,CBF,10,4,0.4,36.25394183619542,108.76182550858627,20.806901713499663,True
84,UBCF,10,2,0.2,28.023986357443068,28.023986357443068,14.01199605679436,True
85,CBF,10,2,0.2,29.15869940542207,29.15869940542207,14.579355363761266,True
85,UBCF,10,1,0.1,,0.0,,True
86,CBF,10,4,0.4,22.328899971465518,66.98669991439655,20.997982841365136,True
86,UBCF,10,1,0.1,,0.0,,True
87,CBF,10,2,0.2,39.68146350068155,39.68146350068155,19.840734382814126,True
87,UBCF,10,2,0.2,10.351160117462083,10.351160117462083,5.175580061801435,True
88,CBF,10,1,0.1,,0.0,,True
88,UBCF,10,1,0.1,,0.0,,True
89,CBF,10,3,0.3,17.44734265338706,34.89468530677412,14.01036938942631,True
89,UBCF,10,1,0.1,,0.0,,True
90,CBF,10,3,0.3,17.422387190708463,34.844774381416926,13.984483048123929,True
90,UBCF,10,1,0.1,,0.0,,True
91,CBF,10,1,0.1,,0.0,,True
91,UBCF,10,1,0.1,,0.0,,True
92,CBF,10,1,0.1,,0.0,,True
92,UBCF,10,1,0.1,,0.0,,True
93,CBF,10,3,0.3,16.661937939696955,33.32387587939391,14.670392701795173,True
93,UBCF,10,1,0.1,,0.0,,True
94,CBF,10,2,0.2,1.4317359571066377,1.4317359571066377,0.7158679788583666,True
94,UBCF,10,1,0.1,,0.0,,True
95,CBF,10,1,0.1,,0.0,,True
95,UBCF,10,1,0.1,,0.0,,True
96,CBF,10,1,0.1,,0.0,,True
96,UBCF,10,1,0.1,,0.0,,True
97,CBF,10,1,0.1,,0.0,,True
97,UBCF,10,1,0.1,,0.0,,True
98,CBF,10,1,0.1,,0.0,,True
98,UBCF,10,1,0.1,,0.0,,True
99,CBF,10,1,0.1,,0.0,,True
99,UBCF,10,1,0.1,,0.0,,True
100,CBF,10,2,0.2,29.15869940542207,29.15869940542207,14.579355363761266,True
100,UBCF,10,1,0.1,,0.0,,True
101,CBF,10,1,0.1,,0.0,,True
101,UBCF,10,1,0.1,,0.0,,True
102,CBF,10,2,0.2,28.163648891291636,28.163648891291636,14.081829185081,True
102,UBCF,10,2,0.2,20.56227028829262,20.56227028829262,10.281135193399617,True
103,CBF,10,3,0.3,29.98516814131765,59.9703362826353,22.12270101849707,True
103,UBCF,10,2,0.2,14.993686438360292,14.993686438360292,7.496844321734191,True
104,CBF,10,1,0.1,,0.0,,True
104,UBCF,10,2,0.2,37.90428148972095,37.90428148972095,18.95215698491864,True
105,CBF,10,2,0.2,29.243994421759137,29.243994421759137,14.622005052302741,True
105,UBCF,10,1,0.1,,0.0,,True
106,CBF,10,2,0.2,1.5431923121318396,1.5431923121318396,0.7715961563145184,True
106,UBCF,10,1,0.1,,0.0,,True
107,CBF,10,2,0.2,19.747511248130476,19.747511248130476,9.873756747959575,True
107,UBCF,10,1,0.1,,0.0,,True
108,CBF,10,1,0.1,,0.0,,True
108,UBCF,10,2,0.2,27.972552036849212,27.972552036849212,13.986278905543603,True
109,CBF,10,1,0.1,,0.0,,True
109,UBCF,10,1,0.1,,0.0,,True
110,CBF,10,3,0.3,17.422387190708463,34.844774381416926,13.984483048123929,True
110,UBCF,10,1,0.1,,0.0,,True
111,CBF,10,2,0.2,1.4520848238930628,1.4520848238930628,0.7260424121934375,True
111,UBCF,10,1,0.1,,0.0,,True
112,CBF,10,2,0.2,39.884336960417365,39.884336960417365,19.94216859195539,True
112,UBCF,10,1,0.1,,0.0,,True
113,CBF,10,1,0.1,,0.0,,True
113,UBCF,10,2,0.2,19.380806902927784,19.380806902927784,9.690404897837317,True
114,CBF,10,2,0.2,38.80813907569703,38.80813907569703,19.404076617634217,True
114,UBCF,10,1,0.1,,0.0,,True
115,CBF,10,2,0.2,2.3181081257908294,2.3181081257908294,1.1590540648649006,True
115,UBCF,10,2,0.2,20.56227028829262,20.56227028829262,10.281135193399617,True
116,CBF,10,1,0.1,,0.0,,True
116,UBCF,10,1,0.1,,0.0,,True
117,CBF,10,1,0.1,,0.0,,True
117,UBCF,10,1,0.1,,0.0,,True
118,CBF,10,2,0.2,42.58985072810587,42.58985072810587,21.294941911813737,True
118,UBCF,10,1,0.1,,0.0,,True
119,CBF,10,1,0.1,,0.0,,True
119,UBCF,10,1,0.1,,0.0,,True
120,CBF,10,1,0.1,,0.0,,True
120,UBCF,10,1,0.1,,0.0,,True
121,CBF,10,1,0.1,,0.0,,True
121,UBCF,10,2,0.2,11.749728398231753,11.749728398231753,5.874864397864018,True
122,CBF,10,1,0.1,,0.0,,True
122,UBCF,10,1,0.1,,0.0,,True
123,CBF,10,2,0.2,2.3181081257908294,2.3181081257908294,1.1590540648649006,True
123,UBCF,10,1,0.1,,0.0,,True
124,CBF,10,2,0.2,28.163648891291636,28.163648891291636,14.081829185081,True
124,UBCF,10,1,0.1,,0.0,,True
125,CBF,10,2,0.2,28.163648891291636,28.163648891291636,14.081829185081,True
125,UBCF,10,1,0.1,,0.0,,True
126,CBF,10,2,0.2,27.972552036849212,27.972552036849212,13.986278905543603,True
126,UBCF,10,1,0.1,,0.0,,True
127,CBF,10,1,0.1,,0.0,,True
127,UBCF,10,1,0.1,,0.0,,True
128,CBF,10,2,0.2,27.972552036849212,27.972552036849212,13.986278905543603,True
128,UBCF,10,1,0.1,,0.0,,True
129,CBF,10,1,0.1,,0.0,,True
129,UBCF,10,1,0.1,,0.0,,True
130,CBF,10,2,0.2,1.5156689175409355,1.5156689175409355,0.7578344591212706,True
130,UBCF,10,1,0.1,,0.0,,True
131,CBF,10,2,0.2,1.4520848238930628,1.4520848238930628,0.7260424121934375,True
131,UBCF,10,2,0.2,42.31944671414057,42.31944671414057,21.159730993153076,True
132,CBF,10,2,0.2,1.5431923121318396,1.5431923121318396,0.7715961563145184,True
132,UBCF,10,1,0.1,,0.0,,True
133,CBF,10,2,0.2,27.972552036849212,27.972552036849212,13.986278905543603,True
133,UBCF,10,1,0.1,,0.0,,True
134,CBF,10,1,0.1,,0.0,,True
134,UBCF,10,1,0.1,,0.0,,True
135,CBF,10,2,0.2,43.50817815473331,43.50817815473331,21.754100831478382,True
135,UBCF,10,1,0.1,,0.0,,True
136,CBF,10,2,0.2,1.4317359571066377,1.4317359571066377,0.7158679788583666,True
136,UBCF,10,1,0.1,,0.0,,True
137,CBF,10,3,0.3,29.253961518229833,58.507923036459665,21.212851599467935,True
137,UBCF,10,1,0.1,,0.0,,True
138,CBF,10,2,0.2,28.163648891291636,28.163648891291636,14.081829185081,True
138,UBCF,10,1,0.1,,0.0,,True
139,CBF,10,2,0.2,44.6387353025896,44.6387353025896,22.319382584751814,True
139,UBCF,10,1,0.1,,0.0,,True
140,CBF,10,1,0.1,,0.0,,True
140,UBCF,10,1,0.1,,0.0,,True
141,CBF,10,1,0.1,,0.0,,True
141,UBCF,10,1,0.1,,0.0,,True
142,CBF,10,1,0.1,,0.0,,True
142,UBCF,10,1,0.1,,0.0,,True
143,CBF,10,2,0.2,28.163648891291636,28.163648891291636,14.081829185081,True
143,UBCF,10,1,0.1,,0.0,,True
144,CBF,10,1,0.1,,0.0,,True
144,UBCF,10,2,0.2,10.351160117462083,10.351160117462083,5.175580061801435,True
145,CBF,10,3,0.3,33.20085757433042,66.40171514866084,23.427638132482766,True
145,UBCF,10,1,0.1,,0.0,,True
146,CBF,10,2,0.2,28.163648891291636,28.163648891291636,14.081829185081,True
146,UBCF,10,1,0.1,,0.0,,True
147,CBF,10,2,0.2,27.972552036849212,27.972552036849212,13.986278905543603,True
147,UBCF,10,1,0.1,,0.0,,True
148,CBF,10,3,0.3,29.253961518229833,58.507923036459665,21.212851599467935,True
148,UBCF,10,1,0.1,,0.0,,True
149,CBF,10,2,0.2,27.972552036849212,27.972552036849212,13.986278905543603,True
149,UBCF,10,1,0.1,,0.0,,True
150,CBF,10,2,0.2,2.5633806389619425,2.5633806389619425,1.281690322172055,True
150,UBCF,10,1,0.1,,0.0,,True
151,CBF,10,1,0.1,,0.0,,True
151,UBCF,10,1,0.1,,0.0,,True
152,CBF,10,4,0.4,6.033415054910214,18.10024516473064,5.52440225451474,True
152,UBCF,10,2,0.2,39.884336960417365,39.884336960417365,19.94216859195539,True
153,CBF,10,1,0.1,,0.0,,True
153,UBCF,10,1,0.1,,0.0,,True
154,CBF,10,1,0.1,,0.0,,True
154,UBCF,10,1,0.1,,0.0,,True
155,CBF,10,1,0.1,,0.0,,True
155,UBCF,10,1,0.1,,0.0,,True
156,CBF,10,1,0.1,,0.0,,True
156,UBCF,10,1,0.1,,0.0,,True
157,CBF,10,1,0.1,,0.0,,True
157,UBCF,10,2,0.2,20.56227028829262,20.56227028829262,10.281135193399617,True
158,CBF,10,1,0.1,,0.0,,True
158,UBCF,10,1,0.1,,0.0,,True
159,CBF,10,1,0.1,,0.0,,True
159,UBCF,10,1,0.1,,0.0,,True
160,CBF,10,2,0.2,2.3181081257908294,2.3181081257908294,1.1590540648649006,True
160,UBCF,10,1,0.1,,0.0,,True
161,CBF,10,1,0.1,,0.0,,True
161,UBCF,10,2,0.2,20.56227028829262,20.56227028829262,10.281135193399617,True
162,CBF,10,1,0.1,,0.0,,True
162,UBCF,10,1,0.1,,0.0,,True
163,CBF,10,3,0.3,16.661937939696955,33.32387587939391,14.670392701795173,True
163,UBCF,10,1,0.1,,0.0,,True
164,CBF,10,1,0.1,,0.0,,True
164,UBCF,10,1,0.1,,0.0,,True
165,CBF,10,2,0.2,45.85743379833855,45.85743379833855,22.92871906581808,True
165,UBCF,10,1,0.1,,0.0,,True
166,CBF,10,1,0.1,,0.0,,True
166,UBCF,10,1,0.1,,0.0,,True
167,CBF,10,2,0.2,32.156236140329234,32.156236140329234,16.078123042774006,True
167,UBCF,10,2,0.2,37.90428148972095,37.90428148972095,18.95215698491864,True
168,CBF,10,3,0.3,10.66612670445373,21.33225340890746,6.855558252398129,True
168,UBCF,10,1,0.1,,0.0,,True
169,CBF,10,3,0.3,30.888163763765053,61.77632752753011,21.67272261062162,True
169,UBCF,10,2,0.2,37.90428148972095,37.90428148972095,18.95215698491864,True
170,CBF,10,1,0.1,,0.0,,True
170,UBCF,10,2,0.2,10.351160117462083,10.351160117462083,5.175580061801435,True
171,CBF,10,2,0.2,43.262588299701214,43.262588299701214,21.631301429361923,True
171,UBCF,10,1,0.1,,0.0,,True
172,CBF,10,1,0.1,,0.0,,True
172,UBCF,10,1,0.1,,0.0,,True
173,CBF,10,1,0.1,,0.0,,True
173,UBCF,10,1,0.1,,0.0,,True
174,CBF,10,1,0.1,,0.0,,True
174,UBCF,10,1,0.1,,0.0,,True
175,CBF,10,2,0.2,43.262588299701214,43.262588299701214,21.631301429361923,True
175,UBCF,10,1,0.1,,0.0,,True
176,CBF,10,2,0.2,39.884336960417365,39.884336960417365,19.94216859195539,True
176,UBCF,10,2,0.2,18.092520720787423,18.092520720787423,9.046261297938383,True
177,CBF,10,1,0.1,,0.0,,True
177,UBCF,10,1,0.1,,0.0,,True
178,CBF,10,4,0.4,22.979928730116324,68.93978619034897,22.234514592415053,True
178,UBCF,10,2,0.2,20.56227028829262,20.56227028829262,10.281135193399617,True
179,CBF,10,2,0.2,43.262588299701214,43.262588299701214,21.631301429361923,True
179,UBCF,10,1,0.1,,0.0,,True
180,CBF,10,1,0.1,,0.0,,True
180,UBCF,10,1,0.1,,0.0,,True
181,CBF,10,3,0.3,16.661937939696955,33.32387587939391,14.670392701795173,True
181,UBCF,10,1,0.1,,0.0,,True
182,CBF,10,1,0.1,,0.0,,True
182,UBCF,10,1,0.1,,0.0,,True
183,CBF,10,2,0.2,1.4317359571066377,1.4317359571066377,0.7158679788583666,True
183,UBCF,10,1,0.1,,0.0,,True
184,CBF,10,1,0.1,,0.0,,True
184,UBCF,10,1,0.1,,0.0,,True
185,CBF,10,1,0.1,,0.0,,True
185,UBCF,10,1,0.1,,0.0,,True
186,CBF,10,1,0.1,,0.0,,True
186,UBCF,10,1,0.1,,0.0,,True
187,CBF,10,1,0.1,,0.0,,True
187,UBCF,10,1,0.1,,0.0,,True
188,CBF,10,2,0.2,44.11069676254514,44.11069676254514,22.055355405612943,True
188,UBCF,10,1,0.1,,0.0,,True
189,CBF,10,2,0.2,29.15869940542207,29.15869940542207,14.579355363761266,True
189,UBCF,10,1,0.1,,0.0,,True
190,CBF,10,1,0.1,,0.0,,True
190,UBCF,10,1,0.1,,0.0,,True
191,CBF,10,2,0.2,27.972552036849212,27.972552036849212,13.986278905543603,True
191,UBCF,10,1,0.1,,0.0,,True
192,CBF,10,1,0.1,,0.0,,True
192,UBCF,10,1,0.1,,0.0,,True
193,CBF,10,1,0.1,,0.0,,True
193,UBCF,10,1,0.1,,0.0,,True
194,CBF,10,1,0.1,,0.0,,True
194,UBCF,10,1,0.1,,0.0,,True
195,CBF,10,1,0.1,,0.0,,True
195,UBCF,10,1,0.1,,0.0,,True
196,CBF,10,1,0.1,,0.0,,True
196,UBCF,10,1,0.1,,0.0,,True
197,CBF,10,2,0.2,18.346946635879913,18.346946635879913,9.173475207982682,True
197,UBCF,10,1,0.1,,0.0,,True
198,CBF,10,2,0.2,19.380806902927784,19.380806902927784,9.690404897837317,True
198,UBCF,10,1,0.1,,0.0,,True
199,CBF,10,1,0.1,,0.0,,True
199,UBCF,10,2,0.2,32.52874473344892,32.52874473344892,16.264373376438158,True
200,CBF,10,2,0.2,28.163648891291636,28.163648891291636,14.081829185081,True
200,UBCF,10,1,0.1,,0.0,,True
201,CBF,10,2,0.2,28.163648891291636,28.163648891291636,14.081829185081,True
201,UBCF,10,1,0.1,,0.0,,True
202,CBF,10,2,0.2,39.68146350068155,39.68146350068155,19.840734382814126,True
202,UBCF,10,2,0.2,37.90428148972095,37.90428148972095,18.95215698491864,True
203,CBF,10,2,0.2,1.4317359571066377,1.4317359571066377,0.7158679788583666,True
203,UBCF,10,1,0.1,,0.0,,True
204,CBF,10,2,0.2,32.70568879807172,32.70568879807172,16.352846904750777,True
204,UBCF,10,1,0.1,,0.0,,True
205,CBF,10,1,0.1,,0.0,,True
205,UBCF,10,2,0.2,10.351160117462083,10.351160117462083,5.175580061801435,True
206,CBF,10,2,0.2,19.380806902927784,19.380806902927784,9.690404897837317,True
206,UBCF,10,1,0.1,,0.0,,True
207,CBF,10,2,0.2,39.89544829710059,39.89544829710059,19.947732443611972,True
207,UBCF,10,2,0.2,27.972552036849212,27.972552036849212,13.986278905543603,True
208,CBF,10,4,0.4,23.58113358415471,70.74340075246413,22.39380159183812,True
208,UBCF,10,2,0.2,27.972552036849212,27.972552036849212,13.986278905543603,True
209,CBF,10,2,0.2,1.5431923121318396,1.5431923121318396,0.7715961563145184,True
209,UBCF,10,2,0.2,37.90428148972095,37.90428148972095,18.95215698491864,True
210,CBF,10,2,0.2,2.099484940404962,2.099484940404962,1.0497424711383652,True
210,UBCF,10,1,0.1,,0.0,,True
211,CBF,10,1,0.1,,0.0,,True
211,UBCF,10,1,0.1,,0.0,,True
212,CBF,10,2,0.2,1.4317359571066377,1.4317359571066377,0.7158679788583666,True
212,UBCF,10,1,0.1,,0.0,,True
213,CBF,10,1,0.1,,0.0,,True
213,UBCF,10,1,0.1,,0.0,,True
214,CBF,10,1,0.1,,0.0,,True
214,UBCF,10,1,0.1,,0.0,,True
215,CBF,10,1,0.1,,0.0,,True
215,UBCF,10,1,0.1,,0.0,,True
216,CBF,10,2,0.2,28.163648891291636,28.163648891291636,14.081829185081,True
216,UBCF,10,1,0.1,,0.0,,True
217,CBF,10,1,0.1,,0.0,,True
217,UBCF,10,1,0.1,,0.0,,True
218,CBF,10,1,0.1,,0.0,,True
218,UBCF,10,1,0.1,,0.0,,True
219,CBF,10,1,0.1,,0.0,,True
219,UBCF,10,2,0.2,37.90428148972095,37.90428148972095,18.95215698491864,True
220,CBF,10,1,0.1,,0.0,,True
220,UBCF,10,1,0.1,,0.0,,True
221,CBF,10,2,0.2,37.35741221002603,37.35741221002603,18.678713127900732,True
221,UBCF,10,1,0.1,,0.0,,True
222,CBF,10,2,0.2,1.4317359571066377,1.4317359571066377,0.7158679788583666,True
222,UBCF,10,1,0.1,,0.0,,True
223,CBF,10,3,0.3,8.787898476085292,17.575796952170585,6.855558252398272,True
223,UBCF,10,1,0.1,,0.0,,True
224,CBF,10,1,0.1,,0.0,,True
224,UBCF,10,1,0.1,,0.0,,True
225,CBF,10,2,0.2,28.163648891291636,28.163648891291636,14.081829185081,True
225,UBCF,10,1,0.1,,0.0,,True
226,CBF,10,2,0.2,1.4520848238930628,1.4520848238930628,0.7260424121934375,True
226,UBCF,10,2,0.2,37.90428148972095,37.90428148972095,18.95215698491864,True
227,CBF,10,2,0.2,43.262588299701214,43.262588299701214,21.631301429361923,True
227,UBCF,10,1,0.1,,0.0,,True
228,CBF,10,2,0.2,1.4317359571066377,1.4317359571066377,0.7158679788583666,True
228,UBCF,10,1,0.1,,0.0,,True
229,CBF,10,1,0.1,,0.0,,True
229,UBCF,10,2,0.2,28.023986357443068,28.023986357443068,14.01199605679436,True
230,CBF,10,1,0.1,,0.0,,True
230,UBCF,10,1,0.1,,0.0,,True
231,CBF,10,2,0.2,1.4317359571066377,1.4317359571066377,0.7158679788583666,True
231,UBCF,10,1,0.1,,0.0,,True
232,CBF,10,1,0.1,,0.0,,True
232,UBCF,10,1,0.1,,0.0,,True
233,CBF,10,2,0.2,1.4520848238930628,1.4520848238930628,0.7260424121934375,True
233,UBCF,10,1,0.1,,0.0,,True
234,CBF,10,1,0.1,,0.0,,True
234,UBCF,10,1,0.1,,0.0,,True
235,CBF,10,2,0.2,1.5156689175409355,1.5156689175409355,0.7578344591212706,True
235,UBCF,10,1,0.1,,0.0,,True
236,CBF,10,1,0.1,,0.0,,True
236,UBCF,10,2,0.2,37.90428148972095,37.90428148972095,18.95215698491864,True
237,CBF,10,1,0.1,,0.0,,True
237,UBCF,10,1,0.1,,0.0,,True
238,CBF,10,2,0.2,28.163648891291636,28.163648891291636,14.081829185081,True
238,UBCF,10,3,0.3,8.488770665688321,16.977541331376642,6.171028395259392,True
239,CBF,10,2,0.2,42.58985072810587,42.58985072810587,21.294941911813737,True
239,UBCF,10,1,0.1,,0.0,,True
240,CBF,10,2,0.2,19.380806902927784,19.380806902927784,9.690404897837317,True
240,UBCF,10,1,0.1,,0.0,,True
242,CBF,10,2,0.2,1.4317359571066377,1.4317359571066377,0.7158679788583666,True
242,UBCF,10,1,0.1,,0.0,,True
243,CBF,10,1,0.1,,0.0,,True
243,UBCF,10,1,0.1,,0.0,,True
244,CBF,10,1,0.1,,0.0,,True
244,UBCF,10,1,0.1,,0.0,,True
245,CBF,10,2,0.2,2.3181081257908294,2.3181081257908294,1.1590540648649006,True
245,UBCF,10,1,0.1,,0.0,,True
246,CBF,10,2,0.2,28.163648891291636,28.163648891291636,14.081829185081,True
246,UBCF,10,1,0.1,,0.0,,True
247,CBF,10,2,0.2,19.747511248130476,19.747511248130476,9.873756747959575,True
247,UBCF,10,1,0.1,,0.0,,True
248,CBF,10,2,0.2,23.42832637973626,23.42832637973626,11.71416658667128,True
248,UBCF,10,1,0.1,,0.0,,True
249,CBF,10,2,0.2,38.54334327738816,38.54334327738816,19.27168404100997,True
249,UBCF,10,2,0.2,28.023986357443068,28.023986357443068,14.01199605679436,True
250,CBF,10,2,0.2,1.4317359571066377,1.4317359571066377,0.7158679788583666,True
250,UBCF,10,2,0.2,27.972552036849212,27.972552036849212,13.986278905543603,True
251,CBF,10,1,0.1,,0.0,,True
251,UBCF,10,1,0.1,,0.0,,True
252,CBF,10,1,0.1,,0.0,,True
252,UBCF,10,1,0.1,,0.0,,True
253,CBF,10,1,0.1,,0.0,,True
253,UBCF,10,1,0.1,,0.0,,True
254,CBF,10,1,0.1,,0.0,,True
254,UBCF,10,1,0.1,,0.0,,True
255,CBF,10,2,0.2,47.12934881228967,47.12934881228967,23.564704578732673,True
255,UBCF,10,1,0.1,,0.0,,True
256,CBF,10,1,0.1,,0.0,,True
256,UBCF,10,1,0.1,,0.0,,True
257,CBF,10,2,0.2,7.90812379907292,7.90812379907292,3.954061946399003,True
257,UBCF,10,1,0.1,,0.0,,True
258,CBF,10,2,0.2,1.4317359571066377,1.4317359571066377,0.7158679788583666,True
258,UBCF,10,1,0.1,,0.0,,True
259,CBF,10,2,0.2,27.972552036849212,27.972552036849212,13.986278905543603,True
259,UBCF,10,1,0.1,,0.0,,True
260,CBF,10,2,0.2,1.4317359571066377,1.4317359571066377,0.7158679788583666,True
260,UBCF,10,1,0.1,,0.0,,True
261,CBF,10,1,0.1,,0.0,,True
261,UBCF,10,1,0.1,,0.0,,True
262,CBF,10,1,0.1,,0.0,,True
262,UBCF,10,1,0.1,,0.0,,True
263,CBF,10,1,0.1,,0.0,,True
263,UBCF,10,2,0.2,20.56227028829262,20.56227028829262,10.281135193399617,True
264,CBF,10,2,0.2,28.163648891291636,28.163648891291636,14.081829185081,True
264,UBCF,10,1,0.1,,0.0,,True
265,CBF,10,1,0.1,,0.0,,True
265,UBCF,10,1,0.1,,0.0,,True
266,CBF,10,1,0.1,,0.0,,True
266,UBCF,10,2,0.2,10.351160117462083,10.351160117462083,5.175580061801435,True
267,CBF,10,1,0.1,,0.0,,True
267,UBCF,10,2,0.2,37.90428148972095,37.90428148972095,18.95215698491864,True
268,CBF,10,1,0.1,,0.0,,True
268,UBCF,10,1,0.1,,0.0,,True
269,CBF,10,4,0.4,28.71032259433223,86.13096778299669,29.674094462460836,True
269,UBCF,10,1,0.1,,0.0,,True
270,CBF,10,1,0.1,,0.0,,True
270,UBCF,10,1,0.1,,0.0,,True
271,CBF,10,3,0.3,31.429643406844413,62.859286813688826,24.100304972323233,True
271,UBCF,10,1,0.1,,0.0,,True
272,CBF,10,2,0.2,1.5431923121318396,1.5431923121318396,0.7715961563145184,True
272,UBCF,10,1,0.1,,0.0,,True
273,CBF,10,1,0.1,,0.0,,True
273,UBCF,10,1,0.1,,0.0,,True
274,CBF,10,1,0.1,,0.0,,True
274,UBCF,10,1,0.1,,0.0,,True
275,CBF,10,2,0.2,1.4317359571066377,1.4317359571066377,0.7158679788583666,True
275,UBCF,10,1,0.1,,0.0,,True
276,CBF,10,2,0.2,2.3181081257908294,2.3181081257908294,1.1590540648649006,True
276,UBCF,10,1,0.1,,0.0,,True
277,CBF,10,2,0.2,1.4317359571066377,1.4317359571066377,0.7158679788583666,True
277,UBCF,10,1,0.1,,0.0,,True
278,CBF,10,2,0.2,28.163648891291636,28.163648891291636,14.081829185081,True
278,UBCF,10,1,0.1,,0.0,,True
279,CBF,10,2,0.2,34.29011890939597,34.29011890939597,17.145067764900144,True
279,UBCF,10,1,0.1,,0.0,,True
280,CBF,10,1,0.1,,0.0,,True
280,UBCF,10,1,0.1,,0.0,,True
281,CBF,10,2,0.2,20.357530189223063,20.357530189223063,10.178765101099387,True
281,UBCF,10,1,0.1,,0.0,,True
282,CBF,10,1,0.1,,0.0,,True
282,UBCF,10,2,0.2,20.56227028829262,20.56227028829262,10.281135193399617,True
283,CBF,10,1,0.1,,0.0,,True
283,UBCF,10,1,0.1,,0.0,,True
284,CBF,10,4,0.4,20.24418195699589,60.73254587098768,18.85836389334606,True
284,UBCF,10,1,0.1,,0.0,,True
285,CBF,10,2,0.2,27.972552036849212,27.972552036849212,13.986278905543603,True
285,UBCF,10,1,0.1,,0.0,,True
286,CBF,10,3,0.3,8.787898476085292,17.575796952170585,6.855558252398272,True
286,UBCF,10,2,0.2,43.06789496829618,43.06789496829618,21.53394824722954,True
287,CBF,10,2,0.2,32.70568879807172,32.70568879807172,16.352846904750777,True
287,UBCF,10,1,0.1,,0.0,,True
288,CBF,10,1,0.1,,0.0,,True
288,UBCF,10,1,0.1,,0.0,,True
289,CBF,10,1,0.1,,0.0,,True
289,UBCF,10,1,0.1,,0.0,,True
290,CBF,10,4,0.4,33.604503911022135,100.8135117330664,27.032139847555023,True
290,UBCF,10,1,0.1,,0.0,,True
291,CBF,10,1,0.1,,0.0,,True
291,UBCF,10,2,0.2,20.56227028829262,20.56227028829262,10.281135193399617,True
292,CBF,10,1,0.1,,0.0,,True
292,UBCF,10,1,0.1,,0.0,,True
293,CBF,10,3,0.3,17.422387190708463,34.844774381416926,13.984483048124067,True
293,UBCF,10,1,0.1,,0.0,,True
294,CBF,10,1,0.1,,0.0,,True
294,UBCF,10,2,0.2,42.31944671414057,42.31944671414057,21.159730993153076,True
295,CBF,10,1,0.1,,0.0,,True
295,UBCF,10,1,0.1,,0.0,,True
296,CBF,10,2,0.2,1.5431923121318396,1.5431923121318396,0.7715961563145184,True
296,UBCF,10,1,0.1,,0.0,,True
297,CBF,10,1,0.1,,0.0,,True
297,UBCF,10,1,0.1,,0.0,,True
298,CBF,10,1,0.1,,0.0,,True
298,UBCF,10,1,0.1,,0.0,,True
299,CBF,10,1,0.1,,0.0,,True
299,UBCF,10,1,0.1,,0.0,,True
300,CBF,10,2,0.2,1.4317359571066377,1.4317359571066377,0.7158679788583666,True
300,UBCF,10,1,0.1,,0.0,,True
301,CBF,10,2,0.2,1.5431923121318396,1.5431923121318396,0.7715961563145184,True
301,UBCF,10,1,0.1,,0.0,,True
302,CBF,10,2,0.2,43.262588299701214,43.262588299701214,21.631301429361923,True
302,UBCF,10,1,0.1,,0.0,,True
303,CBF,10,1,0.1,,0.0,,True
303,UBCF,10,1,0.1,,0.0,,True
304,CBF,10,2,0.2,47.42548488878177,47.42548488878177,23.712758341755357,True
304,UBCF,10,1,0.1,,0.0,,True
305,CBF,10,1,0.1,,0.0,,True
305,UBCF,10,1,0.1,,0.0,,True
306,CBF,10,1,0.1,,0.0,,True
306,UBCF,10,1,0.1,,0.0,,True
307,CBF,10,2,0.2,2.741878999614309,2.741878999614309,1.370939502113806,True
307,UBCF,10,1,0.1,,0.0,,True
308,CBF,10,1,0.1,,0.0,,True
308,UBCF,10,2,0.2,27.972552036849212,27.972552036849212,13.986278905543603,True
309,CBF,10,1,0.1,,0.0,,True
309,UBCF,10,1,0.1,,0.0,,True
310,CBF,10,1,0.1,,0.0,,True
310,UBCF,10,1,0.1,,0.0,,True
311,CBF,10,2,0.2,6.681125490125292,6.681125490125292,3.3405628053226177,True
311,UBCF,10,1,0.1,,0.0,,True
312,CBF,10,3,0.3,17.422387190708463,34.844774381416926,13.984483048123929,True
312,UBCF,10,1,0.1,,0.0,,True
313,CBF,10,1,0.1,,0.0,,True
313,UBCF,10,1,0.1,,0.0,,True
314,CBF,10,2,0.2,28.163648891291636,28.163648891291636,14.081829185081,True
314,UBCF,10,1,0.1,,0.0,,True
315,CBF,10,2,0.2,5.859110933607617,5.859110933607617,2.929555475275662,True
315,UBCF,10,1,0.1,,0.0,,True
316,CBF,10,2,0.2,20.357530189223063,20.357530189223063,10.178765101099387,True
316,UBCF,10,1,0.1,,0.0,,True
317,CBF,10,2,0.2,38.97541147027279,38.97541147027279,19.487708880396617,True
317,UBCF,10,1,0.1,,0.0,,True
318,CBF,10,2,0.2,1.4317359571066377,1.4317359571066377,0.7158679788583666,True
318,UBCF,10,1,0.1,,0.0,,True
319,CBF,10,2,0.2,39.245429755089575,39.245429755089575,19.622723579412103,True
319,UBCF,10,2,0.2,37.90428148972095,37.90428148972095,18.95215698491864,True
320,CBF,10,1,0.1,,0.0,,True
320,UBCF,10,1,0.1,,0.0,,True
321,CBF,10,1,0.1,,0.0,,True
321,UBCF,10,1,0.1,,0.0,,True
322,CBF,10,2,0.2,1.5431923121318396,1.5431923121318396,0.7715961563145184,True
322,UBCF,10,1,0.1,,0.0,,True
323,CBF,10,2,0.2,1.4317359571066377,1.4317359571066377,0.7158679788583666,True
323,UBCF,10,2,0.2,27.972552036849212,27.972552036849212,13.986278905543603,True
324,CBF,10,2,0.2,19.802199491474596,19.802199491474596,9.901100073718258,True
324,UBCF,10,1,0.1,,0.0,,True
325,CBF,10,2,0.2,1.4317359571066377,1.4317359571066377,0.7158679788583666,True
325,UBCF,10,1,0.1,,0.0,,True
326,CBF,10,4,0.4,21.076747819219893,63.23024345765968,20.997982841365133,True
326,UBCF,10,1,0.1,,0.0,,True
327,CBF,10,2,0.2,28.163648891291636,28.163648891291636,14.081829185081,True
327,UBCF,10,2,0.2,19.380806902927784,19.380806902927784,9.690404897837317,True
328,CBF,10,2,0.2,39.68146350068155,39.68146350068155,19.840734382814126,True
328,UBCF,10,1,0.1,,0.0,,True
329,CBF,10,3,0.3,39.435429883686695,78.87085976737339,22.70958043158625,True
329,UBCF,10,1,0.1,,0.0,,True
330,CBF,10,1,0.1,,0.0,,True
330,UBCF,10,1,0.1,,0.0,,True
331,CBF,10,4,0.4,24.019045158685444,72.05713547605633,24.192985851838642,True
331,UBCF,10,1,0.1,,0.0,,True
332,CBF,10,1,0.1,,0.0,,True
332,UBCF,10,1,0.1,,0.0,,True
333,CBF,10,2,0.2,28.163648891291636,28.163648891291636,14.081829185081,True
333,UBCF,10,1,0.1,,0.0,,True
334,CBF,10,2,0.2,39.884336960417365,39.884336960417365,19.94216859195539,True
334,UBCF,10,1,0.1,,0.0,,True
335,CBF,10,1,0.1,,0.0,,True
335,UBCF,10,1,0.1,,0.0,,True
336,CBF,10,2,0.2,28.163648891291636,28.163648891291636,14.081829185081,True
336,UBCF,10,2,0.2,10.351160117462083,10.351160117462083,5.175580061801435,True
337,CBF,10,2,0.2,18.063673535690604,18.063673535690604,9.031838163077367,True
337,UBCF,10,1,0.1,,0.0,,True
338,CBF,10,1,0.1,,0.0,,True
338,UBCF,10,1,0.1,,0.0,,True
339,CBF,10,2,0.2,1.4317359571066377,1.4317359571066377,0.7158679788583666,True
339,UBCF,10,1,0.1,,0.0,,True
340,CBF,10,2,0.2,1.851196413912366,1.851196413912366,0.9255982080141867,True
340,UBCF,10,1,0.1,,0.0,,True
341,CBF,10,2,0.2,33.307372647861015,33.307372647861015,16.653688974915404,True
341,UBCF,10,1,0.1,,0.0,,True
342,CBF,10,1,0.1,,0.0,,True
342,UBCF,10,1,0.1,,0.0,,True
343,CBF,10,2,0.2,44.6387353025896,44.6387353025896,22.319382584751814,True
343,UBCF,10,1,0.1,,0.0,,True
344,CBF,10,2,0.2,27.972552036849212,27.972552036849212,13.986278905543603,True
344,UBCF,10,1,0.1,,0.0,,True
345,CBF,10,1,0.1,,0.0,,True
345,UBCF,10,1,0.1,,0.0,,True
346,CBF,10,2,0.2,43.262588299701214,43.262588299701214,21.631301429361923,True
346,UBCF,10,1,0.1,,0.0,,True
347,CBF,10,1,0.1,,0.0,,True
347,UBCF,10,2,0.2,10.351160117462083,10.351160117462083,5.175580061801435,True
348,CBF,10,2,0.2,30.609509272558906,30.609509272558906,15.304757029726051,True
348,UBCF,10,1,0.1,,0.0,,True
349,CBF,10,1,0.1,,0.0,,True
349,UBCF,10,1,0.1,,0.0,,True
350,CBF,10,1,0.1,,0.0,,True
350,UBCF,10,1,0.1,,0.0,,True
351,CBF,10,1,0.1,,0.0,,True
351,UBCF,10,1,0.1,,0.0,,True
352,CBF,10,1,0.1,,0.0,,True
352,UBCF,10,1,0.1,,0.0,,True
353,CBF,10,2,0.2,32.70568879807172,32.70568879807172,16.352846904750777,True
353,UBCF,10,1,0.1,,0.0,,True
354,CBF,10,1,0.1,,0.0,,True
354,UBCF,10,1,0.1,,0.0,,True
355,CBF,10,2,0.2,47.42548488878177,47.42548488878177,23.712758341755357,True
355,UBCF,10,1,0.1,,0.0,,True
356,CBF,10,2,0.2,36.95030145716297,36.95030145716297,18.475162296203045,True
356,UBCF,10,1,0.1,,0.0,,True
357,CBF,10,1,0.1,,0.0,,True
357,UBCF,10,1,0.1,,0.0,,True
358,CBF,10,1,0.1,,0.0,,True
358,UBCF,10,1,0.1,,0.0,,True
359,CBF,10,4,0.4,22.328899971465518,66.98669991439655,20.997982841365136,True
359,UBCF,10,1,0.1,,0.0,,True
360,CBF,10,2,0.2,23.42832637973626,23.42832637973626,11.71416658667128,True
360,UBCF,10,1,0.1,,0.0,,True
361,CBF,10,2,0.2,28.163648891291636,28.163648891291636,14.081829185081,True
361,UBCF,10,1,0.1,,0.0,,True
362,CBF,10,2,0.2,33.67692365322722,33.67692365322722,16.838466700408475,True
362,UBCF,10,1,0.1,,0.0,,True
363,CBF,10,1,0.1,,0.0,,True
363,UBCF,10,1,0.1,,0.0,,True
364,CBF,10,2,0.2,28.163648891291636,28.163648891291636,14.081829185081,True
364,UBCF,10,2,0.2,37.90428148972095,37.90428148972095,18.95215698491864,True
365,CBF,10,1,0.1,,0.0,,True
365,UBCF,10,1,0.1,,0.0,,True
366,CBF,10,4,0.4,24.84124608838425,74.52373826515274,18.85836389334606,True
366,UBCF,10,1,0.1,,0.0,,True
367,CBF,10,2,0.2,2.3181081257908294,2.3181081257908294,1.1590540648649006,True
367,UBCF,10,1,0.1,,0.0,,True
368,CBF,10,1,0.1,,0.0,,True
368,UBCF,10,1,0.1,,0.0,,True
369,CBF,10,2,0.2,1.5431923121318396,1.5431923121318396,0.7715961563145184,True
369,UBCF,10,1,0.1,,0.0,,True
370,CBF,10,1,0.1,,0.0,,True
370,UBCF,10,1,0.1,,0.0,,True
371,CBF,10,2,0.2,1.4520848238930628,1.4520848238930628,0.7260424121934375,True
371,UBCF,10,1,0.1,,0.0,,True
372,CBF,10,2,0.2,2.3181081257908294,2.3181081257908294,1.1590540648649006,True
372,UBCF,10,1,0.1,,0.0,,True
373,CBF,10,1,0.1,,0.0,,True
373,UBCF,10,1,0.1,,0.0,,True
374,CBF,10,1,0.1,,0.0,,True
374,UBCF,10,1,0.1,,0.0,,True
375,CBF,10,1,0.1,,0.0,,True
375,UBCF,10,1,0.1,,0.0,,True
376,CBF,10,1,0.1,,0.0,,True
376,UBCF,10,2,0.2,37.90428148972095,37.90428148972095,18.95215698491864,True
377,CBF,10,4,0.4,22.328899971465518,66.98669991439655,20.997982841365136,True
377,UBCF,10,2,0.2,37.90428148972095,37.90428148972095,18.95215698491864,True
378,CBF,10,2,0.2,1.5156689175409355,1.5156689175409355,0.7578344591212706,True
378,UBCF,10,1,0.1,,0.0,,True
379,CBF,10,1,0.1,,0.0,,True
379,UBCF,10,1,0.1,,0.0,,True
380,CBF,10,2,0.2,27.972552036849212,27.972552036849212,13.986278905543603,True
380,UBCF,10,1,0.1,,0.0,,True
381,CBF,10,4,0.4,22.328899971465518,66.98669991439655,20.997982841365136,True
381,UBCF,10,1,0.1,,0.0,,True
382,CBF,10,1,0.1,,0.0,,True
382,UBCF,10,1,0.1,,0.0,,True
383,CBF,10,4,0.4,11.939951184416733,35.8198535532502,15.555241295987553,True
383,UBCF,10,1,0.1,,0.0,,True
384,CBF,10,2,0.2,1.5156689175409355,1.5156689175409355,0.7578344591212706,True
384,UBCF,10,2,0.2,20.56227028829262,20.56227028829262,10.281135193399617,True
385,CBF,10,2,0.2,43.262588299701214,43.262588299701214,21.631301429361923,True
385,UBCF,10,1,0.1,,0.0,,True
386,CBF,10,2,0.2,3.8420770056466425,3.8420770056466425,1.9210385080692607,True
386,UBCF,10,1,0.1,,0.0,,True
387,CBF,10,4,0.4,26.7243388864777,80.1730166594331,20.997982841365136,True
387,UBCF,10,1,0.1,,0.0,,True
388,CBF,10,1,0.1,,0.0,,True
388,UBCF,10,1,0.1,,0.0,,True
389,CBF,10,2,0.2,43.07938720561975,43.07938720561975,21.53969449295095,True
389,UBCF,10,1,0.1,,0.0,,True
390,CBF,10,1,0.1,,0.0,,True
390,UBCF,10,1,0.1,,0.0,,True
391,CBF,10,4,0.4,26.7243388864777,80.1730166594331,20.997982841365136,True
391,UBCF,10,1,0.1,,0.0,,True
392,CBF,10,2,0.2,28.163648891291636,28.163648891291636,14.081829185081,True
392,UBCF,10,2,0.2,32.52874473344892,32.52874473344892,16.264373376438158,True
393,CBF,10,1,0.1,,0.0,,True
393,UBCF,10,1,0.1,,0.0,,True
394,CBF,10,1,0.1,,0.0,,True
394,UBCF,10,1,0.1,,0.0,,True
395,CBF,10,1,0.1,,0.0,,True
395,UBCF,10,1,0.1,,0.0,,True
396,CBF,10,2,0.2,43.262588299701214,43.262588299701214,21.631301429361923,True
396,UBCF,10,2,0.2,20.56227028829262,20.56227028829262,10.281135193399617,True
397,CBF,10,2,0.2,2.3181081257908294,2.3181081257908294,1.1590540648649006,True
397,UBCF,10,1,0.1,,0.0,,True
398,CBF,10,2,0.2,18.063673535690604,18.063673535690604,9.031838163077367,True
398,UBCF,10,1,0.1,,0.0,,True
399,CBF,10,1,0.1,,0.0,,True
399,UBCF,10,1,0.1,,0.0,,True
400,CBF,10,1,0.1,,0.0,,True
400,UBCF,10,1,0.1,,0.0,,True
401,CBF,10,1,0.1,,0.0,,True
401,UBCF,10,1,0.1,,0.0,,True
402,CBF,10,1,0.1,,0.0,,True
402,UBCF,10,2,0.2,37.90428148972095,37.90428148972095,18.95215698491864,True
403,CBF,10,2,0.2,4.127413100707732,4.127413100707732,2.063706557612347,True
403,UBCF,10,1,0.1,,0.0,,True
404,CBF,10,1,0.1,,0.0,,True
404,UBCF,10,1,0.1,,0.0,,True
405,CBF,10,2,0.2,33.307372647861015,33.307372647861015,16.653688974915404,True
405,UBCF,10,2,0.2,27.972552036849212,27.972552036849212,13.986278905543603,True
406,CBF,10,2,0.2,33.85474968413719,33.85474968413719,16.92737540235248,True
406,UBCF,10,1,0.1,,0.0,,True
407,CBF,10,2,0.2,27.972552036849212,27.972552036849212,13.986278905543603,True
407,UBCF,10,1,0.1,,0.0,,True
408,CBF,10,1,0.1,,0.0,,True
408,UBCF,10,1,0.1,,0.0,,True
409,CBF,10,2,0.2,36.24007716797648,36.24007716797648,18.12004609756425,True
409,UBCF,10,1,0.1,,0.0,,True
410,CBF,10,1,0.1,,0.0,,True
410,UBCF,10,1,0.1,,0.0,,True
411,CBF,10,2,0.2,1.5431923121318396,1.5431923121318396,0.7715961563145184,True
411,UBCF,10,1,0.1,,0.0,,True
412,CBF,10,2,0.2,39.884336960417365,39.884336960417365,19.94216859195539,True
412,UBCF,10,1,0.1,,0.0,,True
413,CBF,10,2,0.2,1.4317359571066377,1.4317359571066377,0.7158679788583666,True
413,UBCF,10,1,0.1,,0.0,,True
414,CBF,10,1,0.1,,0.0,,True
414,UBCF,10,1,0.1,,0.0,,True
415,CBF,10,1,0.1,,0.0,,True
415,UBCF,10,2,0.2,37.90428148972095,37.90428148972095,18.95215698491864,True
416,CBF,10,2,0.2,1.4317359571066377,1.4317359571066377,0.7158679788583666,True
416,UBCF,10,2,0.2,37.90428148972095,37.90428148972095,18.95215698491864,True
417,CBF,10,2,0.2,38.97541147027279,38.97541147027279,19.487708880396617,True
417,UBCF,10,1,0.1,,0.0,,True
418,CBF,10,2,0.2,28.163648891291636,28.163648891291636,14.081829185081,True
418,UBCF,10,1,0.1,,0.0,,True
419,CBF,10,1,0.1,,0.0,,True
419,UBCF,10,1,0.1,,0.0,,True
421,CBF,10,2,0.2,1.4317359571066377,1.4317359571066377,0.7158679788583666,True
421,UBCF,10,2,0.2,10.351160117462083,10.351160117462083,5.175580061801435,True
422,CBF,10,1,0.1,,0.0,,True
422,UBCF,10,1,0.1,,0.0,,True
423,CBF,10,1,0.1,,0.0,,True
423,UBCF,10,1,0.1,,0.0,,True
424,CBF,10,4,0.4,22.328899971465518,66.98669991439655,20.997982841365136,True
424,UBCF,10,1,0.1,,0.0,,True
425,CBF,10,4,0.4,26.7243388864777,80.1730166594331,20.997982841365136,True
425,UBCF,10,2,0.2,10.351160117462083,10.351160117462083,5.175580061801435,True
426,CBF,10,2,0.2,39.884336960417365,39.884336960417365,19.94216859195539,True
426,UBCF,10,1,0.1,,0.0,,True
427,CBF,10,3,0.3,16.661937939696955,33.32387587939391,14.670392701795173,True
427,UBCF,10,1,0.1,,0.0,,True
428,CBF,10,2,0.2,1.4520848238930628,1.4520848238930628,0.7260424121934375,True
428,UBCF,10,1,0.1,,0.0,,True
429,CBF,10,2,0.2,47.42548488878177,47.42548488878177,23.712758341755357,True
429,UBCF,10,1,0.1,,0.0,,True
430,CBF,10,1,0.1,,0.0,,True
430,UBCF,10,1,0.1,,0.0,,True
431,CBF,10,1,0.1,,0.0,,True
431,UBCF,10,2,0.2,37.90428148972095,37.90428148972095,18.95215698491864,True
432,CBF,10,2,0.2,33.67692365322722,33.67692365322722,16.838466700408475,True
432,UBCF,10,2,0.2,37.90428148972095,37.90428148972095,18.95215698491864,True
433,CBF,10,1,0.1,,0.0,,True
433,UBCF,10,1,0.1,,0.0,,True
434,CBF,10,1,0.1,,0.0,,True
434,UBCF,10,2,0.2,28.023986357443068,28.023986357443068,14.01199605679436,True
435,CBF,10,1,0.1,,0.0,,True
435,UBCF,10,1,0.1,,0.0,,True
436,CBF,10,1,0.1,,0.0,,True
436,UBCF,10,1,0.1,,0.0,,True
437,CBF,10,2,0.2,27.972552036849212,27.972552036849212,13.986278905543603,True
437,UBCF,10,1,0.1,,0.0,,True
438,CBF,10,2,0.2,28.163648891291636,28.163648891291636,14.081829185081,True
438,UBCF,10,1,0.1,,0.0,,True
439,CBF,10,1,0.1,,0.0,,True
439,UBCF,10,1,0.1,,0.0,,True
440,CBF,10,1,0.1,,0.0,,True
440,UBCF,10,2,0.2,42.31944671414057,42.31944671414057,21.159730993153076,True
441,CBF,10,1,0.1,,0.0,,True
441,UBCF,10,1,0.1,,0.0,,True
442,CBF,10,2,0.2,19.380806902927784,19.380806902927784,9.690404897837317,True
442,UBCF,10,1,0.1,,0.0,,True
443,CBF,10,3,0.3,39.90103000773112,79.80206001546225,24.100304972323233,True
443,UBCF,10,1,0.1,,0.0,,True
444,CBF,10,1,0.1,,0.0,,True
444,UBCF,10,1,0.1,,0.0,,True
445,CBF,10,3,0.3,16.661937939696955,33.32387587939391,14.670392701795173,True
445,UBCF,10,1,0.1,,0.0,,True
446,CBF,10,2,0.2,38.97541147027279,38.97541147027279,19.487708880396617,True
446,UBCF,10,1,0.1,,0.0,,True
447,CBF,10,1,0.1,,0.0,,True
447,UBCF,10,2,0.2,19.380806902927784,19.380806902927784,9.690404897837317,True
448,CBF,10,3,0.3,15.349720676139803,30.699441352279607,12.657607024491256,True
448,UBCF,10,1,0.1,,0.0,,True
449,CBF,10,1,0.1,,0.0,,True
449,UBCF,10,1,0.1,,0.0,,True
450,CBF,10,2,0.2,19.380806902927784,19.380806902927784,9.690404897837317,True
450,UBCF,10,1,0.1,,0.0,,True
451,CBF,10,1,0.1,,0.0,,True
451,UBCF,10,1,0.1,,0.0,,True
452,CBF,10,2,0.2,19.380806902927784,19.380806902927784,9.690404897837317,True
452,UBCF,10,2,0.2,27.972552036849212,27.972552036849212,13.986278905543603,True
453,CBF,10,1,0.1,,0.0,,True
453,UBCF,10,1,0.1,,0.0,,True
454,CBF,10,2,0.2,33.307372647861015,33.307372647861015,16.653688974915404,True
454,UBCF,10,2,0.2,11.749728398231753,11.749728398231753,5.874864397864018,True
455,CBF,10,1,0.1,,0.0,,True
455,UBCF,10,2,0.2,19.380806902927784,19.380806902927784,9.690404897837317,True
456,CBF,10,3,0.3,31.429643406844413,62.859286813688826,24.100304972323233,True
456,UBCF,10,1,0.1,,0.0,,True
457,CBF,10,2,0.2,43.262588299701214,43.262588299701214,21.631301429361923,True
457,UBCF,10,1,0.1,,0.0,,True
458,CBF,10,2,0.2,36.95030145716297,36.95030145716297,18.475162296203045,True
458,UBCF,10,1,0.1,,0.0,,True
459,CBF,10,3,0.3,16.661937939696955,33.32387587939391,14.670392701795173,True
459,UBCF,10,1,0.1,,0.0,,True
460,CBF,10,2,0.2,39.304889873625584,39.304889873625584,19.65246355239085,True
460,UBCF,10,1,0.1,,0.0,,True
461,CBF,10,2,0.2,29.15869940542207,29.15869940542207,14.579355363761266,True
461,UBCF,10,1,0.1,,0.0,,True
462,CBF,10,1,0.1,,0.0,,True
462,UBCF,10,1,0.1,,0.0,,True
463,CBF,10,1,0.1,,0.0,,True
463,UBCF,10,1,0.1,,0.0,,True
464,CBF,10,2,0.2,43.262588299701214,43.262588299701214,21.631301429361923,True
464,UBCF,10,1,0.1,,0.0,,True
465,CBF,10,1,0.1,,0.0,,True
465,UBCF,10,1,0.1,,0.0,,True
466,CBF,10,1,0.1,,0.0,,True
466,UBCF,10,1,0.1,,0.0,,True
467,CBF,10,1,0.1,,0.0,,True
467,UBCF,10,1,0.1,,0.0,,True
468,CBF,10,1,0.1,,0.0,,True
468,UBCF,10,1,0.1,,0.0,,True
469,CBF,10,1,0.1,,0.0,,True
469,UBCF,10,1,0.1,,0.0,,True
470,CBF,10,2,0.2,10.015418331345701,10.015418331345701,5.007709386106739,True
470,UBCF,10,1,0.1,,0.0,,True
471,CBF,10,1,0.1,,0.0,,True
471,UBCF,10,1,0.1,,0.0,,True
472,CBF,10,1,0.1,,0.0,,True
472,UBCF,10,1,0.1,,0.0,,True
473,CBF,10,1,0.1,,0.0,,True
473,UBCF,10,1,0.1,,0.0,,True
474,CBF,10,2,0.2,33.307372647861015,33.307372647861015,16.653688974915404,True
474,UBCF,10,1,0.1,,0.0,,True
475,CBF,10,2,0.2,8.412640195690354,8.412640195690354,4.206320154926033,True
475,UBCF,10,1,0.1,,0.0,,True
476,CBF,10,2,0.2,36.24007716797648,36.24007716797648,18.12004609756425,True
476,UBCF,10,1,0.1,,0.0,,True
477,CBF,10,1,0.1,,0.0,,True
477,UBCF,10,1,0.1,,0.0,,True
478,CBF,10,1,0.1,,0.0,,True
478,UBCF,10,1,0.1,,0.0,,True
479,CBF,10,3,0.3,10.66612670445373,21.33225340890746,6.855558252398129,True
479,UBCF,10,1,0.1,,0.0,,True
480,CBF,10,1,0.1,,0.0,,True
480,UBCF,10,1,0.1,,0.0,,True
481,CBF,10,2,0.2,43.262588299701214,43.262588299701214,21.631301429361923,True
481,UBCF,10,2,0.2,45.85743379833855,45.85743379833855,22.92871906581808,True
482,CBF,10,1,0.1,,0.0,,True
482,UBCF,10,1,0.1,,0.0,,True
483,CBF,10,2,0.2,28.163648891291636,28.163648891291636,14.081829185081,True
483,UBCF,10,2,0.2,37.90428148972095,37.90428148972095,18.95215698491864,True
484,CBF,10,2,0.2,27.972552036849212,27.972552036849212,13.986278905543603,True
484,UBCF,10,1,0.1,,0.0,,True
485,CBF,10,2,0.2,1.4317359571066377,1.4317359571066377,0.7158679788583666,True
485,UBCF,10,1,0.1,,0.0,,True
486,CBF,10,1,0.1,,0.0,,True
486,UBCF,10,1,0.1,,0.0,,True
487,CBF,10,1,0.1,,0.0,,True
487,UBCF,10,1,0.1,,0.0,,True
488,CBF,10,3,0.3,16.962779864591603,33.925559729183206,14.670392701795173,True
488,UBCF,10,1,0.1,,0.0,,True
489,CBF,10,1,0.1,,0.0,,True
489,UBCF,10,1,0.1,,0.0,,True
490,CBF,10,2,0.2,27.972552036849212,27.972552036849212,13.986278905543603,True
490,UBCF,10,1,0.1,,0.0,,True
491,CBF,10,2,0.2,1.5156689175409355,1.5156689175409355,0.7578344591212706,True
491,UBCF,10,1,0.1,,0.0,,True
492,CBF,10,1,0.1,,0.0,,True
492,UBCF,10,1,0.1,,0.0,,True
493,CBF,10,1,0.1,,0.0,,True
493,UBCF,10,1,0.1,,0.0,,True
494,CBF,10,2,0.2,28.163648891291636,28.163648891291636,14.081829185081,True
494,UBCF,10,1,0.1,,0.0,,True
495,CBF,10,2,0.2,1.4317359571066377,1.4317359571066377,0.7158679788583666,True
495,UBCF,10,1,0.1,,0.0,,True
496,CBF,10,3,0.3,8.787898476085292,17.575796952170585,6.855558252398129,True
496,UBCF,10,1,0.1,,0.0,,True
497,CBF,10,2,0.2,28.163648891291636,28.163648891291636,14.081829185081,True
497,UBCF,10,1,0.1,,0.0,,True
498,CBF,10,4,0.4,35.18049500053849,105.54148500161548,27.566183111834416,True
498,UBCF,10,2,0.2,14.993686438360292,14.993686438360292,7.496844321734191,True
499,CBF,10,1,0.1,,0.0,,True
499,UBCF,10,1,0.1,,0.0,,True
500,CBF,10,2,0.2,17.82423193742532,17.82423193742532,8.912116066560213,True
500,UBCF,10,1,0.1,,0.0,,True
501,CBF,10,1,0.1,,0.0,,True
501,UBCF,10,1,0.1,,0.0,,True
502,CBF,10,1,0.1,,0.0,,True
502,UBCF,10,1,0.1,,0.0,,True
503,CBF,10,2,0.2,18.063673535690604,18.063673535690604,9.031838163077367,True
503,UBCF,10,1,0.1,,0.0,,True
504,CBF,10,1,0.1,,0.0,,True
504,UBCF,10,1,0.1,,0.0,,True
505,CBF,10,1,0.1,,0.0,,True
505,UBCF,10,1,0.1,,0.0,,True
506,CBF,10,2,0.2,27.972552036849212,27.972552036849212,13.986278905543603,True
506,UBCF,10,1,0.1,,0.0,,True
507,CBF,10,2,0.2,20.357530189223063,20.357530189223063,10.178765101099387,True
507,UBCF,10,2,0.2,27.972552036849212,27.972552036849212,13.986278905543603,True
508,CBF,10,1,0.1,,0.0,,True
508,UBCF,10,1,0.1,,0.0,,True
509,CBF,10,2,0.2,33.67692365322722,33.67692365322722,16.838466700408475,True
509,UBCF,10,1,0.1,,0.0,,True
510,CBF,10,1,0.1,,0.0,,True
510,UBCF,10,2,0.2,43.06789496829618,43.06789496829618,21.53394824722954,True
511,CBF,10,2,0.2,27.972552036849212,27.972552036849212,13.986278905543603,True
511,UBCF,10,1,0.1,,0.0,,True
512,CBF,10,2,0.2,42.58985072810587,42.58985072810587,21.294941911813737,True
512,UBCF,10,1,0.1,,0.0,,True
513,CBF,10,2,0.2,1.5156689175409355,1.5156689175409355,0.7578344591212706,True
513,UBCF,10,1,0.1,,0.0,,True
514,CBF,10,1,0.1,,0.0,,True
514,UBCF,10,1,0.1,,0.0,,True
515,CBF,10,1,0.1,,0.0,,True
515,UBCF,10,1,0.1,,0.0,,True
516,CBF,10,1,0.1,,0.0,,True
516,UBCF,10,1,0.1,,0.0,,True
517,CBF,10,2,0.2,1.4520848238930628,1.4520848238930628,0.7260424121934375,True
517,UBCF,10,1,0.1,,0.0,,True
518,CBF,10,1,0.1,,0.0,,True
518,UBCF,10,1,0.1,,0.0,,True
519,CBF,10,1,0.1,,0.0,,True
519,UBCF,10,2,0.2,18.092520720787423,18.092520720787423,9.046261297938383,True
520,CBF,10,4,0.4,12.716102770783268,38.148308312349805,15.630429077008305,True
520,UBCF,10,1,0.1,,0.0,,True
521,CBF,10,2,0.2,28.163648891291636,28.163648891291636,14.081829185081,True
521,UBCF,10,1,0.1,,0.0,,True
522,CBF,10,2,0.2,27.972552036849212,27.972552036849212,13.986278905543603,True
522,UBCF,10,1,0.1,,0.0,,True
523,CBF,10,2,0.2,43.50817815473331,43.50817815473331,21.754100831478382,True
523,UBCF,10,2,0.2,10.351160117462083,10.351160117462083,5.175580061801435,True
524,CBF,10,2,0.2,1.5156689175409355,1.5156689175409355,0.7578344591212706,True
524,UBCF,10,1,0.1,,0.0,,True
525,CBF,10,2,0.2,1.4317359571066377,1.4317359571066377,0.7158679788583666,True
525,UBCF,10,1,0.1,,0.0,,True
526,CBF,10,1,0.1,,0.0,,True
526,UBCF,10,1,0.1,,0.0,,True
527,CBF,10,2,0.2,28.36255448689769,28.36255448689769,14.181277271175478,True
527,UBCF,10,1,0.1,,0.0,,True
528,CBF,10,1,0.1,,0.0,,True
528,UBCF,10,1,0.1,,0.0,,True
529,CBF,10,2,0.2,2.3181081257908294,2.3181081257908294,1.1590540648649006,True
529,UBCF,10,1,0.1,,0.0,,True
530,CBF,10,1,0.1,,0.0,,True
530,UBCF,10,1,0.1,,0.0,,True
531,CBF,10,2,0.2,27.972552036849212,27.972552036849212,13.986278905543603,True
531,UBCF,10,1,0.1,,0.0,,True
532,CBF,10,1,0.1,,0.0,,True
532,UBCF,10,1,0.1,,0.0,,True
533,CBF,10,2,0.2,39.131166621556076,39.131166621556076,19.565591509610922,True
533,UBCF,10,1,0.1,,0.0,,True
534,CBF,10,1,0.1,,0.0,,True
534,UBCF,10,1,0.1,,0.0,,True
535,CBF,10,2,0.2,1.5156689175409355,1.5156689175409355,0.7578344591212706,True
535,UBCF,10,1,0.1,,0.0,,True
536,CBF,10,2,0.2,43.262588299701214,43.262588299701214,21.631301429361923,True
536,UBCF,10,1,0.1,,0.0,,True
537,CBF,10,1,0.1,,0.0,,True
537,UBCF,10,1,0.1,,0.0,,True
538,CBF,10,2,0.2,27.972552036849212,27.972552036849212,13.986278905543603,True
538,UBCF,10,1,0.1,,0.0,,True
539,CBF,10,2,0.2,29.15869940542207,29.15869940542207,14.579355363761266,True
539,UBCF,10,1,0.1,,0.0,,True
540,CBF,10,2,0.2,44.6387353025896,44.6387353025896,22.319382584751814,True
540,UBCF,10,1,0.1,,0.0,,True
541,CBF,10,2,0.2,27.972552036849212,27.972552036849212,13.986278905543603,True
541,UBCF,10,1,0.1,,0.0,,True
542,CBF,10,1,0.1,,0.0,,True
542,UBCF,10,1,0.1,,0.0,,True
543,CBF,10,2,0.2,43.262588299701214,43.262588299701214,21.631301429361923,True
543,UBCF,10,1,0.1,,0.0,,True
544,CBF,10,3,0.3,16.661937939696955,33.32387587939391,14.670392701795173,True
544,UBCF,10,2,0.2,27.972552036849212,27.972552036849212,13.986278905543603,True
545,CBF,10,2,0.2,43.262588299701214,43.262588299701214,21.631301429361923,True
545,UBCF,10,1,0.1,,0.0,,True
546,CBF,10,3,0.3,10.66612670445373,21.33225340890746,6.855558252398129,True
546,UBCF,10,1,0.1,,0.0,,True
547,CBF,10,1,0.1,,0.0,,True
547,UBCF,10,1,0.1,,0.0,,True
548,CBF,10,2,0.2,43.262588299701214,43.262588299701214,21.631301429361923,True
548,UBCF,10,1,0.1,,0.0,,True
549,CBF,10,1,0.1,,0.0,,True
549,UBCF,10,1,0.1,,0.0,,True
550,CBF,10,1,0.1,,0.0,,True
550,UBCF,10,1,0.1,,0.0,,True
551,CBF,10,1,0.1,,0.0,,True
551,UBCF,10,1,0.1,,0.0,,True
552,CBF,10,1,0.1,,0.0,,True
552,UBCF,10,1,0.1,,0.0,,True
553,CBF,10,1,0.1,,0.0,,True
553,UBCF,10,1,0.1,,0.0,,True
554,CBF,10,1,0.1,,0.0,,True
554,UBCF,10,2,0.2,19.380806902927784,19.380806902927784,9.690404897837317,True
555,CBF,10,1,0.1,,0.0,,True
555,UBCF,10,1,0.1,,0.0,,True
556,CBF,10,2,0.2,1.4317359571066377,1.4317359571066377,0.7158679788583666,True
556,UBCF,10,2,0.2,10.351160117462083,10.351160117462083,5.175580061801435,True
557,CBF,10,2,0.2,7.90812379907292,7.90812379907292,3.954061946399003,True
557,UBCF,10,1,0.1,,0.0,,True
558,CBF,10,1,0.1,,0.0,,True
558,UBCF,10,1,0.1,,0.0,,True
559,CBF,10,4,0.4,38.282865207476085,114.84859562242826,21.63253697404369,True
559,UBCF,10,2,0.2,37.90428148972095,37.90428148972095,18.95215698491864,True
560,CBF,10,3,0.3,10.66612670445373,21.33225340890746,6.855558252398129,True
560,UBCF,10,1,0.1,,0.0,,True
561,CBF,10,2,0.2,27.972552036849212,27.972552036849212,13.986278905543603,True
561,UBCF,10,1,0.1,,0.0,,True
562,CBF,10,1,0.1,,0.0,,True
562,UBCF,10,1,0.1,,0.0,,True
563,CBF,10,1,0.1,,0.0,,True
563,UBCF,10,1,0.1,,0.0,,True
564,CBF,10,2,0.2,39.884336960417365,39.884336960417365,19.94216859195539,True
564,UBCF,10,1,0.1,,0.0,,True
565,CBF,10,3,0.3,31.429643406844413,62.859286813688826,24.100304972323233,True
565,UBCF,10,1,0.1,,0.0,,True
566,CBF,10,2,0.2,39.59342686098516,39.59342686098516,19.79672190853865,True
566,UBCF,10,1,0.1,,0.0,,True
567,CBF,10,1,0.1,,0.0,,True
567,UBCF,10,1,0.1,,0.0,,True
568,CBF,10,1,0.1,,0.0,,True
568,UBCF,10,1,0.1,,0.0,,True
569,CBF,10,4,0.4,21.040532767148616,63.12159830144584,20.485977205069496,True
569,UBCF,10,1,0.1,,0.0,,True
570,CBF,10,1,0.1,,0.0,,True
570,UBCF,10,1,0.1,,0.0,,True
571,CBF,10,1,0.1,,0.0,,True
571,UBCF,10,1,0.1,,0.0,,True
572,CBF,10,1,0.1,,0.0,,True
572,UBCF,10,2,0.2,19.380806902927784,19.380806902927784,9.690404897837317,True
573,CBF,10,3,0.3,25.924591153773754,51.84918230754751,16.53276271173266,True
573,UBCF,10,1,0.1,,0.0,,True
574,CBF,10,1,0.1,,0.0,,True
574,UBCF,10,2,0.2,27.972552036849212,27.972552036849212,13.986278905543603,True
575,CBF,10,2,0.2,29.15869940542207,29.15869940542207,14.579355363761266,True
575,UBCF,10,1,0.1,,0.0,,True
576,CBF,10,1,0.1,,0.0,,True
576,UBCF,10,1,0.1,,0.0,,True
577,CBF,10,1,0.1,,0.0,,True
577,UBCF,10,2,0.2,37.90428148972095,37.90428148972095,18.95215698491864,True
578,CBF,10,1,0.1,,0.0,,True
578,UBCF,10,1,0.1,,0.0,,True
579,CBF,10,2,0.2,43.262588299701214,43.262588299701214,21.631301429361923,True
579,UBCF,10,1,0.1,,0.0,,True
580,CBF,10,4,0.4,29.384465775970067,88.1533973279102,20.806901713499663,True
580,UBCF,10,1,0.1,,0.0,,True
581,CBF,10,2,0.2,18.063673535690604,18.063673535690604,9.031838163077367,True
581,UBCF,10,1,0.1,,0.0,,True
582,CBF,10,1,0.1,,0.0,,True
582,UBCF,10,1,0.1,,0.0,,True
584,CBF,10,2,0.2,32.70568879807172,32.70568879807172,16.352846904750777,True
584,UBCF,10,1,0.1,,0.0,,True
585,CBF,10,3,0.3,51.71236007998358,103.42472015996717,27.314473332598265,True
585,UBCF,10,1,0.1,,0.0,,True
586,CBF,10,1,0.1,,0.0,,True
586,UBCF,10,1,0.1,,0.0,,True
587,CBF,10,2,0.2,32.52874473344892,32.52874473344892,16.264373376438158,True
587,UBCF,10,1,0.1,,0.0,,True
588,CBF,10,2,0.2,16.290572651640527,16.290572651640527,8.145286821625284,True
588,UBCF,10,2,0.2,20.56227028829262,20.56227028829262,10.281135193399617,True
589,CBF,10,3,0.3,39.05328904591443,78.10657809182887,22.70958043158625,True
589,UBCF,10,1,0.1,,0.0,,True
590,CBF,10,2,0.2,43.262588299701214,43.262588299701214,21.631301429361923,True
590,UBCF,10,1,0.1,,0.0,,True
591,CBF,10,2,0.2,39.304889873625584,39.304889873625584,19.65246355239085,True
591,UBCF,10,1,0.1,,0.0,,True
592,CBF,10,2,0.2,27.972552036849212,27.972552036849212,13.986278905543603,True
592,UBCF,10,1,0.1,,0.0,,True
593,CBF,10,2,0.2,1.4317359571066377,1.4317359571066377,0.7158679788583666,True
593,UBCF,10,2,0.2,10.351160117462083,10.351160117462083,5.175580061801435,True
594,CBF,10,2,0.2,1.4317359571066377,1.4317359571066377,0.7158679788583666,True
594,UBCF,10,1,0.1,,0.0,,True
595,CBF,10,2,0.2,1.4317359571066377,1.4317359571066377,0.7158679788583666,True
595,UBCF,10,1,0.1,,0.0,,True
596,CBF,10,2,0.2,33.67692365322722,33.67692365322722,16.838466700408475,True
596,UBCF,10,1,0.1,,0.0,,True
597,CBF,10,1,0.1,,0.0,,True
597,UBCF,10,1,0.1,,0.0,,True
598,CBF,10,1,0.1,,0.0,,True
598,UBCF,10,1,0.1,,0.0,,True
599,CBF,10,2,0.2,43.262588299701214,43.262588299701214,21.631301429361923,True
599,UBCF,10,1,0.1,,0.0,,True
600,CBF,10,2,0.2,31.35401553770087,31.35401553770087,15.677013546193354,True
600,UBCF,10,2,0.2,37.90428148972095,37.90428148972095,18.95215698491864,True
601,CBF,10,1,0.1,,0.0,,True
601,UBCF,10,1,0.1,,0.0,,True
602,CBF,10,2,0.2,18.063673535690604,18.063673535690604,9.031838163077367,True
602,UBCF,10,1,0.1,,0.0,,True
603,CBF,10,1,0.1,,0.0,,True
603,UBCF,10,1,0.1,,0.0,,True
604,CBF,10,2,0.2,24.475756360953795,24.475756360953795,12.237881850962218,True
604,UBCF,10,1,0.1,,0.0,,True
605,CBF,10,3,0.3,8.787898476085292,17.575796952170585,6.855558252398129,True
605,UBCF,10,1,0.1,,0.0,,True
606,CBF,10,1,0.1,,0.0,,True
606,UBCF,10,2,0.2,45.85743379833855,45.85743379833855,22.92871906581808,True
607,CBF,10,1,0.1,,0.0,,True
607,UBCF,10,1,0.1,,0.0,,True
608,CBF,10,2,0.2,39.89544829710059,39.89544829710059,19.947732443611972,True
608,UBCF,10,1,0.1,,0.0,,True
609,CBF,10,2,0.2,46.88442332277071,46.88442332277071,23.44222710486278,True
609,UBCF,10,1,0.1,,0.0,,True
610,CBF,10,1,0.1,,0.0,,True
610,UBCF,10,1,0.1,,0.0,,True
611,CBF,10,1,0.1,,0.0,,True
611,UBCF,10,1,0.1,,0.0,,True
612,CBF,10,2,0.2,1.5156689175409355,1.5156689175409355,0.7578344591212706,True
612,UBCF,10,2,0.2,31.43542951846135,31.43542951846135,15.717719488393843,True
613,CBF,10,2,0.2,7.90812379907292,7.90812379907292,3.954061946399003,True
613,UBCF,10,1,0.1,,0.0,,True
614,CBF,10,2,0.2,1.4317359571066377,1.4317359571066377,0.7158679788583666,True
614,UBCF,10,1,0.1,,0.0,,True
615,CBF,10,2,0.2,1.4317359571066377,1.4317359571066377,0.7158679788583666,True
615,UBCF,10,1,0.1,,0.0,,True
616,CBF,10,2,0.2,39.245429755089575,39.245429755089575,19.622723579412103,True
616,UBCF,10,1,0.1,,0.0,,True
617,CBF,10,1,0.1,,0.0,,True
617,UBCF,10,1,0.1,,0.0,,True
618,CBF,10,2,0.2,19.802199491474596,19.802199491474596,9.901100073718258,True
618,UBCF,10,1,0.1,,0.0,,True
619,CBF,10,3,0.3,38.492635149507564,76.98527029901513,27.140055449550328,True
619,UBCF,10,2,0.2,37.90428148972095,37.90428148972095,18.95215698491864,True
620,CBF,10,1,0.1,,0.0,,True
620,UBCF,10,2,0.2,32.156236140329234,32.156236140329234,16.078123042774006,True
621,CBF,10,1,0.1,,0.0,,True
621,UBCF,10,2,0.2,10.351160117462083,10.351160117462083,5.175580061801435,True
622,CBF,10,1,0.1,,0.0,,True
622,UBCF,10,1,0.1,,0.0,,True
623,CBF,10,1,0.1,,0.0,,True
623,UBCF,10,1,0.1,,0.0,,True
624,CBF,10,1,0.1,,0.0,,True
624,UBCF,10,1,0.1,,0.0,,True
625,CBF,10,1,0.1,,0.0,,True
625,UBCF,10,1,0.1,,0.0,,True
626,CBF,10,4,0.4,22.328899971465518,66.98669991439655,20.997982841365136,True
626,UBCF,10,1,0.1,,0.0,,True
627,CBF,10,2,0.2,2.3181081257908294,2.3181081257908294,1.1590540648649006,True
627,UBCF,10,1,0.1,,0.0,,True
628,CBF,10,1,0.1,,0.0,,True
628,UBCF,10,1,0.1,,0.0,,True
629,CBF,10,3,0.3,16.661937939696955,33.32387587939391,14.670392701795173,True
629,UBCF,10,1,0.1,,0.0,,True
630,CBF,10,2,0.2,28.163648891291636,28.163648891291636,14.081829185081,True
630,UBCF,10,1,0.1,,0.0,,True
631,CBF,10,1,0.1,,0.0,,True
631,UBCF,10,1,0.1,,0.0,,True
632,CBF,10,2,0.2,31.959472788337028,31.959472788337028,15.979740346340005,True
632,UBCF,10,1,0.1,,0.0,,True
633,CBF,10,2,0.2,1.4317359571066377,1.4317359571066377,0.7158679788583666,True
633,UBCF,10,1,0.1,,0.0,,True
634,CBF,10,2,0.2,33.67692365322722,33.67692365322722,16.838466700408475,True
634,UBCF,10,1,0.1,,0.0,,True
635,CBF,10,2,0.2,39.131166621556076,39.131166621556076,19.565591509610922,True
635,UBCF,10,1,0.1,,0.0,,True
636,CBF,10,1,0.1,,0.0,,True
636,UBCF,10,1,0.1,,0.0,,True
637,CBF,10,2,0.2,1.4317359571066377,1.4317359571066377,0.7158679788583666,True
637,UBCF,10,1,0.1,,0.0,,True
638,CBF,10,1,0.1,,0.0,,True
638,UBCF,10,1,0.1,,0.0,,True
639,CBF,10,2,0.2,1.5156689175409355,1.5156689175409355,0.7578344591212706,True
639,UBCF,10,2,0.2,10.351160117462083,10.351160117462083,5.175580061801435,True
640,CBF,10,1,0.1,,0.0,,True
640,UBCF,10,2,0.2,10.351160117462083,10.351160117462083,5.175580061801435,True
641,CBF,10,2,0.2,29.15869940542207,29.15869940542207,14.579355363761266,True
641,UBCF,10,1,0.1,,0.0,,True
642,CBF,10,2,0.2,43.262588299701214,43.262588299701214,21.631301429361923,True
642,UBCF,10,1,0.1,,0.0,,True
643,CBF,10,2,0.2,1.4317359571066377,1.4317359571066377,0.7158679788583666,True
643,UBCF,10,1,0.1,,0.0,,True
644,CBF,10,2,0.2,48.054481419213076,48.054481419213076,24.027240711726357,True
644,UBCF,10,1,0.1,,0.0,,True
645,CBF,10,2,0.2,43.262588299701214,43.262588299701214,21.631301429361923,True
645,UBCF,10,1,0.1,,0.0,,True
646,CBF,10,2,0.2,7.90812379907292,7.90812379907292,3.954061946399003,True
646,UBCF,10,1,0.1,,0.0,,True
647,CBF,10,3,0.3,29.551415178475974,59.10283035695195,23.225886950306606,True
647,UBCF,10,1,0.1,,0.0,,True
648,CBF,10,2,0.2,28.03077951218898,28.03077951218898,14.015393429509704,True
648,UBCF,10,1,0.1,,0.0,,True
649,CBF,10,2,0.2,39.68146350068155,39.68146350068155,19.840734382814126,True
649,UBCF,10,1,0.1,,0.0,,True
650,CBF,10,2,0.2,1.4317359571066377,1.4317359571066377,0.7158679788583666,True
650,UBCF,10,1,0.1,,0.0,,True
651,CBF,10,1,0.1,,0.0,,True
651,UBCF,10,1,0.1,,0.0,,True
652,CBF,10,1,0.1,,0.0,,True
652,UBCF,10,1,0.1,,0.0,,True
653,CBF,10,4,0.4,27.57357023278628,82.72071069835884,26.610099258999334,True
653,UBCF,10,1,0.1,,0.0,,True
654,CBF,10,2,0.2,39.131166621556076,39.131166621556076,19.565591509610922,True
654,UBCF,10,1,0.1,,0.0,,True
655,CBF,10,1,0.1,,0.0,,True
655,UBCF,10,1,0.1,,0.0,,True
656,CBF,10,1,0.1,,0.0,,True
656,UBCF,10,1,0.1,,0.0,,True
657,CBF,10,2,0.2,18.063673535690604,18.063673535690604,9.031838163077367,True
657,UBCF,10,1,0.1,,0.0,,True
658,CBF,10,1,0.1,,0.0,,True
658,UBCF,10,1,0.1,,0.0,,True
659,CBF,10,1,0.1,,0.0,,True
659,UBCF,10,1,0.1,,0.0,,True
660,CBF,10,1,0.1,,0.0,,True
660,UBCF,10,1,0.1,,0.0,,True
661,CBF,10,2,0.2,7.90812379907292,7.90812379907292,3.954061946399003,True
661,UBCF,10,1,0.1,,0.0,,True
662,CBF,10,1,0.1,,0.0,,True
662,UBCF,10,1,0.1,,0.0,,True
663,CBF,10,2,0.2,29.15869940542207,29.15869940542207,14.579355363761266,True
663,UBCF,10,1,0.1,,0.0,,True
664,CBF,10,1,0.1,,0.0,,True
664,UBCF,10,1,0.1,,0.0,,True
665,CBF,10,2,0.2,43.262588299701214,43.262588299701214,21.631301429361923,True
665,UBCF,10,1,0.1,,0.0,,True
666,CBF,10,2,0.2,28.163648891291636,28.163648891291636,14.081829185081,True
666,UBCF,10,1,0.1,,0.0,,True
667,CBF,10,2,0.2,28.163648891291636,28.163648891291636,14.081829185081,True
667,UBCF,10,1,0.1,,0.0,,True
668,CBF,10,1,0.1,,0.0,,True
668,UBCF,10,1,0.1,,0.0,,True
669,CBF,10,2,0.2,1.5431923121318396,1.5431923121318396,0.7715961563145184,True
669,UBCF,10,2,0.2,10.11520514739659,10.11520514739659,5.057602716437146,True
670,CBF,10,4,0.4,38.282865207476085,114.84859562242826,21.63253697404369,True
670,UBCF,10,2,0.2,37.90428148972095,37.90428148972095,18.95215698491864,True
671,CBF,10,4,0.4,22.267102957007964,66.80130887102389,22.047786843926982,True
671,UBCF,10,1,0.1,,0.0,,True
672,CBF,10,2,0.2,20.284388156448134,20.284388156448134,10.142196458657729,True
672,UBCF,10,1,0.1,,0.0,,True
673,CBF,10,1,0.1,,0.0,,True
673,UBCF,10,1,0.1,,0.0,,True
674,CBF,10,2,0.2,27.62510581657787,27.62510581657787,13.812557272157129,True
674,UBCF,10,1,0.1,,0.0,,True
675,CBF,10,1,0.1,,0.0,,True
675,UBCF,10,1,0.1,,0.0,,True
676,CBF,10,2,0.2,1.4317359571066377,1.4317359571066377,0.7158679788583666,True
676,UBCF,10,1,0.1,,0.0,,True
677,CBF,10,2,0.2,1.5431923121318396,1.5431923121318396,0.7715961563145184,True
677,UBCF,10,1,0.1,,0.0,,True
678,CBF,10,2,0.2,43.262588299701214,43.262588299701214,21.631301429361923,True
678,UBCF,10,2,0.2,37.90428148972095,37.90428148972095,18.95215698491864,True
680,CBF,10,1,0.1,,0.0,,True
680,UBCF,10,1,0.1,,0.0,,True
681,CBF,10,1,0.1,,0.0,,True
681,UBCF,10,1,0.1,,0.0,,True
682,CBF,10,2,0.2,1.4317359571066377,1.4317359571066377,0.7158679788583666,True
682,UBCF,10,1,0.1,,0.0,,True
683,CBF,10,1,0.1,,0.0,,True
683,UBCF,10,2,0.2,18.520770095129077,18.520770095129077,9.260386933619406,True
684,CBF,10,4,0.4,6.689877204399944,20.06963161319983,7.5082192704521535,True
684,UBCF,10,1,0.1,,0.0,,True
685,CBF,10,1,0.1,,0.0,,True
685,UBCF,10,1,0.1,,0.0,,True
686,CBF,10,2,0.2,18.063673535690604,18.063673535690604,9.031838163077367,True
686,UBCF,10,1,0.1,,0.0,,True
687,CBF,10,2,0.2,27.972552036849212,27.972552036849212,13.986278905543603,True
687,UBCF,10,2,0.2,11.749728398231753,11.749728398231753,5.874864397864018,True
688,CBF,10,1,0.1,,0.0,,True
688,UBCF,10,2,0.2,20.56227028829262,20.56227028829262,10.281135193399617,True
689,CBF,10,2,0.2,27.972552036849212,27.972552036849212,13.986278905543603,True
689,UBCF,10,1,0.1,,0.0,,True
690,CBF,10,2,0.2,1.4317359571066377,1.4317359571066377,0.7158679788583666,True
690,UBCF,10,1,0.1,,0.0,,True
691,CBF,10,2,0.2,33.67692365322722,33.67692365322722,16.838466700408475,True
691,UBCF,10,1,0.1,,0.0,,True
692,CBF,10,2,0.2,39.884336960417365,39.884336960417365,19.94216859195539,True
692,UBCF,10,1,0.1,,0.0,,True
693,CBF,10,2,0.2,43.262588299701214,43.262588299701214,21.631301429361923,True
693,UBCF,10,1,0.1,,0.0,,True
694,CBF,10,1,0.1,,0.0,,True
694,UBCF,10,1,0.1,,0.0,,True
695,CBF,10,2,0.2,33.67692365322722,33.67692365322722,16.838466700408475,True
695,UBCF,10,2,0.2,10.351160117462083,10.351160117462083,5.175580061801435,True
696,CBF,10,1,0.1,,0.0,,True
696,UBCF,10,1,0.1,,0.0,,True
697,CBF,10,1,0.1,,0.0,,True
697,UBCF,10,1,0.1,,0.0,,True
698,CBF,10,2,0.2,43.50817815473331,43.50817815473331,21.754100831478382,True
698,UBCF,10,1,0.1,,0.0,,True
699,CBF,10,2,0.2,39.89544829710059,39.89544829710059,19.947732443611972,True
699,UBCF,10,1,0.1,,0.0,,True
700,CBF,10,3,0.3,31.429643406844413,62.859286813688826,24.100304972323233,True
700,UBCF,10,2,0.2,37.90428148972095,37.90428148972095,18.95215698491864,True
701,CBF,10,2,0.2,28.163648891291636,28.163648891291636,14.081829185081,True
701,UBCF,10,2,0.2,37.90428148972095,37.90428148972095,18.95215698491864,True
702,CBF,10,4,0.4,2.542841571952797,7.62852471585839,2.051477777890842,True
702,UBCF,10,1,0.1,,0.0,,True
703,CBF,10,1,0.1,,0.0,,True
703,UBCF,10,2,0.2,37.90428148972095,37.90428148972095,18.95215698491864,True
704,CBF,10,1,0.1,,0.0,,True
704,UBCF,10,1,0.1,,0.0,,True
705,CBF,10,2,0.2,29.15869940542207,29.15869940542207,14.579355363761266,True
705,UBCF,10,1,0.1,,0.0,,True
706,CBF,10,1,0.1,,0.0,,True
706,UBCF,10,1,0.1,,0.0,,True
707,CBF,10,2,0.2,32.52874473344892,32.52874473344892,16.264373376438158,True
707,UBCF,10,1,0.1,,0.0,,True
708,CBF,10,1,0.1,,0.0,,True
708,UBCF,10,2,0.2,37.716643134514264,37.716643134514264,18.8583301894921,True
709,CBF,10,1,0.1,,0.0,,True
709,UBCF,10,1,0.1,,0.0,,True
710,CBF,10,1,0.1,,0.0,,True
710,UBCF,10,1,0.1,,0.0,,True
711,CBF,10,2,0.2,27.972552036849212,27.972552036849212,13.986278905543603,True
711,UBCF,10,1,0.1,,0.0,,True
712,CBF,10,2,0.2,39.68146350068155,39.68146350068155,19.840734382814126,True
712,UBCF,10,1,0.1,,0.0,,True
713,CBF,10,1,0.1,,0.0,,True
713,UBCF,10,1,0.1,,0.0,,True
714,CBF,10,2,0.2,8.966796178516137,8.966796178516137,4.483398160676603,True
714,UBCF,10,1,0.1,,0.0,,True
715,CBF,10,1,0.1,,0.0,,True
715,UBCF,10,1,0.1,,0.0,,True
716,CBF,10,1,0.1,,0.0,,True
716,UBCF,10,1,0.1,,0.0,,True
717,CBF,10,1,0.1,,0.0,,True
717,UBCF,10,1,0.1,,0.0,,True
718,CBF,10,2,0.2,27.972552036849212,27.972552036849212,13.986278905543603,True
718,UBCF,10,2,0.2,27.972552036849212,27.972552036849212,13.986278905543603,True
719,CBF,10,2,0.2,38.54334327738816,38.54334327738816,19.27168404100997,True
719,UBCF,10,1,0.1,,0.0,,True
720,CBF,10,4,0.4,26.43629917081319,79.30889751243957,20.91186791301194,True
720,UBCF,10,1,0.1,,0.0,,True
721,CBF,10,1,0.1,,0.0,,True
721,UBCF,10,1,0.1,,0.0,,True
722,CBF,10,1,0.1,,0.0,,True
722,UBCF,10,1,0.1,,0.0,,True
723,CBF,10,1,0.1,,0.0,,True
723,UBCF,10,1,0.1,,0.0,,True
724,CBF,10,2,0.2,47.42548488878177,47.42548488878177,23.712758341755357,True
724,UBCF,10,1,0.1,,0.0,,True
725,CBF,10,1,0.1,,0.0,,True
725,UBCF,10,1,0.1,,0.0,,True
726,CBF,10,1,0.1,,0.0,,True
726,UBCF,10,1,0.1,,0.0,,True
727,CBF,10,2,0.2,43.262588299701214,43.262588299701214,21.631301429361923,True
727,UBCF,10,1,0.1,,0.0,,True
728,CBF,10,2,0.2,28.163648891291636,28.163648891291636,14.081829185081,True
728,UBCF,10,1,0.1,,0.0,,True
729,CBF,10,2,0.2,43.262588299701214,43.262588299701214,21.631301429361923,True
729,UBCF,10,1,0.1,,0.0,,True
730,CBF,10,2,0.2,20.357530189223063,20.357530189223063,10.178765101099387,True
730,UBCF,10,1,0.1,,0.0,,True
731,CBF,10,2,0.2,27.972552036849212,27.972552036849212,13.986278905543603,True
731,UBCF,10,2,0.2,10.351160117462083,10.351160117462083,5.175580061801435,True
732,CBF,10,2,0.2,47.42548488878177,47.42548488878177,23.712758341755357,True
732,UBCF,10,1,0.1,,0.0,,True
733,CBF,10,2,0.2,43.262588299701214,43.262588299701214,21.631301429361923,True
733,UBCF,10,1,0.1,,0.0,,True
734,CBF,10,1,0.1,,0.0,,True
734,UBCF,10,1,0.1,,0.0,,True
735,CBF,10,2,0.2,1.4317359571066377,1.4317359571066377,0.7158679788583666,True
735,UBCF,10,1,0.1,,0.0,,True
736,CBF,10,1,0.1,,0.0,,True
736,UBCF,10,1,0.1,,0.0,,True
737,CBF,10,3,0.3,45.2629585527609,90.5259171055218,28.74376230340718,True
737,UBCF,10,1,0.1,,0.0,,True
738,CBF,10,2,0.2,1.4317359571066377,1.4317359571066377,0.7158679788583666,True
738,UBCF,10,2,0.2,37.90428148972095,37.90428148972095,18.95215698491864,True
739,CBF,10,1,0.1,,0.0,,True
739,UBCF,10,2,0.2,27.972552036849212,27.972552036849212,13.986278905543603,True
740,CBF,10,1,0.1,,0.0,,True
740,UBCF,10,1,0.1,,0.0,,True
741,CBF,10,1,0.1,,0.0,,True
741,UBCF,10,1,0.1,,0.0,,True
742,CBF,10,2,0.2,1.4317359571066377,1.4317359571066377,0.7158679788583666,True
742,UBCF,10,1,0.1,,0.0,,True
743,CBF,10,1,0.1,,0.0,,True
743,UBCF,10,1,0.1,,0.0,,True
744,CBF,10,1,0.1,,0.0,,True
744,UBCF,10,1,0.1,,0.0,,True
745,CBF,10,2,0.2,1.5156689175409355,1.5156689175409355,0.7578344591212706,True
745,UBCF,10,2,0.2,37.716643134514264,37.716643134514264,18.8583301894921,True
746,CBF,10,2,0.2,27.972552036849212,27.972552036849212,13.986278905543603,True
746,UBCF,10,1,0.1,,0.0,,True
747,CBF,10,1,0.1,,0.0,,True
747,UBCF,10,2,0.2,20.56227028829262,20.56227028829262,10.281135193399617,True
748,CBF,10,1,0.1,,0.0,,True
748,UBCF,10,2,0.2,19.380806902927784,19.380806902927784,9.690404897837317,True
749,CBF,10,2,0.2,27.972552036849212,27.972552036849212,13.986278905543603,True
749,UBCF,10,2,0.2,19.380806902927784,19.380806902927784,9.690404897837317,True
750,CBF,10,4,0.4,26.7243388864777,80.1730166594331,20.997982841365136,True
750,UBCF,10,2,0.2,37.90428148972095,37.90428148972095,18.95215698491864,True
751,CBF,10,1,0.1,,0.0,,True
751,UBCF,10,1,0.1,,0.0,,True
752,CBF,10,2,0.2,33.67692365322722,33.67692365322722,16.838466700408475,True
752,UBCF,10,1,0.1,,0.0,,True
753,CBF,10,2,0.2,27.49856335510271,27.49856335510271,13.749286073593973,True
753,UBCF,10,1,0.1,,0.0,,True
754,CBF,10,1,0.1,,0.0,,True
754,UBCF,10,1,0.1,,0.0,,True
756,CBF,10,2,0.2,27.972552036849212,27.972552036849212,13.986278905543603,True
756,UBCF,10,2,0.2,37.90428148972095,37.90428148972095,18.95215698491864,True
757,CBF,10,1,0.1,,0.0,,True
757,UBCF,10,1,0.1,,0.0,,True
758,CBF,10,3,0.3,47.745311562003025,95.49062312400605,23.427638132482766,True
758,UBCF,10,1,0.1,,0.0,,True
759,CBF,10,1,0.1,,0.0,,True
759,UBCF,10,1,0.1,,0.0,,True
760,CBF,10,1,0.1,,0.0,,True
760,UBCF,10,1,0.1,,0.0,,True
761,CBF,10,2,0.2,39.89544829710059,39.89544829710059,19.947732443611972,True
761,UBCF,10,1,0.1,,0.0,,True
762,CBF,10,2,0.2,33.67692365322722,33.67692365322722,16.838466700408475,True
762,UBCF,10,1,0.1,,0.0,,True
763,CBF,10,1,0.1,,0.0,,True
763,UBCF,10,2,0.2,32.52874473344892,32.52874473344892,16.264373376438158,True
764,CBF,10,4,0.4,26.7243388864777,80.1730166594331,20.997982841365136,True
764,UBCF,10,1,0.1,,0.0,,True
765,CBF,10,3,0.3,39.05328904591443,78.10657809182887,22.70958043158625,True
765,UBCF,10,1,0.1,,0.0,,True
766,CBF,10,4,0.4,38.282865207476085,114.84859562242826,21.63253697404369,True
766,UBCF,10,1,0.1,,0.0,,True
767,CBF,10,2,0.2,39.884336960417365,39.884336960417365,19.94216859195539,True
767,UBCF,10,2,0.2,37.90428148972095,37.90428148972095,18.95215698491864,True
768,CBF,10,2,0.2,27.972552036849212,27.972552036849212,13.986278905543603,True
768,UBCF,10,1,0.1,,0.0,,True
769,CBF,10,1,0.1,,0.0,,True
769,UBCF,10,1,0.1,,0.0,,True
770,CBF,10,2,0.2,24.475756360953795,24.475756360953795,12.237881850962218,True
770,UBCF,10,1,0.1,,0.0,,True
771,CBF,10,2,0.2,43.262588299701214,43.262588299701214,21.631301429361923,True
771,UBCF,10,1,0.1,,0.0,,True
772,CBF,10,2,0.2,8.966796178516137,8.966796178516137,4.483398160676603,True
772,UBCF,10,2,0.2,37.90428148972095,37.90428148972095,18.95215698491864,True
773,CBF,10,2,0.2,43.50817815473331,43.50817815473331,21.754100831478382,True
773,UBCF,10,1,0.1,,0.0,,True
774,CBF,10,1,0.1,,0.0,,True
774,UBCF,10,1,0.1,,0.0,,True
775,CBF,10,2,0.2,28.163648891291636,28.163648891291636,14.081829185081,True
775,UBCF,10,1,0.1,,0.0,,True
776,CBF,10,2,0.2,17.82423193742532,17.82423193742532,8.912116066560213,True
776,UBCF,10,1,0.1,,0.0,,True
777,CBF,10,1,0.1,,0.0,,True
777,UBCF,10,1,0.1,,0.0,,True
778,CBF,10,1,0.1,,0.0,,True
778,UBCF,10,1,0.1,,0.0,,True
779,CBF,10,2,0.2,11.757678681644178,11.757678681644178,5.8788398614513016,True
779,UBCF,10,1,0.1,,0.0,,True
780,CBF,10,1,0.1,,0.0,,True
780,UBCF,10,1,0.1,,0.0,,True
781,CBF,10,1,0.1,,0.0,,True
781,UBCF,10,1,0.1,,0.0,,True
782,CBF,10,2,0.2,1.4317359571066377,1.4317359571066377,0.7158679788583666,True
782,UBCF,10,1,0.1,,0.0,,True
783,CBF,10,2,0.2,27.972552036849212,27.972552036849212,13.986278905543603,True
783,UBCF,10,1,0.1,,0.0,,True
784,CBF,10,1,0.1,,0.0,,True
784,UBCF,10,2,0.2,37.90428148972095,37.90428148972095,18.95215698491864,True
785,CBF,10,2,0.2,42.58985072810587,42.58985072810587,21.294941911813737,True
785,UBCF,10,1,0.1,,0.0,,True
786,CBF,10,1,0.1,,0.0,,True
786,UBCF,10,1,0.1,,0.0,,True
787,CBF,10,2,0.2,19.802199491474596,19.802199491474596,9.901100073718258,True
787,UBCF,10,2,0.2,19.380806902927784,19.380806902927784,9.690404897837317,True
788,CBF,10,2,0.2,39.89544829710059,39.89544829710059,19.947732443611972,True
788,UBCF,10,1,0.1,,0.0,,True
789,CBF,10,2,0.2,32.70568879807172,32.70568879807172,16.352846904750777,True
789,UBCF,10,1,0.1,,0.0,,True
790,CBF,10,1,0.1,,0.0,,True
790,UBCF,10,1,0.1,,0.0,,True
791,CBF,10,1,0.1,,0.0,,True
791,UBCF,10,1,0.1,,0.0,,True
792,CBF,10,2,0.2,43.262588299701214,43.262588299701214,21.631301429361923,True
792,UBCF,10,1,0.1,,0.0,,True
793,CBF,10,4,0.4,23.294932491716395,69.88479747514918,22.047786843926982,True
793,UBCF,10,1,0.1,,0.0,,True
794,CBF,10,1,0.1,,0.0,,True
794,UBCF,10,1,0.1,,0.0,,True
795,CBF,10,3,0.3,34.35278159749139,68.70556319498279,24.27026142160793,True
795,UBCF,10,1,0.1,,0.0,,True
796,CBF,10,1,0.1,,0.0,,True
796,UBCF,10,1,0.1,,0.0,,True
797,CBF,10,2,0.2,1.4317359571066377,1.4317359571066377,0.7158679788583666,True
797,UBCF,10,1,0.1,,0.0,,True
798,CBF,10,3,0.3,46.391897658889384,92.78379531777877,28.335316861706,True
798,UBCF,10,1,0.1,,0.0,,True
799,CBF,10,1,0.1,,0.0,,True
799,UBCF,10,2,0.2,33.307372647861015,33.307372647861015,16.653688974915404,True
800,CBF,10,1,0.1,,0.0,,True
800,UBCF,10,1,0.1,,0.0,,True
801,CBF,10,3,0.3,29.741831496078074,59.48366299215615,22.03639370655,True
801,UBCF,10,1,0.1,,0.0,,True
802,CBF,10,2,0.2,1.5431923121318396,1.5431923121318396,0.7715961563145184,True
802,UBCF,10,1,0.1,,0.0,,True
803,CBF,10,2,0.2,1.4317359571066377,1.4317359571066377,0.7158679788583666,True
803,UBCF,10,2,0.2,19.380806902927784,19.380806902927784,9.690404897837317,True
804,CBF,10,2,0.2,39.68146350068155,39.68146350068155,19.840734382814126,True
804,UBCF,10,1,0.1,,0.0,,True
805,CBF,10,2,0.2,17.82423193742532,17.82423193742532,8.912116066560213,True
805,UBCF,10,1,0.1,,0.0,,True
806,CBF,10,2,0.2,2.3181081257908294,2.3181081257908294,1.1590540648649006,True
806,UBCF,10,1,0.1,,0.0,,True
807,CBF,10,1,0.1,,0.0,,True
807,UBCF,10,1,0.1,,0.0,,True
808,CBF,10,2,0.2,1.4317359571066377,1.4317359571066377,0.7158679788583666,True
808,UBCF,10,1,0.1,,0.0,,True
809,CBF,10,1,0.1,,0.0,,True
809,UBCF,10,1,0.1,,0.0,,True
810,CBF,10,2,0.2,28.163648891291636,28.163648891291636,14.081829185081,True
810,UBCF,10,1,0.1,,0.0,,True
811,CBF,10,1,0.1,,0.0,,True
811,UBCF,10,1,0.1,,0.0,,True
812,CBF,10,1,0.1,,0.0,,True
812,UBCF,10,2,0.2,27.972552036849212,27.972552036849212,13.986278905543603,True
813,CBF,10,1,0.1,,0.0,,True
813,UBCF,10,1,0.1,,0.0,,True
814,CBF,10,1,0.1,,0.0,,True
814,UBCF,10,1,0.1,,0.0,,True
815,CBF,10,2,0.2,1.4317359571066377,1.4317359571066377,0.7158679788583666,True
815,UBCF,10,1,0.1,,0.0,,True
816,CBF,10,1,0.1,,0.0,,True
816,UBCF,10,1,0.1,,0.0,,True
817,CBF,10,1,0.1,,0.0,,True
817,UBCF,10,1,0.1,,0.0,,True
818,CBF,10,3,0.3,19.86916854607542,39.73833709215084,13.812411814634183,True
818,UBCF,10,1,0.1,,0.0,,True
819,CBF,10,4,0.4,23.048621215597876,69.14586364679363,21.993048332254272,True
819,UBCF,10,1,0.1,,0.0,,True
820,CBF,10,2,0.2,1.4317359571066377,1.4317359571066377,0.7158679788583666,True
820,UBCF,10,1,0.1,,0.0,,True
821,CBF,10,1,0.1,,0.0,,True
821,UBCF,10,2,0.2,43.06789496829618,43.06789496829618,21.53394824722954,True
822,CBF,10,1,0.1,,0.0,,True
822,UBCF,10,2,0.2,37.90428148972095,37.90428148972095,18.95215698491864,True
823,CBF,10,1,0.1,,0.0,,True
823,UBCF,10,1,0.1,,0.0,,True
824,CBF,10,1,0.1,,0.0,,True
824,UBCF,10,2,0.2,27.972552036849212,27.972552036849212,13.986278905543603,True
825,CBF,10,1,0.1,,0.0,,True
825,UBCF,10,1,0.1,,0.0,,True
826,CBF,10,1,0.1,,0.0,,True
826,UBCF,10,2,0.2,10.351160117462083,10.351160117462083,5.175580061801435,True
827,CBF,10,2,0.2,28.163648891291636,28.163648891291636,14.081829185081,True
827,UBCF,10,1,0.1,,0.0,,True
828,CBF,10,2,0.2,39.131166621556076,39.131166621556076,19.565591509610922,True
828,UBCF,10,2,0.2,19.380806902927784,19.380806902927784,9.690404897837317,True
829,CBF,10,2,0.2,27.972552036849212,27.972552036849212,13.986278905543603,True
829,UBCF,10,1,0.1,,0.0,,True
830,CBF,10,1,0.1,,0.0,,True
830,UBCF,10,1,0.1,,0.0,,True
831,CBF,10,2,0.2,2.5420414357668193,2.5420414357668193,1.271020718894901,True
831,UBCF,10,1,0.1,,0.0,,True
832,CBF,10,3,0.3,36.01495180206175,72.0299036041235,23.225886950306606,True
832,UBCF,10,1,0.1,,0.0,,True
833,CBF,10,1,0.1,,0.0,,True
833,UBCF,10,1,0.1,,0.0,,True
834,CBF,10,1,0.1,,0.0,,True
834,UBCF,10,1,0.1,,0.0,,True
835,CBF,10,3,0.3,39.58077962378413,79.16155924756826,27.589216415519036,True
835,UBCF,10,1,0.1,,0.0,,True
836,CBF,10,1,0.1,,0.0,,True
836,UBCF,10,2,0.2,10.351160117462083,10.351160117462083,5.175580061801435,True
837,CBF,10,1,0.1,,0.0,,True
837,UBCF,10,1,0.1,,0.0,,True
838,CBF,10,1,0.1,,0.0,,True
838,UBCF,10,1,0.1,,0.0,,True
839,CBF,10,2,0.2,33.85474968413719,33.85474968413719,16.92737540235248,True
839,UBCF,10,1,0.1,,0.0,,True
840,CBF,10,1,0.1,,0.0,,True
840,UBCF,10,1,0.1,,0.0,,True
841,CBF,10,4,0.4,24.8220508946236,74.4661526838708,20.928937461512064,True
841,UBCF,10,1,0.1,,0.0,,True
842,CBF,10,2,0.2,43.262588299701214,43.262588299701214,21.631301429361923,True
842,UBCF,10,1,0.1,,0.0,,True
843,CBF,10,1,0.1,,0.0,,True
843,UBCF,10,1,0.1,,0.0,,True
844,CBF,10,2,0.2,1.4317359571066377,1.4317359571066377,0.7158679788583666,True
844,UBCF,10,1,0.1,,0.0,,True
845,CBF,10,1,0.1,,0.0,,True
845,UBCF,10,1,0.1,,0.0,,True
846,CBF,10,1,0.1,,0.0,,True
846,UBCF,10,1,0.1,,0.0,,True
847,CBF,10,2,0.2,1.4520848238930628,1.4520848238930628,0.7260424121934375,True
847,UBCF,10,1,0.1,,0.0,,True
848,CBF,10,1,0.1,,0.0,,True
848,UBCF,10,1,0.1,,0.0,,True
849,CBF,10,2,0.2,39.89544829710059,39.89544829710059,19.947732443611972,True
849,UBCF,10,1,0.1,,0.0,,True
850,CBF,10,1,0.1,,0.0,,True
850,UBCF,10,1,0.1,,0.0,,True
851,CBF,10,2,0.2,27.972552036849212,27.972552036849212,13.986278905543603,True
851,UBCF,10,1,0.1,,0.0,,True
852,CBF,10,2,0.2,35.047699610959974,35.047699610959974,17.52385828960975,True
852,UBCF,10,2,0.2,10.351160117462083,10.351160117462083,5.175580061801435,True
853,CBF,10,1,0.1,,0.0,,True
853,UBCF,10,2,0.2,27.972552036849212,27.972552036849212,13.986278905543603,True
854,CBF,10,2,0.2,1.5156689175409355,1.5156689175409355,0.7578344591212706,True
854,UBCF,10,1,0.1,,0.0,,True
856,CBF,10,2,0.2,39.131166621556076,39.131166621556076,19.565591509610922,True
856,UBCF,10,1,0.1,,0.0,,True
857,CBF,10,2,0.2,38.97541147027279,38.97541147027279,19.487708880396617,True
857,UBCF,10,1,0.1,,0.0,,True
858,CBF,10,2,0.2,1.4520848238930628,1.4520848238930628,0.7260424121934375,True
858,UBCF,10,1,0.1,,0.0,,True
859,CBF,10,2,0.2,27.972552036849212,27.972552036849212,13.986278905543603,True
859,UBCF,10,2,0.2,19.380806902927784,19.380806902927784,9.690404897837317,True
860,CBF,10,3,0.3,20.70131197994607,41.40262395989214,13.984483048124067,True
860,UBCF,10,1,0.1,,0.0,,True
861,CBF,10,1,0.1,,0.0,,True
861,UBCF,10,1,0.1,,0.0,,True
862,CBF,10,4,0.4,22.328899971465518,66.98669991439655,20.997982841365136,True
862,UBCF,10,1,0.1,,0.0,,True
863,CBF,10,2,0.2,47.42548488878177,47.42548488878177,23.712758341755357,True
863,UBCF,10,1,0.1,,0.0,,True
864,CBF,10,1,0.1,,0.0,,True
864,UBCF,10,1,0.1,,0.0,,True
865,CBF,10,1,0.1,,0.0,,True
865,UBCF,10,1,0.1,,0.0,,True
866,CBF,10,2,0.2,28.163648891291636,28.163648891291636,14.081829185081,True
866,UBCF,10,1,0.1,,0.0,,True
867,CBF,10,2,0.2,1.4317359571066377,1.4317359571066377,0.7158679788583666,True
867,UBCF,10,1,0.1,,0.0,,True
868,CBF,10,2,0.2,28.163648891291636,28.163648891291636,14.081829185081,True
868,UBCF,10,2,0.2,6.324005324956843,6.324005324956843,3.162002681399092,True
869,CBF,10,3,0.3,46.391897658889384,92.78379531777877,28.335316861706,True
869,UBCF,10,1,0.1,,0.0,,True
870,CBF,10,3,0.3,16.00286294846914,32.00572589693828,12.498526438558054,True
870,UBCF,10,1,0.1,,0.0,,True
871,CBF,10,2,0.2,28.163648891291636,28.163648891291636,14.081829185081,True
871,UBCF,10,1,0.1,,0.0,,True
872,CBF,10,2,0.2,15.331600980045696,15.331600980045696,7.665801087987717,True
872,UBCF,10,1,0.1,,0.0,,True
873,CBF,10,2,0.2,43.262588299701214,43.262588299701214,21.631301429361923,True
873,UBCF,10,1,0.1,,0.0,,True
874,CBF,10,2,0.2,18.063673535690604,18.063673535690604,9.031838163077367,True
874,UBCF,10,2,0.2,37.90428148972095,37.90428148972095,18.95215698491864,True
875,CBF,10,1,0.1,,0.0,,True
875,UBCF,10,1,0.1,,0.0,,True
876,CBF,10,1,0.1,,0.0,,True
876,UBCF,10,2,0.2,28.023986357443068,28.023986357443068,14.01199605679436,True
877,CBF,10,2,0.2,1.5156689175409355,1.5156689175409355,0.7578344591212706,True
877,UBCF,10,1,0.1,,0.0,,True
879,CBF,10,1,0.1,,0.0,,True
879,UBCF,10,1,0.1,,0.0,,True
880,CBF,10,2,0.2,33.307372647861015,33.307372647861015,16.653688974915404,True
880,UBCF,10,1,0.1,,0.0,,True
881,CBF,10,2,0.2,27.972552036849212,27.972552036849212,13.986278905543603,True
881,UBCF,10,1,0.1,,0.0,,True
882,CBF,10,2,0.2,38.97541147027279,38.97541147027279,19.487708880396617,True
882,UBCF,10,1,0.1,,0.0,,True
883,CBF,10,1,0.1,,0.0,,True
883,UBCF,10,1,0.1,,0.0,,True
884,CBF,10,2,0.2,1.5431923121318396,1.5431923121318396,0.7715961563145184,True
884,UBCF,10,1,0.1,,0.0,,True
885,CBF,10,1,0.1,,0.0,,True
885,UBCF,10,2,0.2,37.90428148972095,37.90428148972095,18.95215698491864,True
886,CBF,10,1,0.1,,0.0,,True
886,UBCF,10,2,0.2,31.43542951846135,31.43542951846135,15.717719488393843,True
887,CBF,10,1,0.1,,0.0,,True
887,UBCF,10,2,0.2,20.56227028829262,20.56227028829262,10.281135193399617,True
888,CBF,10,1,0.1,,0.0,,True
888,UBCF,10,1,0.1,,0.0,,True
889,CBF,10,2,0.2,39.131166621556076,39.131166621556076,19.565591509610922,True
889,UBCF,10,2,0.2,49.275736069938816,49.275736069938816,24.637873287036427,True
890,CBF,10,2,0.2,33.85474968413719,33.85474968413719,16.92737540235248,True
890,UBCF,10,1,0.1,,0.0,,True
891,CBF,10,1,0.1,,0.0,,True
891,UBCF,10,1,0.1,,0.0,,True
892,CBF,10,2,0.2,1.4317359571066377,1.4317359571066377,0.7158679788583666,True
892,UBCF,10,1,0.1,,0.0,,True
893,CBF,10,2,0.2,43.262588299701214,43.262588299701214,21.631301429361923,True
893,UBCF,10,1,0.1,,0.0,,True
894,CBF,10,2,0.2,11.14036007934198,11.14036007934198,5.570180220059888,True
894,UBCF,10,1,0.1,,0.0,,True
895,CBF,10,3,0.3,16.661937939696955,33.32387587939391,14.670392701795173,True
895,UBCF,10,1,0.1,,0.0,,True
896,CBF,10,2,0.2,1.4317359571066377,1.4317359571066377,0.7158679788583666,True
896,UBCF,10,1,0.1,,0.0,,True
897,CBF,10,1,0.1,,0.0,,True
897,UBCF,10,1,0.1,,0.0,,True
899,CBF,10,2,0.2,27.972552036849212,27.972552036849212,13.986278905543603,True
899,UBCF,10,1,0.1,,0.0,,True
900,CBF,10,2,0.2,1.5431923121318396,1.5431923121318396,0.7715961563145184,True
900,UBCF,10,1,0.1,,0.0,,True
901,CBF,10,2,0.2,1.5156689175409355,1.5156689175409355,0.7578344591212706,True
901,UBCF,10,1,0.1,,0.0,,True
902,CBF,10,1,0.1,,0.0,,True
902,UBCF,10,2,0.2,37.90428148972095,37.90428148972095,18.95215698491864,True
903,CBF,10,1,0.1,,0.0,,True
903,UBCF,10,2,0.2,19.380806902927784,19.380806902927784,9.690404897837317,True
904,CBF,10,2,0.2,27.972552036849212,27.972552036849212,13.986278905543603,True
904,UBCF,10,1,0.1,,0.0,,True
905,CBF,10,4,0.4,30.345555923302864,91.03666776990859,25.772963808258666,True
905,UBCF,10,1,0.1,,0.0,,True
906,CBF,10,2,0.2,47.42548488878177,47.42548488878177,23.712758341755357,True
906,UBCF,10,2,0.2,37.90428148972095,37.90428148972095,18.95215698491864,True
907,CBF,10,2,0.2,27.972552036849212,27.972552036849212,13.986278905543603,True
907,UBCF,10,1,0.1,,0.0,,True
908,CBF,10,2,0.2,19.802199491474596,19.802199491474596,9.901100073718258,True
908,UBCF,10,1,0.1,,0.0,,True
909,CBF,10,3,0.3,31.429643406844413,62.859286813688826,24.100304972323233,True
909,UBCF,10,1,0.1,,0.0,,True
910,CBF,10,2,0.2,39.245429755089575,39.245429755089575,19.622723579412103,True
910,UBCF,10,2,0.2,37.90428148972095,37.90428148972095,18.95215698491864,True
911,CBF,10,2,0.2,2.3181081257908294,2.3181081257908294,1.1590540648649006,True
911,UBCF,10,2,0.2,19.380806902927784,19.380806902927784,9.690404897837317,True
912,CBF,10,2,0.2,43.262588299701214,43.262588299701214,21.631301429361923,True
912,UBCF,10,1,0.1,,0.0,,True
913,CBF,10,2,0.2,47.42548488878177,47.42548488878177,23.712758341755357,True
913,UBCF,10,1,0.1,,0.0,,True
914,CBF,10,1,0.1,,0.0,,True
914,UBCF,10,2,0.2,20.56227028829262,20.56227028829262,10.281135193399617,True
915,CBF,10,2,0.2,39.884336960417365,39.884336960417365,19.94216859195539,True
915,UBCF,10,1,0.1,,0.0,,True
916,CBF,10,1,0.1,,0.0,,True
916,UBCF,10,1,0.1,,0.0,,True
917,CBF,10,1,0.1,,0.0,,True
917,UBCF,10,1,0.1,,0.0,,True
918,CBF,10,1,0.1,,0.0,,True
918,UBCF,10,1,0.1,,0.0,,True
919,CBF,10,2,0.2,16.290572651640527,16.290572651640527,8.145286821625284,True
919,UBCF,10,1,0.1,,0.0,,True
920,CBF,10,4,0.4,26.7243388864777,80.1730166594331,20.997982841365136,True
920,UBCF,10,1,0.1,,0.0,,True
921,CBF,10,3,0.3,16.661937939696955,33.32387587939391,14.670392701795173,True
921,UBCF,10,1,0.1,,0.0,,True
922,CBF,10,1,0.1,,0.0,,True
922,UBCF,10,1,0.1,,0.0,,True
923,CBF,10,2,0.2,47.2904786604151,47.2904786604151,23.645251826609766,True
923,UBCF,10,1,0.1,,0.0,,True
924,CBF,10,2,0.2,29.15869940542207,29.15869940542207,14.579355363761266,True
924,UBCF,10,1,0.1,,0.0,,True
925,CBF,10,1,0.1,,0.0,,True
925,UBCF,10,1,0.1,,0.0,,True
926,CBF,10,4,0.4,24.553206372719742,73.65961911815923,18.85836389334606,True
926,UBCF,10,1,0.1,,0.0,,True
927,CBF,10,2,0.2,8.966796178516137,8.966796178516137,4.483398160676603,True
927,UBCF,10,1,0.1,,0.0,,True
928,CBF,10,1,0.1,,0.0,,True
928,UBCF,10,1,0.1,,0.0,,True
929,CBF,10,4,0.4,26.7243388864777,80.1730166594331,20.997982841365136,True
929,UBCF,10,1,0.1,,0.0,,True
930,CBF,10,1,0.1,,0.0,,True
930,UBCF,10,1,0.1,,0.0,,True
931,CBF,10,1,0.1,,0.0,,True
931,UBCF,10,2,0.2,20.56227028829262,20.56227028829262,10.281135193399617,True
932,CBF,10,2,0.2,32.7286703525286,32.7286703525286,16.364335199046813,True
932,UBCF,10,1,0.1,,0.0,,True
933,CBF,10,3,0.3,31.429643406844413,62.859286813688826,24.100304972323233,True
933,UBCF,10,1,0.1,,0.0,,True
934,CBF,10,1,0.1,,0.0,,True
934,UBCF,10,1,0.1,,0.0,,True
935,CBF,10,1,0.1,,0.0,,True
935,UBCF,10,1,0.1,,0.0,,True
936,CBF,10,3,0.3,29.253961518229833,58.507923036459665,21.212851599467935,True
936,UBCF,10,1,0.1,,0.0,,True
937,CBF,10,1,0.1,,0.0,,True
937,UBCF,10,1,0.1,,0.0,,True
938,CBF,10,1,0.1,,0.0,,True
938,UBCF,10,1,0.1,,0.0,,True
939,CBF,10,4,0.4,26.55953048088999,79.67859144266997,19.190306008873637,True
939,UBCF,10,1,0.1,,0.0,,True
940,CBF,10,2,0.2,27.972552036849212,27.972552036849212,13.986278905543603,True
940,UBCF,10,1,0.1,,0.0,,True
941,CBF,10,1,0.1,,0.0,,True
941,UBCF,10,1,0.1,,0.0,,True
942,CBF,10,3,0.3,1.3687156517470636,2.737431303494127,0.8126882979013438,True
942,UBCF,10,1,0.1,,0.0,,True
943,CBF,10,2,0.2,1.4520848238930628,1.4520848238930628,0.7260424121934375,True
943,UBCF,10,1,0.1,,0.0,,True
944,CBF,10,1,0.1,,0.0,,True
944,UBCF,10,2,0.2,27.972552036849212,27.972552036849212,13.986278905543603,True
945,CBF,10,2,0.2,1.4317359571066377,1.4317359571066377,0.7158679788583666,True
945,UBCF,10,1,0.1,,0.0,,True
946,CBF,10,1,0.1,,0.0,,True
946,UBCF,10,1,0.1,,0.0,,True
947,CBF,10,3,0.3,16.661937939696955,33.32387587939391,14.670392701795173,True
947,UBCF,10,1,0.1,,0.0,,True
948,CBF,10,1,0.1,,0.0,,True
948,UBCF,10,1,0.1,,0.0,,True
949,CBF,10,1,0.1,,0.0,,True
949,UBCF,10,1,0.1,,0.0,,True
950,CBF,10,1,0.1,,0.0,,True
950,UBCF,10,1,0.1,,0.0,,True
951,CBF,10,2,0.2,28.163648891291636,28.163648891291636,14.081829185081,True
951,UBCF,10,1,0.1,,0.0,,True
952,CBF,10,2,0.2,39.68146350068155,39.68146350068155,19.840734382814126,True
952,UBCF,10,1,0.1,,0.0,,True
953,CBF,10,2,0.2,16.963483781761255,16.963483781761255,8.481742762077442,True
953,UBCF,10,1,0.1,,0.0,,True
954,CBF,10,2,0.2,47.42548488878177,47.42548488878177,23.712758341755357,True
954,UBCF,10,1,0.1,,0.0,,True
955,CBF,10,3,0.3,50.075337687662994,100.15067537532599,28.335316861705888,True
955,UBCF,10,1,0.1,,0.0,,True
956,CBF,10,2,0.2,28.163648891291636,28.163648891291636,14.081829185081,True
956,UBCF,10,1,0.1,,0.0,,True
957,CBF,10,1,0.1,,0.0,,True
957,UBCF,10,1,0.1,,0.0,,True
958,CBF,10,1,0.1,,0.0,,True
958,UBCF,10,1,0.1,,0.0,,True
959,CBF,10,1,0.1,,0.0,,True
959,UBCF,10,1,0.1,,0.0,,True
960,CBF,10,1,0.1,,0.0,,True
960,UBCF,10,1,0.1,,0.0,,True
961,CBF,10,2,0.2,28.163648891291636,28.163648891291636,14.081829185081,True
961,UBCF,10,1,0.1,,0.0,,True
962,CBF,10,1,0.1,,0.0,,True
962,UBCF,10,1,0.1,,0.0,,True
964,CBF,10,1,0.1,,0.0,,True
964,UBCF,10,2,0.2,16.565863565943992,16.565863565943992,8.282932816586648,True
965,CBF,10,1,0.1,,0.0,,True
965,UBCF,10,1,0.1,,0.0,,True
966,CBF,10,2,0.2,20.53872735654362,20.53872735654362,10.269364392662613,True
966,UBCF,10,2,0.2,20.56227028829262,20.56227028829262,10.281135193399617,True
967,CBF,10,2,0.2,15.331600980045696,15.331600980045696,7.665801087987717,True
967,UBCF,10,1,0.1,,0.0,,True
968,CBF,10,1,0.1,,0.0,,True
968,UBCF,10,1,0.1,,0.0,,True
969,CBF,10,1,0.1,,0.0,,True
969,UBCF,10,1,0.1,,0.0,,True
970,CBF,10,2,0.2,43.262588299701214,43.262588299701214,21.631301429361923,True
970,UBCF,10,1,0.1,,0.0,,True
971,CBF,10,2,0.2,27.972552036849212,27.972552036849212,13.986278905543603,True
971,UBCF,10,1,0.1,,0.0,,True
972,CBF,10,1,0.1,,0.0,,True
972,UBCF,10,1,0.1,,0.0,,True
973,CBF,10,1,0.1,,0.0,,True
973,UBCF,10,2,0.2,48.19676460694125,48.19676460694125,24.098397818137045,True
974,CBF,10,3,0.3,8.787898476085292,17.575796952170585,6.855558252398272,True
974,UBCF,10,1,0.1,,0.0,,True
975,CBF,10,3,0.3,16.661937939696955,33.32387587939391,14.670392701795173,True
975,UBCF,10,2,0.2,16.565863565943992,16.565863565943992,8.282932816586648,True
976,CBF,10,2,0.2,32.70568879807172,32.70568879807172,16.352846904750777,True
976,UBCF,10,1,0.1,,0.0,,True
977,CBF,10,1,0.1,,0.0,,True
977,UBCF,10,1,0.1,,0.0,,True
978,CBF,10,1,0.1,,0.0,,True
978,UBCF,10,1,0.1,,0.0,,True
979,CBF,10,2,0.2,2.3181081257908294,2.3181081257908294,1.1590540648649006,True
979,UBCF,10,1,0.1,,0.0,,True
980,CBF,10,1,0.1,,0.0,,True
980,UBCF,10,1,0.1,,0.0,,True
981,CBF,10,2,0.2,27.972552036849212,27.972552036849212,13.986278905543603,True
981,UBCF,10,1,0.1,,0.0,,True
982,CBF,10,1,0.1,,0.0,,True
982,UBCF,10,1,0.1,,0.0,,True
983,CBF,10,2,0.2,1.4317359571066377,1.4317359571066377,0.7158679788583666,True
983,UBCF,10,1,0.1,,0.0,,True
984,CBF,10,1,0.1,,0.0,,True
984,UBCF,10,1,0.1,,0.0,,True
985,CBF,10,2,0.2,1.5431923121318396,1.5431923121318396,0.7715961563145184,True
985,UBCF,10,1,0.1,,0.0,,True
986,CBF,10,2,0.2,29.15869940542207,29.15869940542207,14.579355363761266,True
986,UBCF,10,1,0.1,,0.0,,True
987,CBF,10,2,0.2,8.412640195690354,8.412640195690354,4.206320154926033,True
987,UBCF,10,1,0.1,,0.0,,True
988,CBF,10,2,0.2,3.7905621299963252,3.7905621299963252,1.895281068401572,True
988,UBCF,10,1,0.1,,0.0,,True
989,CBF,10,1,0.1,,0.0,,True
989,UBCF,10,1,0.1,,0.0,,True
990,CBF,10,2,0.2,1.4317359571066377,1.4317359571066377,0.7158679788583666,True
990,UBCF,10,1,0.1,,0.0,,True
991,CBF,10,1,0.1,,0.0,,True
991,UBCF,10,1,0.1,,0.0,,True
992,CBF,10,2,0.2,43.262588299701214,43.262588299701214,21.631301429361923,True
992,UBCF,10,1,0.1,,0.0,,True
993,CBF,10,4,0.4,23.294932491716395,69.88479747514918,22.047786843926982,True
993,UBCF,10,1,0.1,,0.0,,True
994,CBF,10,2,0.2,32.70568879807172,32.70568879807172,16.352846904750777,True
994,UBCF,10,1,0.1,,0.0,,True
995,CBF,10,2,0.2,40.228672888954705,40.228672888954705,20.11434745585511,True
995,UBCF,10,1,0.1,,0.0,,True
996,CBF,10,2,0.2,39.245429755089575,39.245429755089575,19.622723579412103,True
996,UBCF,10,1,0.1,,0.0,,True
997,CBF,10,1,0.1,,0.0,,True
997,UBCF,10,1,0.1,,0.0,,True
998,CBF,10,3,0.3,39.435429883686695,78.87085976737339,22.70958043158625,True
998,UBCF,10,1,0.1,,0.0,,True
999,CBF,10,1,0.1,,0.0,,True
999,UBCF,10,1,0.1,,0.0,,True
1000,CBF,10,4,0.4,26.7243388864777,80.1730166594331,20.997982841365136,True
1000,UBCF,10,1,0.1,,0.0,,True
1001,CBF,10,2,0.2,18.063673535690604,18.063673535690604,9.031838163077367,True
1001,UBCF,10,2,0.2,37.90428148972095,37.90428148972095,18.95215698491864,True
1002,CBF,10,1,0.1,,0.0,,True
1002,UBCF,10,1,0.1,,0.0,,True
1003,CBF,10,1,0.1,,0.0,,True
1003,UBCF,10,1,0.1,,0.0,,True
1004,CBF,10,2,0.2,28.163648891291636,28.163648891291636,14.081829185081,True
1004,UBCF,10,1,0.1,,0.0,,True
1005,CBF,10,2,0.2,1.5156689175409355,1.5156689175409355,0.7578344591212706,True
1005,UBCF,10,1,0.1,,0.0,,True
1006,CBF,10,2,0.2,28.163648891291636,28.163648891291636,14.081829185081,True
1006,UBCF,10,1,0.1,,0.0,,True
1007,CBF,10,1,0.1,,0.0,,True
1007,UBCF,10,1,0.1,,0.0,,True
1008,CBF,10,2,0.2,28.163648891291636,28.163648891291636,14.081829185081,True
1008,UBCF,10,1,0.1,,0.0,,True
1009,CBF,10,2,0.2,1.4317359571066377,1.4317359571066377,0.7158679788583666,True
1009,UBCF,10,2,0.2,37.90428148972095,37.90428148972095,18.95215698491864,True
1010,CBF,10,2,0.2,1.5156689175409355,1.5156689175409355,0.7578344591212706,True
1010,UBCF,10,1,0.1,,0.0,,True
1011,CBF,10,1,0.1,,0.0,,True
1011,UBCF,10,2,0.2,37.90428148972095,37.90428148972095,18.95215698491864,True
1012,CBF,10,2,0.2,33.67692365322722,33.67692365322722,16.838466700408475,True
1012,UBCF,10,1,0.1,,0.0,,True
1013,CBF,10,1,0.1,,0.0,,True
1013,UBCF,10,1,0.1,,0.0,,True
1014,CBF,10,2,0.2,39.884336960417365,39.884336960417365,19.94216859195539,True
1014,UBCF,10,1,0.1,,0.0,,True
1015,CBF,10,2,0.2,8.412640195690354,8.412640195690354,4.206320154926033,True
1015,UBCF,10,1,0.1,,0.0,,True
1016,CBF,10,1,0.1,,0.0,,True
1016,UBCF,10,1,0.1,,0.0,,True
1017,CBF,10,2,0.2,43.262588299701214,43.262588299701214,21.631301429361923,True
1017,UBCF,10,1,0.1,,0.0,,True
1018,CBF,10,2,0.2,8.966796178516137,8.966796178516137,4.483398160676603,True
1018,UBCF,10,1,0.1,,0.0,,True
1019,CBF,10,3,0.3,31.429643406844413,62.859286813688826,24.100304972323233,True
1019,UBCF,10,1,0.1,,0.0,,True
1020,CBF,10,2,0.2,33.307372647861015,33.307372647861015,16.653688974915404,True
1020,UBCF,10,2,0.2,11.749728398231753,11.749728398231753,5.874864397864018,True
1021,CBF,10,1,0.1,,0.0,,True
1021,UBCF,10,1,0.1,,0.0,,True
1022,CBF,10,1,0.1,,0.0,,True
1022,UBCF,10,1,0.1,,0.0,,True
1023,CBF,10,1,0.1,,0.0,,True
1023,UBCF,10,1,0.1,,0.0,,True
1024,CBF,10,2,0.2,2.3181081257908294,2.3181081257908294,1.1590540648649006,True
1024,UBCF,10,1,0.1,,0.0,,True
1025,CBF,10,2,0.2,28.163648891291636,28.163648891291636,14.081829185081,True
1025,UBCF,10,1,0.1,,0.0,,True
1026,CBF,10,2,0.2,27.972552036849212,27.972552036849212,13.986278905543603,True
1026,UBCF,10,2,0.2,28.023986357443068,28.023986357443068,14.01199605679436,True
1027,CBF,10,1,0.1,,0.0,,True
1027,UBCF,10,1,0.1,,0.0,,True
1028,CBF,10,1,0.1,,0.0,,True
1028,UBCF,10,1,0.1,,0.0,,True
1029,CBF,10,2,0.2,2.3181081257908294,2.3181081257908294,1.1590540648649006,True
1029,UBCF,10,1,0.1,,0.0,,True
1030,CBF,10,2,0.2,2.3181081257908294,2.3181081257908294,1.1590540648649006,True
1030,UBCF,10,1,0.1,,0.0,,True
1031,CBF,10,1,0.1,,0.0,,True
1031,UBCF,10,1,0.1,,0.0,,True
1032,CBF,10,3,0.3,47.745311562003025,95.49062312400605,23.427638132482766,True
1032,UBCF,10,1,0.1,,0.0,,True
1033,CBF,10,2,0.2,1.5156689175409355,1.5156689175409355,0.7578344591212706,True
1033,UBCF,10,1,0.1,,0.0,,True
1034,CBF,10,1,0.1,,0.0,,True
1034,UBCF,10,1,0.1,,0.0,,True
1035,CBF,10,1,0.1,,0.0,,True
1035,UBCF,10,1,0.1,,0.0,,True
1036,CBF,10,3,0.3,39.90103000773112,79.80206001546225,24.100304972323233,True
1036,UBCF,10,1,0.1,,0.0,,True
1037,CBF,10,2,0.2,2.748659441838602,2.748659441838602,1.3743297256902376,True
1037,UBCF,10,1,0.1,,0.0,,True
1038,CBF,10,1,0.1,,0.0,,True
1038,UBCF,10,1,0.1,,0.0,,True
1039,CBF,10,2,0.2,28.163648891291636,28.163648891291636,14.081829185081,True
1039,UBCF,10,1,0.1,,0.0,,True
1040,CBF,10,1,0.1,,0.0,,True
1040,UBCF,10,1,0.1,,0.0,,True
1041,CBF,10,1,0.1,,0.0,,True
1041,UBCF,10,1,0.1,,0.0,,True
1042,CBF,10,1,0.1,,0.0,,True
1042,UBCF,10,1,0.1,,0.0,,True
1043,CBF,10,1,0.1,,0.0,,True
1043,UBCF,10,1,0.1,,0.0,,True
1044,CBF,10,3,0.3,37.74275346153303,75.48550692306605,26.65203969884985,True
1044,UBCF,10,1,0.1,,0.0,,True
1045,CBF,10,1,0.1,,0.0,,True
1045,UBCF,10,1,0.1,,0.0,,True
1046,CBF,10,2,0.2,7.733147622462576,7.733147622462576,3.8665738749156624,True
1046,UBCF,10,1,0.1,,0.0,,True
1047,CBF,10,1,0.1,,0.0,,True
1047,UBCF,10,1,0.1,,0.0,,True
1048,CBF,10,2,0.2,1.4317359571066377,1.4317359571066377,0.7158679788583666,True
1048,UBCF,10,1,0.1,,0.0,,True
1049,CBF,10,2,0.2,20.441397917095234,20.441397917095234,10.220701636237614,True
1049,UBCF,10,1,0.1,,0.0,,True
1050,CBF,10,2,0.2,27.972552036849212,27.972552036849212,13.986278905543603,True
1050,UBCF,10,1,0.1,,0.0,,True
1051,CBF,10,3,0.3,32.68800499296552,65.37600998593103,23.093036659052,True
1051,UBCF,10,2,0.2,10.351160117462083,10.351160117462083,5.175580061801435,True
1053,CBF,10,4,0.4,8.408161596905684,25.22448479071705,9.168335956807377,True
1053,UBCF,10,1,0.1,,0.0,,True
1054,CBF,10,3,0.3,31.429643406844413,62.859286813688826,24.100304972323233,True
1054,UBCF,10,1,0.1,,0.0,,True
1055,CBF,10,2,0.2,5.859110933607617,5.859110933607617,2.929555475275662,True
1055,UBCF,10,2,0.2,10.351160117462083,10.351160117462083,5.175580061801435,True
1056,CBF,10,2,0.2,28.163648891291636,28.163648891291636,14.081829185081,True
1056,UBCF,10,1,0.1,,0.0,,True
1057,CBF,10,1,0.1,,0.0,,True
1057,UBCF,10,1,0.1,,0.0,,True
1058,CBF,10,1,0.1,,0.0,,True
1058,UBCF,10,2,0.2,37.90428148972095,37.90428148972095,18.95215698491864,True
1059,CBF,10,2,0.2,1.4520848238930628,1.4520848238930628,0.7260424121934375,True
1059,UBCF,10,1,0.1,,0.0,,True
1060,CBF,10,3,0.3,26.365909858101432,52.731819716202864,21.32895967861381,True
1060,UBCF,10,1,0.1,,0.0,,True
1061,CBF,10,3,0.3,8.787898476085292,17.575796952170585,6.855558252398129,True
1061,UBCF,10,1,0.1,,0.0,,True
1062,CBF,10,1,0.1,,0.0,,True
1062,UBCF,10,1,0.1,,0.0,,True
1063,CBF,10,1,0.1,,0.0,,True
1063,UBCF,10,1,0.1,,0.0,,True
1064,CBF,10,1,0.1,,0.0,,True
1064,UBCF,10,1,0.1,,0.0,,True
1065,CBF,10,1,0.1,,0.0,,True
1065,UBCF,10,1,0.1,,0.0,,True
1066,CBF,10,2,0.2,28.163648891291636,28.163648891291636,14.081829185081,True
1066,UBCF,10,1,0.1,,0.0,,True
1067,CBF,10,3,0.3,8.787898476085292,17.575796952170585,6.855558252398129,True
1067,UBCF,10,1,0.1,,0.0,,True
1068,CBF,10,1,0.1,,0.0,,True
1068,UBCF,10,1,0.1,,0.0,,True
1069,CBF,10,2,0.2,1.4317359571066377,1.4317359571066377,0.7158679788583666,True
1069,UBCF,10,1,0.1,,0.0,,True
1070,CBF,10,1,0.1,,0.0,,True
1070,UBCF,10,1,0.1,,0.0,,True
1071,CBF,10,2,0.2,36.24007716797648,36.24007716797648,18.12004609756425,True
1071,UBCF,10,1,0.1,,0.0,,True
1072,CBF,10,2,0.2,33.67692365322722,33.67692365322722,16.838466700408475,True
1072,UBCF,10,1,0.1,,0.0,,True
1073,CBF,10,2,0.2,1.5156689175409355,1.5156689175409355,0.7578344591212706,True
1073,UBCF,10,1,0.1,,0.0,,True
1074,CBF,10,2,0.2,28.163648891291636,28.163648891291636,14.081829185081,True
1074,UBCF,10,1,0.1,,0.0,,True
1075,CBF,10,3,0.3,16.661937939696955,33.32387587939391,14.670392701795173,True
1075,UBCF,10,1,0.1,,0.0,,True
1076,CBF,10,2,0.2,1.851196413912366,1.851196413912366,0.9255982080141867,True
1076,UBCF,10,2,0.2,37.90428148972095,37.90428148972095,18.95215698491864,True
1077,CBF,10,1,0.1,,0.0,,True
1077,UBCF,10,1,0.1,,0.0,,True
1078,CBF,10,1,0.1,,0.0,,True
1078,UBCF,10,2,0.2,10.351160117462083,10.351160117462083,5.175580061801435,True
1079,CBF,10,1,0.1,,0.0,,True
1079,UBCF,10,1,0.1,,0.0,,True
1080,CBF,10,2,0.2,1.22876572589593,1.22876572589593,0.6143828629786793,True
1080,UBCF,10,1,0.1,,0.0,,True
1081,CBF,10,1,0.1,,0.0,,True
1081,UBCF,10,1,0.1,,0.0,,True
1082,CBF,10,4,0.4,29.15024928466957,87.45074785400871,19.71693182555296,True
1082,UBCF,10,1,0.1,,0.0,,True
1083,CBF,10,2,0.2,2.3181081257908294,2.3181081257908294,1.1590540648649006,True
1083,UBCF,10,1,0.1,,0.0,,True
1084,CBF,10,2,0.2,39.131166621556076,39.131166621556076,19.565591509610922,True
1084,UBCF,10,1,0.1,,0.0,,True
1085,CBF,10,1,0.1,,0.0,,True
1085,UBCF,10,1,0.1,,0.0,,True
1086,CBF,10,1,0.1,,0.0,,True
1086,UBCF,10,1,0.1,,0.0,,True
1087,CBF,10,3,0.3,8.787898476085292,17.575796952170585,6.855558252398272,True
1087,UBCF,10,1,0.1,,0.0,,True
1088,CBF,10,2,0.2,2.3181081257908294,2.3181081257908294,1.1590540648649006,True
1088,UBCF,10,1,0.1,,0.0,,True
1089,CBF,10,1,0.1,,0.0,,True
1089,UBCF,10,1,0.1,,0.0,,True
1090,CBF,10,2,0.2,1.4317359571066377,1.4317359571066377,0.7158679788583666,True
1090,UBCF,10,1,0.1,,0.0,,True
1091,CBF,10,2,0.2,28.163648891291636,28.163648891291636,14.081829185081,True
1091,UBCF,10,1,0.1,,0.0,,True
1092,CBF,10,1,0.1,,0.0,,True
1092,UBCF,10,1,0.1,,0.0,,True
1093,CBF,10,1,0.1,,0.0,,True
1093,UBCF,10,1,0.1,,0.0,,True
1094,CBF,10,3,0.3,16.962779864591603,33.925559729183206,14.670392701795173,True
1094,UBCF,10,1,0.1,,0.0,,True
1095,CBF,10,3,0.3,19.86916854607542,39.73833709215084,13.812411814634183,True
1095,UBCF,10,1,0.1,,0.0,,True
1096,CBF,10,1,0.1,,0.0,,True
1096,UBCF,10,1,0.1,,0.0,,True
1097,CBF,10,1,0.1,,0.0,,True
1097,UBCF,10,2,0.2,31.43542951846135,31.43542951846135,15.717719488393843,True
1098,CBF,10,2,0.2,2.5420414357668193,2.5420414357668193,1.271020718894901,True
1098,UBCF,10,2,0.2,6.324005324956843,6.324005324956843,3.162002681399092,True
1099,CBF,10,2,0.2,17.82423193742532,17.82423193742532,8.912116066560213,True
1099,UBCF,10,1,0.1,,0.0,,True
1100,CBF,10,2,0.2,32.70568879807172,32.70568879807172,16.352846904750777,True
1100,UBCF,10,1,0.1,,0.0,,True
1101,CBF,10,1,0.1,,0.0,,True
1101,UBCF,10,1,0.1,,0.0,,True
1102,CBF,10,1,0.1,,0.0,,True
1102,UBCF,10,1,0.1,,0.0,,True
1103,CBF,10,1,0.1,,0.0,,True
1103,UBCF,10,1,0.1,,0.0,,True
1104,CBF,10,2,0.2,1.4317359571066377,1.4317359571066377,0.7158679788583666,True
1104,UBCF,10,2,0.2,20.56227028829262,20.56227028829262,10.281135193399617,True
1105,CBF,10,3,0.3,39.05328904591443,78.10657809182887,22.70958043158625,True
1105,UBCF,10,1,0.1,,0.0,,True
1106,CBF,10,1,0.1,,0.0,,True
1106,UBCF,10,1,0.1,,0.0,,True
1107,CBF,10,2,0.2,1.4317359571066377,1.4317359571066377,0.7158679788583666,True
1107,UBCF,10,1,0.1,,0.0,,True
1108,CBF,10,1,0.1,,0.0,,True
1108,UBCF,10,1,0.1,,0.0,,True
1109,CBF,10,2,0.2,6.9018421688367555,6.9018421688367555,3.450921125911857,True
1109,UBCF,10,1,0.1,,0.0,,True
1110,CBF,10,2,0.2,1.4317359571066377,1.4317359571066377,0.7158679788583666,True
1110,UBCF,10,2,0.2,10.351160117462083,10.351160117462083,5.175580061801435,True
1111,CBF,10,2,0.2,1.4317359571066377,1.4317359571066377,0.7158679788583666,True
1111,UBCF,10,1,0.1,,0.0,,True
1112,CBF,10,1,0.1,,0.0,,True
1112,UBCF,10,1,0.1,,0.0,,True
1113,CBF,10,1,0.1,,0.0,,True
1113,UBCF,10,1,0.1,,0.0,,True
1114,CBF,10,1,0.1,,0.0,,True
1114,UBCF,10,1,0.1,,0.0,,True
1115,CBF,10,2,0.2,1.4317359571066377,1.4317359571066377,0.7158679788583666,True
1115,UBCF,10,1,0.1,,0.0,,True
1116,CBF,10,3,0.3,16.661937939696955,33.32387587939391,14.670392701795173,True
1116,UBCF,10,1,0.1,,0.0,,True
1117,CBF,10,3,0.3,23.95204137034503,47.90408274069006,15.553813901934406,True
1117,UBCF,10,1,0.1,,0.0,,True
1118,CBF,10,4,0.4,27.769475104420298,83.3084253132609,21.019917916436373,True
1118,UBCF,10,1,0.1,,0.0,,True
1119,CBF,10,2,0.2,1.4317359571066377,1.4317359571066377,0.7158679788583666,True
1119,UBCF,10,2,0.2,31.43542951846135,31.43542951846135,15.717719488393843,True
1120,CBF,10,2,0.2,32.70568879807172,32.70568879807172,16.352846904750777,True
1120,UBCF,10,1,0.1,,0.0,,True
1121,CBF,10,1,0.1,,0.0,,True
1121,UBCF,10,1,0.1,,0.0,,True
1122,CBF,10,2,0.2,29.15869940542207,29.15869940542207,14.579355363761266,True
1122,UBCF,10,1,0.1,,0.0,,True
1123,CBF,10,2,0.2,43.262588299701214,43.262588299701214,21.631301429361923,True
1123,UBCF,10,1,0.1,,0.0,,True
1124,CBF,10,2,0.2,39.68146350068155,39.68146350068155,19.840734382814126,True
1124,UBCF,10,1,0.1,,0.0,,True
1125,CBF,10,1,0.1,,0.0,,True
1125,UBCF,10,1,0.1,,0.0,,True
1126,CBF,10,1,0.1,,0.0,,True
1126,UBCF,10,1,0.1,,0.0,,True
1127,CBF,10,2,0.2,1.5431923121318396,1.5431923121318396,0.7715961563145184,True
1127,UBCF,10,1,0.1,,0.0,,True
1128,CBF,10,1,0.1,,0.0,,True
1128,UBCF,10,1,0.1,,0.0,,True
1129,CBF,10,2,0.2,1.4317359571066377,1.4317359571066377,0.7158679788583666,True
1129,UBCF,10,2,0.2,34.79994292107832,34.79994292107832,17.399980351195634,True
1130,CBF,10,2,0.2,39.89544829710059,39.89544829710059,19.947732443611972,True
1130,UBCF,10,1,0.1,,0.0,,True
1131,CBF,10,2,0.2,28.163648891291636,28.163648891291636,14.081829185081,True
1131,UBCF,10,1,0.1,,0.0,,True
1132,CBF,10,1,0.1,,0.0,,True
1132,UBCF,10,1,0.1,,0.0,,True
1133,CBF,10,1,0.1,,0.0,,True
1133,UBCF,10,1,0.1,,0.0,,True
1134,CBF,10,2,0.2,20.357530189223063,20.357530189223063,10.178765101099387,True
1134,UBCF,10,1,0.1,,0.0,,True
1135,CBF,10,1,0.1,,0.0,,True
1135,UBCF,10,2,0.2,31.43542951846135,31.43542951846135,15.717719488393843,True
1136,CBF,10,2,0.2,1.4317359571066377,1.4317359571066377,0.7158679788583666,True
1136,UBCF,10,1,0.1,,0.0,,True
1137,CBF,10,1,0.1,,0.0,,True
1137,UBCF,10,1,0.1,,0.0,,True
1138,CBF,10,1,0.1,,0.0,,True
1138,UBCF,10,1,0.1,,0.0,,True
1139,CBF,10,1,0.1,,0.0,,True
1139,UBCF,10,1,0.1,,0.0,,True
1140,CBF,10,1,0.1,,0.0,,True
1140,UBCF,10,1,0.1,,0.0,,True
1141,CBF,10,1,0.1,,0.0,,True
1141,UBCF,10,1,0.1,,0.0,,True
1142,CBF,10,2,0.2,28.163648891291636,28.163648891291636,14.081829185081,True
1142,UBCF,10,1,0.1,,0.0,,True
1143,CBF,10,3,0.3,43.12277045346657,86.24554090693314,24.94602623208985,True
1143,UBCF,10,1,0.1,,0.0,,True
1144,CBF,10,2,0.2,38.80813907569703,38.80813907569703,19.404076617634217,True
1144,UBCF,10,1,0.1,,0.0,,True
1145,CBF,10,2,0.2,44.6387353025896,44.6387353025896,22.319382584751814,True
1145,UBCF,10,1,0.1,,0.0,,True
1146,CBF,10,3,0.3,31.429643406844413,62.859286813688826,24.100304972323233,True
1146,UBCF,10,1,0.1,,0.0,,True
1147,CBF,10,2,0.2,27.972552036849212,27.972552036849212,13.986278905543603,True
1147,UBCF,10,1,0.1,,0.0,,True
1148,CBF,10,2,0.2,32.501727533605106,32.501727533605106,16.250863767116847,True
1148,UBCF,10,1,0.1,,0.0,,True
1149,CBF,10,2,0.2,27.972552036849212,27.972552036849212,13.986278905543603,True
1149,UBCF,10,2,0.2,37.90428148972095,37.90428148972095,18.95215698491864,True
1150,CBF,10,2,0.2,45.85743379833855,45.85743379833855,22.92871906581808,True
1150,UBCF,10,1,0.1,,0.0,,True
1151,CBF,10,2,0.2,27.972552036849212,27.972552036849212,13.986278905543603,True
1151,UBCF,10,1,0.1,,0.0,,True
1152,CBF,10,2,0.2,1.4520848238930628,1.4520848238930628,0.7260424121934375,True
1152,UBCF,10,2,0.2,37.90428148972095,37.90428148972095,18.95215698491864,True
1153,CBF,10,1,0.1,,0.0,,True
1153,UBCF,10,1,0.1,,0.0,,True
1154,CBF,10,1,0.1,,0.0,,True
1154,UBCF,10,1,0.1,,0.0,,True
1155,CBF,10,1,0.1,,0.0,,True
1155,UBCF,10,1,0.1,,0.0,,True
1156,CBF,10,1,0.1,,0.0,,True
1156,UBCF,10,1,0.1,,0.0,,True
1157,CBF,10,3,0.3,1.0768076403150504,2.1536152806301008,0.8126882979013438,True
1157,UBCF,10,1,0.1,,0.0,,True
1158,CBF,10,4,0.4,21.497879994413818,64.49363998324145,19.190306008873637,True
1158,UBCF,10,1,0.1,,0.0,,True
1159,CBF,10,2,0.2,1.4317359571066377,1.4317359571066377,0.7158679788583666,True
1159,UBCF,10,1,0.1,,0.0,,True
1160,CBF,10,1,0.1,,0.0,,True
1160,UBCF,10,1,0.1,,0.0,,True
1161,CBF,10,2,0.2,2.5420414357668193,2.5420414357668193,1.271020718894901,True
1161,UBCF,10,1,0.1,,0.0,,True
1162,CBF,10,1,0.1,,0.0,,True
1162,UBCF,10,1,0.1,,0.0,,True
1163,CBF,10,2,0.2,47.42548488878177,47.42548488878177,23.712758341755357,True
1163,UBCF,10,1,0.1,,0.0,,True
1164,CBF,10,2,0.2,39.68146350068155,39.68146350068155,19.840734382814126,True
1164,UBCF,10,1,0.1,,0.0,,True
1165,CBF,10,3,0.3,26.528865278077504,53.05773055615501,13.812411814634183,True
1165,UBCF,10,1,0.1,,0.0,,True
1166,CBF,10,4,0.4,28.880893322782867,86.6426799683486,22.14821114908868,True
1166,UBCF,10,2,0.2,37.90428148972095,37.90428148972095,18.95215698491864,True
1167,CBF,10,1,0.1,,0.0,,True
1167,UBCF,10,1,0.1,,0.0,,True
1168,CBF,10,4,0.4,7.964519012369714,23.893557037109144,6.7911194506562875,True
1168,UBCF,10,1,0.1,,0.0,,True
1169,CBF,10,2,0.2,29.444732784299944,29.444732784299944,14.722369133263221,True
1169,UBCF,10,1,0.1,,0.0,,True
1170,CBF,10,2,0.2,28.163648891291636,28.163648891291636,14.081829185081,True
1170,UBCF,10,1,0.1,,0.0,,True
1171,CBF,10,1,0.1,,0.0,,True
1171,UBCF,10,2,0.2,20.56227028829262,20.56227028829262,10.281135193399617,True
1172,CBF,10,2,0.2,43.262588299701214,43.262588299701214,21.631301429361923,True
1172,UBCF,10,1,0.1,,0.0,,True
1173,CBF,10,1,0.1,,0.0,,True
1173,UBCF,10,1,0.1,,0.0,,True
1174,CBF,10,2,0.2,1.4317359571066377,1.4317359571066377,0.7158679788583666,True
1174,UBCF,10,1,0.1,,0.0,,True
1175,CBF,10,1,0.1,,0.0,,True
1175,UBCF,10,1,0.1,,0.0,,True
1176,CBF,10,1,0.1,,0.0,,True
1176,UBCF,10,2,0.2,37.90428148972095,37.90428148972095,18.95215698491864,True
1177,CBF,10,1,0.1,,0.0,,True
1177,UBCF,10,1,0.1,,0.0,,True
1178,CBF,10,2,0.2,28.163648891291636,28.163648891291636,14.081829185081,True
1178,UBCF,10,2,0.2,27.972552036849212,27.972552036849212,13.986278905543603,True
1179,CBF,10,1,0.1,,0.0,,True
1179,UBCF,10,2,0.2,10.351160117462083,10.351160117462083,5.175580061801435,True
1180,CBF,10,2,0.2,1.851196413912366,1.851196413912366,0.9255982080141867,True
1180,UBCF,10,2,0.2,27.972552036849212,27.972552036849212,13.986278905543603,True
1181,CBF,10,2,0.2,28.163648891291636,28.163648891291636,14.081829185081,True
1181,UBCF,10,1,0.1,,0.0,,True
1182,CBF,10,1,0.1,,0.0,,True
1182,UBCF,10,1,0.1,,0.0,,True
1183,CBF,10,1,0.1,,0.0,,True
1183,UBCF,10,1,0.1,,0.0,,True
1184,CBF,10,1,0.1,,0.0,,True
1184,UBCF,10,1,0.1,,0.0,,True
1185,CBF,10,2,0.2,20.357530189223063,20.357530189223063,10.178765101099387,True
1185,UBCF,10,1,0.1,,0.0,,True
1186,CBF,10,1,0.1,,0.0,,True
1186,UBCF,10,2,0.2,11.749728398231753,11.749728398231753,5.874864397864018,True
1187,CBF,10,3,0.3,29.551415178475974,59.10283035695195,23.225886950306606,True
1187,UBCF,10,2,0.2,37.90428148972095,37.90428148972095,18.95215698491864,True
1188,CBF,10,1,0.1,,0.0,,True
1188,UBCF,10,1,0.1,,0.0,,True
1189,CBF,10,3,0.3,20.808461091663546,41.61692218332709,15.252953508825021,True
1189,UBCF,10,1,0.1,,0.0,,True
1190,CBF,10,4,0.4,12.810369538023325,38.43110861406998,14.022139390413212,True
1190,UBCF,10,2,0.2,48.054481419213076,48.054481419213076,24.027240711726357,True
1191,CBF,10,3,0.3,19.86916854607542,39.73833709215084,13.812411814634183,True
1191,UBCF,10,1,0.1,,0.0,,True
1192,CBF,10,1,0.1,,0.0,,True
1192,UBCF,10,2,0.2,10.351160117462083,10.351160117462083,5.175580061801435,True
1193,CBF,10,2,0.2,28.163648891291636,28.163648891291636,14.081829185081,True
1193,UBCF,10,1,0.1,,0.0,,True
1194,CBF,10,2,0.2,28.163648891291636,28.163648891291636,14.081829185081,True
1194,UBCF,10,1,0.1,,0.0,,True
1195,CBF,10,1,0.1,,0.0,,True
1195,UBCF,10,1,0.1,,0.0,,True
1196,CBF,10,2,0.2,28.163648891291636,28.163648891291636,14.081829185081,True
1196,UBCF,10,1,0.1,,0.0,,True
1197,CBF,10,3,0.3,29.551415178475974,59.10283035695195,23.225886950306606,True
1197,UBCF,10,1,0.1,,0.0,,True
1198,CBF,10,1,0.1,,0.0,,True
1198,UBCF,10,1,0.1,,0.0,,True
1199,CBF,10,3,0.3,10.66612670445373,21.33225340890746,6.855558252398129,True
1199,UBCF,10,1,0.1,,0.0,,True
1200,CBF,10,2,0.2,47.12934881228967,47.12934881228967,23.564704578732673,True
1200,UBCF,10,1,0.1,,0.0,,True
1201,CBF,10,2,0.2,29.15869940542207,29.15869940542207,14.579355363761266,True
1201,UBCF,10,1,0.1,,0.0,,True
1202,CBF,10,2,0.2,23.42832637973626,23.42832637973626,11.71416658667128,True
1202,UBCF,10,2,0.2,10.351160117462083,10.351160117462083,5.175580061801435,True
1203,CBF,10,3,0.3,4.680104311482991,9.360208622965983,3.7734193919112045,True
1203,UBCF,10,1,0.1,,0.0,,True
1204,CBF,10,1,0.1,,0.0,,True
1204,UBCF,10,1,0.1,,0.0,,True
1205,CBF,10,2,0.2,28.163648891291636,28.163648891291636,14.081829185081,True
1205,UBCF,10,1,0.1,,0.0,,True
1206,CBF,10,3,0.3,16.962779864591603,33.925559729183206,14.670392701795173,True
1206,UBCF,10,1,0.1,,0.0,,True
1207,CBF,10,1,0.1,,0.0,,True
1207,UBCF,10,1,0.1,,0.0,,True
1208,CBF,10,1,0.1,,0.0,,True
1208,UBCF,10,1,0.1,,0.0,,True
1209,CBF,10,1,0.1,,0.0,,True
1209,UBCF,10,1,0.1,,0.0,,True
1210,CBF,10,2,0.2,1.5431923121318396,1.5431923121318396,0.7715961563145184,True
1210,UBCF,10,1,0.1,,0.0,,True
1211,CBF,10,2,0.2,1.5156689175409355,1.5156689175409355,0.7578344591212706,True
1211,UBCF,10,1,0.1,,0.0,,True
1212,CBF,10,2,0.2,1.4317359571066377,1.4317359571066377,0.7158679788583666,True
1212,UBCF,10,1,0.1,,0.0,,True
1213,CBF,10,2,0.2,3.7905621299963252,3.7905621299963252,1.895281068401572,True
1213,UBCF,10,1,0.1,,0.0,,True
1214,CBF,10,1,0.1,,0.0,,True
1214,UBCF,10,1,0.1,,0.0,,True
1215,CBF,10,2,0.2,1.4520848238930628,1.4520848238930628,0.7260424121934375,True
1215,UBCF,10,1,0.1,,0.0,,True
1216,CBF,10,1,0.1,,0.0,,True
1216,UBCF,10,1,0.1,,0.0,,True
1217,CBF,10,1,0.1,,0.0,,True
1217,UBCF,10,1,0.1,,0.0,,True
1218,CBF,10,2,0.2,28.163648891291636,28.163648891291636,14.081829185081,True
1218,UBCF,10,1,0.1,,0.0,,True
1219,CBF,10,2,0.2,35.047699610959974,35.047699610959974,17.52385828960975,True
1219,UBCF,10,1,0.1,,0.0,,True
1220,CBF,10,2,0.2,1.2294901081794265,1.2294901081794265,0.6147450544389285,True
1220,UBCF,10,1,0.1,,0.0,,True
1221,CBF,10,3,0.3,38.018461444091116,76.03692288818223,24.94602623208985,True
1221,UBCF,10,1,0.1,,0.0,,True
1222,CBF,10,2,0.2,32.70568879807172,32.70568879807172,16.352846904750777,True
1222,UBCF,10,1,0.1,,0.0,,True
1223,CBF,10,1,0.1,,0.0,,True
1223,UBCF,10,1,0.1,,0.0,,True
1224,CBF,10,2,0.2,43.262588299701214,43.262588299701214,21.631301429361923,True
1224,UBCF,10,1,0.1,,0.0,,True
1225,CBF,10,1,0.1,,0.0,,True
1225,UBCF,10,1,0.1,,0.0,,True
1226,CBF,10,2,0.2,1.4520848238930628,1.4520848238930628,0.7260424121934375,True
1226,UBCF,10,2,0.2,37.90428148972095,37.90428148972095,18.95215698491864,True
1227,CBF,10,1,0.1,,0.0,,True
1227,UBCF,10,1,0.1,,0.0,,True
1228,CBF,10,4,0.4,32.101902624371235,96.3057078731137,25.65059302720848,True
1228,UBCF,10,1,0.1,,0.0,,True
1229,CBF,10,2,0.2,39.884336960417365,39.884336960417365,19.94216859195539,True
1229,UBCF,10,1,0.1,,0.0,,True
1230,CBF,10,2,0.2,27.972552036849212,27.972552036849212,13.986278905543603,True
1230,UBCF,10,1,0.1,,0.0,,True
1231,CBF,10,1,0.1,,0.0,,True
1231,UBCF,10,1,0.1,,0.0,,True
1232,CBF,10,2,0.2,32.53422075811057,32.53422075811057,16.2671176347314,True
1232,UBCF,10,1,0.1,,0.0,,True
1233,CBF,10,2,0.2,2.3181081257908294,2.3181081257908294,1.1590540648649006,True
1233,UBCF,10,1,0.1,,0.0,,True
1234,CBF,10,1,0.1,,0.0,,True
1234,UBCF,10,1,0.1,,0.0,,True
1235,CBF,10,2,0.2,43.262588299701214,43.262588299701214,21.631301429361923,True
1235,UBCF,10,2,0.2,11.749728398231753,11.749728398231753,5.874864397864018,True
1236,CBF,10,2,0.2,29.15869940542207,29.15869940542207,14.579355363761266,True
1236,UBCF,10,2,0.2,42.31944671414057,42.31944671414057,21.159730993153076,True
1237,CBF,10,4,0.4,22.328899971465518,66.98669991439655,20.997982841365136,True
1237,UBCF,10,1,0.1,,0.0,,True
1238,CBF,10,3,0.3,29.551415178475974,59.10283035695195,23.225886950306606,True
1238,UBCF,10,1,0.1,,0.0,,True
1239,CBF,10,1,0.1,,0.0,,True
1239,UBCF,10,1,0.1,,0.0,,True
1240,CBF,10,2,0.2,1.4317359571066377,1.4317359571066377,0.7158679788583666,True
1240,UBCF,10,1,0.1,,0.0,,True
1241,CBF,10,2,0.2,28.163648891291636,28.163648891291636,14.081829185081,True
1241,UBCF,10,1,0.1,,0.0,,True
1242,CBF,10,1,0.1,,0.0,,True
1242,UBCF,10,1,0.1,,0.0,,True
1243,CBF,10,1,0.1,,0.0,,True
1243,UBCF,10,1,0.1,,0.0,,True
1244,CBF,10,2,0.2,27.972552036849212,27.972552036849212,13.986278905543603,True
1244,UBCF,10,1,0.1,,0.0,,True
1245,CBF,10,2,0.2,43.262588299701214,43.262588299701214,21.631301429361923,True
1245,UBCF,10,2,0.2,6.271109147198457,6.271109147198457,3.1355545981176123,True
1246,CBF,10,1,0.1,,0.0,,True
1246,UBCF,10,1,0.1,,0.0,,True
1247,CBF,10,1,0.1,,0.0,,True
1247,UBCF,10,1,0.1,,0.0,,True
1248,CBF,10,2,0.2,1.5156689175409355,1.5156689175409355,0.7578344591212706,True
1248,UBCF,10,1,0.1,,0.0,,True
1249,CBF,10,2,0.2,43.262588299701214,43.262588299701214,21.631301429361923,True
1249,UBCF,10,1,0.1,,0.0,,True
1250,CBF,10,1,0.1,,0.0,,True
1250,UBCF,10,1,0.1,,0.0,,True
1251,CBF,10,2,0.2,27.972552036849212,27.972552036849212,13.986278905543603,True
1251,UBCF,10,1,0.1,,0.0,,True
1252,CBF,10,1,0.1,,0.0,,True
1252,UBCF,10,1,0.1,,0.0,,True
1253,CBF,10,2,0.2,39.884336960417365,39.884336960417365,19.94216859195539,True
1253,UBCF,10,2,0.2,18.092520720787423,18.092520720787423,9.046261297938383,True
1254,CBF,10,2,0.2,28.163648891291636,28.163648891291636,14.081829185081,True
1254,UBCF,10,1,0.1,,0.0,,True
1255,CBF,10,4,0.4,26.7243388864777,80.1730166594331,20.997982841365136,True
1255,UBCF,10,1,0.1,,0.0,,True
1256,CBF,10,4,0.4,26.43629917081319,79.30889751243957,20.91186791301194,True
1256,UBCF,10,1,0.1,,0.0,,True
1257,CBF,10,2,0.2,43.262588299701214,43.262588299701214,21.631301429361923,True
1257,UBCF,10,1,0.1,,0.0,,True
1258,CBF,10,1,0.1,,0.0,,True
1258,UBCF,10,2,0.2,28.023986357443068,28.023986357443068,14.01199605679436,True
1259,CBF,10,1,0.1,,0.0,,True
1259,UBCF,10,2,0.2,37.90428148972095,37.90428148972095,18.95215698491864,True
1260,CBF,10,1,0.1,,0.0,,True
1260,UBCF,10,1,0.1,,0.0,,True
1261,CBF,10,2,0.2,29.15869940542207,29.15869940542207,14.579355363761266,True
1261,UBCF,10,2,0.2,20.56227028829262,20.56227028829262,10.281135193399617,True
1262,CBF,10,1,0.1,,0.0,,True
1262,UBCF,10,1,0.1,,0.0,,True
1263,CBF,10,2,0.2,7.90812379907292,7.90812379907292,3.954061946399003,True
1263,UBCF,10,1,0.1,,0.0,,True
1264,CBF,10,1,0.1,,0.0,,True
1264,UBCF,10,1,0.1,,0.0,,True
1265,CBF,10,1,0.1,,0.0,,True
1265,UBCF,10,1,0.1,,0.0,,True
1266,CBF,10,1,0.1,,0.0,,True
1266,UBCF,10,1,0.1,,0.0,,True
1267,CBF,10,1,0.1,,0.0,,True
1267,UBCF,10,1,0.1,,0.0,,True
1268,CBF,10,1,0.1,,0.0,,True
1268,UBCF,10,2,0.2,10.351160117462083,10.351160117462083,5.175580061801435,True
1269,CBF,10,1,0.1,,0.0,,True
1269,UBCF,10,1,0.1,,0.0,,True
1270,CBF,10,2,0.2,17.82423193742532,17.82423193742532,8.912116066560213,True
1270,UBCF,10,1,0.1,,0.0,,True
1271,CBF,10,2,0.2,39.68146350068155,39.68146350068155,19.840734382814126,True
1271,UBCF,10,2,0.2,20.56227028829262,20.56227028829262,10.281135193399617,True
1272,CBF,10,2,0.2,38.497782236027206,38.497782236027206,19.248891571849338,True
1272,UBCF,10,1,0.1,,0.0,,True
1273,CBF,10,1,0.1,,0.0,,True
1273,UBCF,10,1,0.1,,0.0,,True
1274,CBF,10,1,0.1,,0.0,,True
1274,UBCF,10,1,0.1,,0.0,,True
1275,CBF,10,2,0.2,28.163648891291636,28.163648891291636,14.081829185081,True
1275,UBCF,10,1,0.1,,0.0,,True
1276,CBF,10,1,0.1,,0.0,,True
1276,UBCF,10,1,0.1,,0.0,,True
1277,CBF,10,1,0.1,,0.0,,True
1277,UBCF,10,1,0.1,,0.0,,True
1278,CBF,10,1,0.1,,0.0,,True
1278,UBCF,10,1,0.1,,0.0,,True
1279,CBF,10,2,0.2,2.3181081257908294,2.3181081257908294,1.1590540648649006,True
1279,UBCF,10,1,0.1,,0.0,,True
1280,CBF,10,2,0.2,39.89544829710059,39.89544829710059,19.947732443611972,True
1280,UBCF,10,1,0.1,,0.0,,True
1281,CBF,10,2,0.2,17.82423193742532,17.82423193742532,8.912116066560213,True
1281,UBCF,10,1,0.1,,0.0,,True
1282,CBF,10,2,0.2,38.54334327738816,38.54334327738816,19.27168404100997,True
1282,UBCF,10,2,0.2,8.412640195690354,8.412640195690354,4.206320154926033,True
1283,CBF,10,1,0.1,,0.0,,True
1283,UBCF,10,2,0.2,19.380806902927784,19.380806902927784,9.690404897837317,True
1284,CBF,10,2,0.2,39.59342686098516,39.59342686098516,19.79672190853865,True
1284,UBCF,10,1,0.1,,0.0,,True
1285,CBF,10,1,0.1,,0.0,,True
1285,UBCF,10,1,0.1,,0.0,,True
1286,CBF,10,1,0.1,,0.0,,True
1286,UBCF,10,2,0.2,37.90428148972095,37.90428148972095,18.95215698491864,True
1287,CBF,10,2,0.2,39.68146350068155,39.68146350068155,19.840734382814126,True
1287,UBCF,10,1,0.1,,0.0,,True
1288,CBF,10,2,0.2,29.15869940542207,29.15869940542207,14.579355363761266,True
1288,UBCF,10,1,0.1,,0.0,,True
1289,CBF,10,1,0.1,,0.0,,True
1289,UBCF,10,1,0.1,,0.0,,True
1290,CBF,10,1,0.1,,0.0,,True
1290,UBCF,10,1,0.1,,0.0,,True
1291,CBF,10,2,0.2,28.163648891291636,28.163648891291636,14.081829185081,True
1291,UBCF,10,1,0.1,,0.0,,True
1292,CBF,10,2,0.2,11.749728398231753,11.749728398231753,5.874864397864018,True
1292,UBCF,10,1,0.1,,0.0,,True
1293,CBF,10,3,0.3,38.018461444091116,76.03692288818223,24.94602623208985,True
1293,UBCF,10,1,0.1,,0.0,,True
1294,CBF,10,2,0.2,29.15869940542207,29.15869940542207,14.579355363761266,True
1294,UBCF,10,1,0.1,,0.0,,True
1295,CBF,10,2,0.2,1.4317359571066377,1.4317359571066377,0.7158679788583666,True
1295,UBCF,10,1,0.1,,0.0,,True
1296,CBF,10,3,0.3,8.787898476085292,17.575796952170585,6.855558252398272,True
1296,UBCF,10,1,0.1,,0.0,,True
1297,CBF,10,2,0.2,28.163648891291636,28.163648891291636,14.081829185081,True
1297,UBCF,10,1,0.1,,0.0,,True
1298,CBF,10,2,0.2,1.851196413912366,1.851196413912366,0.9255982080141867,True
1298,UBCF,10,2,0.2,28.023986357443068,28.023986357443068,14.01199605679436,True
1299,CBF,10,3,0.3,33.20085757433042,66.40171514866084,23.427638132482766,True
1299,UBCF,10,2,0.2,37.90428148972095,37.90428148972095,18.95215698491864,True
1300,CBF,10,2,0.2,1.4520848238930628,1.4520848238930628,0.7260424121934375,True
1300,UBCF,10,1,0.1,,0.0,,True
1301,CBF,10,2,0.2,1.4317359571066377,1.4317359571066377,0.7158679788583666,True
1301,UBCF,10,2,0.2,16.565863565943992,16.565863565943992,8.282932816586648,True
1302,CBF,10,2,0.2,1.1871346850494013,1.1871346850494013,0.5935673427618292,True
1302,UBCF,10,1,0.1,,0.0,,True
1303,CBF,10,2,0.2,43.262588299701214,43.262588299701214,21.631301429361923,True
1303,UBCF,10,1,0.1,,0.0,,True
1304,CBF,10,2,0.2,27.972552036849212,27.972552036849212,13.986278905543603,True
1304,UBCF,10,1,0.1,,0.0,,True
1305,CBF,10,1,0.1,,0.0,,True
1305,UBCF,10,1,0.1,,0.0,,True
1306,CBF,10,2,0.2,7.90812379907292,7.90812379907292,3.954061946399003,True
1306,UBCF,10,2,0.2,20.56227028829262,20.56227028829262,10.281135193399617,True
1307,CBF,10,1,0.1,,0.0,,True
1307,UBCF,10,1,0.1,,0.0,,True
1308,CBF,10,4,0.4,22.328899971465518,66.98669991439655,20.997982841365136,True
1308,UBCF,10,1,0.1,,0.0,,True
1309,CBF,10,3,0.3,24.39230265249232,48.78460530498464,20.690350397652598,True
1309,UBCF,10,1,0.1,,0.0,,True
1310,CBF,10,2,0.2,23.42832637973626,23.42832637973626,11.71416658667128,True
1310,UBCF,10,2,0.2,19.380806902927784,19.380806902927784,9.690404897837317,True
1311,CBF,10,1,0.1,,0.0,,True
1311,UBCF,10,1,0.1,,0.0,,True
1312,CBF,10,3,0.3,39.90103000773112,79.80206001546225,24.100304972323233,True
1312,UBCF,10,1,0.1,,0.0,,True
1313,CBF,10,2,0.2,0.618187081322193,0.618187081322193,0.3090935406794648,True
1313,UBCF,10,1,0.1,,0.0,,True
1314,CBF,10,1,0.1,,0.0,,True
1314,UBCF,10,1,0.1,,0.0,,True
1315,CBF,10,2,0.2,1.4520848238930628,1.4520848238930628,0.7260424121934375,True
1315,UBCF,10,1,0.1,,0.0,,True
1316,CBF,10,2,0.2,27.972552036849212,27.972552036849212,13.986278905543603,True
1316,UBCF,10,1,0.1,,0.0,,True
1317,CBF,10,1,0.1,,0.0,,True
1317,UBCF,10,1,0.1,,0.0,,True
1318,CBF,10,2,0.2,16.039800087006007,16.039800087006007,8.019900878279927,True
1318,UBCF,10,1,0.1,,0.0,,True
1319,CBF,10,2,0.2,8.966796178516137,8.966796178516137,4.483398160676603,True
1319,UBCF,10,2,0.2,20.56227028829262,20.56227028829262,10.281135193399617,True
1320,CBF,10,2,0.2,42.46063206005696,42.46063206005696,21.230322245394014,True
1320,UBCF,10,1,0.1,,0.0,,True
1321,CBF,10,1,0.1,,0.0,,True
1321,UBCF,10,2,0.2,27.972552036849212,27.972552036849212,13.986278905543603,True
1322,CBF,10,2,0.2,1.5156689175409355,1.5156689175409355,0.7578344591212706,True
1322,UBCF,10,2,0.2,32.52874473344892,32.52874473344892,16.264373376438158,True
1323,CBF,10,1,0.1,,0.0,,True
1323,UBCF,10,1,0.1,,0.0,,True
1324,CBF,10,1,0.1,,0.0,,True
1324,UBCF,10,2,0.2,20.56227028829262,20.56227028829262,10.281135193399617,True
1325,CBF,10,2,0.2,16.039800087006007,16.039800087006007,8.019900878279927,True
1325,UBCF,10,1,0.1,,0.0,,True
1326,CBF,10,2,0.2,28.163648891291636,28.163648891291636,14.081829185081,True
1326,UBCF,10,1,0.1,,0.0,,True
1327,CBF,10,2,0.2,43.262588299701214,43.262588299701214,21.631301429361923,True
1327,UBCF,10,1,0.1,,0.0,,True
1328,CBF,10,1,0.1,,0.0,,True
1328,UBCF,10,2,0.2,37.90428148972095,37.90428148972095,18.95215698491864,True
1329,CBF,10,1,0.1,,0.0,,True
1329,UBCF,10,2,0.2,37.90428148972095,37.90428148972095,18.95215698491864,True
1330,CBF,10,1,0.1,,0.0,,True
1330,UBCF,10,1,0.1,,0.0,,True
1331,CBF,10,1,0.1,,0.0,,True
1331,UBCF,10,1,0.1,,0.0,,True
1332,CBF,10,2,0.2,1.4520848238930628,1.4520848238930628,0.7260424121934375,True
1332,UBCF,10,1,0.1,,0.0,,True
1333,CBF,10,1,0.1,,0.0,,True
1333,UBCF,10,1,0.1,,0.0,,True
1334,CBF,10,2,0.2,33.67692365322722,33.67692365322722,16.838466700408475,True
1334,UBCF,10,1,0.1,,0.0,,True
1335,CBF,10,2,0.2,47.2904786604151,47.2904786604151,23.645251826609766,True
1335,UBCF,10,1,0.1,,0.0,,True
1336,CBF,10,1,0.1,,0.0,,True
1336,UBCF,10,1,0.1,,0.0,,True
1337,CBF,10,2,0.2,45.85743379833855,45.85743379833855,22.92871906581808,True
1337,UBCF,10,1,0.1,,0.0,,True
1338,CBF,10,4,0.4,22.328899971465518,66.98669991439655,20.997982841365136,True
1338,UBCF,10,1,0.1,,0.0,,True
1339,CBF,10,1,0.1,,0.0,,True
1339,UBCF,10,1,0.1,,0.0,,True
1340,CBF,10,3,0.3,16.661937939696955,33.32387587939391,14.670392701795173,True
1340,UBCF,10,1,0.1,,0.0,,True
1341,CBF,10,2,0.2,14.456726227043317,14.456726227043317,7.228363567687827,True
1341,UBCF,10,1,0.1,,0.0,,True
1342,CBF,10,2,0.2,28.36255448689769,28.36255448689769,14.181277271175478,True
1342,UBCF,10,1,0.1,,0.0,,True
1343,CBF,10,2,0.2,43.07938720561975,43.07938720561975,21.53969449295095,True
1343,UBCF,10,2,0.2,13.255130319180587,13.255130319180587,6.627565895156794,True
1344,CBF,10,2,0.2,33.67692365322722,33.67692365322722,16.838466700408475,True
1344,UBCF,10,1,0.1,,0.0,,True
1345,CBF,10,2,0.2,1.4317359571066377,1.4317359571066377,0.7158679788583666,True
1345,UBCF,10,1,0.1,,0.0,,True
1346,CBF,10,2,0.2,8.412640195690354,8.412640195690354,4.206320154926033,True
1346,UBCF,10,1,0.1,,0.0,,True
1347,CBF,10,2,0.2,29.243994421759137,29.243994421759137,14.622005052302741,True
1347,UBCF,10,1,0.1,,0.0,,True
1348,CBF,10,2,0.2,28.163648891291636,28.163648891291636,14.081829185081,True
1348,UBCF,10,1,0.1,,0.0,,True
1349,CBF,10,2,0.2,27.972552036849212,27.972552036849212,13.986278905543603,True
1349,UBCF,10,1,0.1,,0.0,,True
1350,CBF,10,3,0.3,29.847206628766937,59.694413257533874,18.75858926443155,True
1350,UBCF,10,1,0.1,,0.0,,True
1352,CBF,10,1,0.1,,0.0,,True
1352,UBCF,10,1,0.1,,0.0,,True
1353,CBF,10,1,0.1,,0.0,,True
1353,UBCF,10,1,0.1,,0.0,,True
1354,CBF,10,2,0.2,28.163648891291636,28.163648891291636,14.081829185081,True
1354,UBCF,10,2,0.2,37.90428148972095,37.90428148972095,18.95215698491864,True
1355,CBF,10,2,0.2,33.987590128034554,33.987590128034554,16.99380339871609,True
1355,UBCF,10,1,0.1,,0.0,,True
1356,CBF,10,2,0.2,33.67692365322722,33.67692365322722,16.838466700408475,True
1356,UBCF,10,1,0.1,,0.0,,True
1357,CBF,10,2,0.2,28.163648891291636,28.163648891291636,14.081829185081,True
1357,UBCF,10,1,0.1,,0.0,,True
1358,CBF,10,2,0.2,8.412640195690354,8.412640195690354,4.206320154926033,True
1358,UBCF,10,1,0.1,,0.0,,True
1359,CBF,10,1,0.1,,0.0,,True
1359,UBCF,10,1,0.1,,0.0,,True
1360,CBF,10,2,0.2,28.163648891291636,28.163648891291636,14.081829185081,True
1360,UBCF,10,1,0.1,,0.0,,True
1361,CBF,10,2,0.2,7.90812379907292,7.90812379907292,3.954061946399003,True
1361,UBCF,10,1,0.1,,0.0,,True
1362,CBF,10,2,0.2,8.966796178516137,8.966796178516137,4.483398160676603,True
1362,UBCF,10,1,0.1,,0.0,,True
1363,CBF,10,2,0.2,1.4317359571066377,1.4317359571066377,0.7158679788583666,True
1363,UBCF,10,2,0.2,37.90428148972095,37.90428148972095,18.95215698491864,True
1364,CBF,10,3,0.3,4.07309052260081,8.14618104520162,2.8670610483007244,True
1364,UBCF,10,2,0.2,20.56227028829262,20.56227028829262,10.281135193399617,True
1365,CBF,10,3,0.3,39.90103000773112,79.80206001546225,24.100304972323233,True
1365,UBCF,10,1,0.1,,0.0,,True
1366,CBF,10,2,0.2,1.4317359571066377,1.4317359571066377,0.7158679788583666,True
1366,UBCF,10,1,0.1,,0.0,,True
1367,CBF,10,2,0.2,33.67692365322722,33.67692365322722,16.838466700408475,True
1367,UBCF,10,1,0.1,,0.0,,True
1368,CBF,10,1,0.1,,0.0,,True
1368,UBCF,10,1,0.1,,0.0,,True
1369,CBF,10,1,0.1,,0.0,,True
1369,UBCF,10,1,0.1,,0.0,,True
1370,CBF,10,2,0.2,43.262588299701214,43.262588299701214,21.631301429361923,True
1370,UBCF,10,1,0.1,,0.0,,True
1371,CBF,10,1,0.1,,0.0,,True
1371,UBCF,10,1,0.1,,0.0,,True
1372,CBF,10,2,0.2,1.4317359571066377,1.4317359571066377,0.7158679788583666,True
1372,UBCF,10,1,0.1,,0.0,,True
1373,CBF,10,2,0.2,29.243994421759137,29.243994421759137,14.622005052302741,True
1373,UBCF,10,1,0.1,,0.0,,True
1374,CBF,10,2,0.2,33.307372647861015,33.307372647861015,16.653688974915404,True
1374,UBCF,10,1,0.1,,0.0,,True
1375,CBF,10,1,0.1,,0.0,,True
1375,UBCF,10,1,0.1,,0.0,,True
1376,CBF,10,1,0.1,,0.0,,True
1376,UBCF,10,1,0.1,,0.0,,True
1377,CBF,10,1,0.1,,0.0,,True
1377,UBCF,10,1,0.1,,0.0,,True
1378,CBF,10,1,0.1,,0.0,,True
1378,UBCF,10,1,0.1,,0.0,,True
1379,CBF,10,2,0.2,17.82423193742532,17.82423193742532,8.912116066560213,True
1379,UBCF,10,1,0.1,,0.0,,True
1380,CBF,10,1,0.1,,0.0,,True
1380,UBCF,10,1,0.1,,0.0,,True
1381,CBF,10,2,0.2,1.4317359571066377,1.4317359571066377,0.7158679788583666,True
1381,UBCF,10,1,0.1,,0.0,,True
1382,CBF,10,1,0.1,,0.0,,True
1382,UBCF,10,2,0.2,28.023986357443068,28.023986357443068,14.01199605679436,True
1383,CBF,10,1,0.1,,0.0,,True
1383,UBCF,10,1,0.1,,0.0,,True
1384,CBF,10,1,0.1,,0.0,,True
1384,UBCF,10,1,0.1,,0.0,,True
1385,CBF,10,1,0.1,,0.0,,True
1385,UBCF,10,2,0.2,37.90428148972095,37.90428148972095,18.95215698491864,True
1386,CBF,10,1,0.1,,0.0,,True
1386,UBCF,10,1,0.1,,0.0,,True
1387,CBF,10,2,0.2,1.4317359571066377,1.4317359571066377,0.7158679788583666,True
1387,UBCF,10,1,0.1,,0.0,,True
1388,CBF,10,1,0.1,,0.0,,True
1388,UBCF,10,1,0.1,,0.0,,True
1389,CBF,10,1,0.1,,0.0,,True
1389,UBCF,10,1,0.1,,0.0,,True
1390,CBF,10,2,0.2,36.24007716797648,36.24007716797648,18.12004609756425,True
1390,UBCF,10,2,0.2,20.56227028829262,20.56227028829262,10.281135193399617,True
1391,CBF,10,1,0.1,,0.0,,True
1391,UBCF,10,1,0.1,,0.0,,True
1392,CBF,10,2,0.2,28.163648891291636,28.163648891291636,14.081829185081,True
1392,UBCF,10,1,0.1,,0.0,,True
1393,CBF,10,4,0.4,38.282865207476085,114.84859562242826,21.63253697404369,True
1393,UBCF,10,1,0.1,,0.0,,True
1394,CBF,10,1,0.1,,0.0,,True
1394,UBCF,10,1,0.1,,0.0,,True
1395,CBF,10,2,0.2,4.3904075431335965,4.3904075431335965,2.1952037826624493,True
1395,UBCF,10,1,0.1,,0.0,,True
1396,CBF,10,1,0.1,,0.0,,True
1396,UBCF,10,1,0.1,,0.0,,True
1397,CBF,10,1,0.1,,0.0,,True
1397,UBCF,10,1,0.1,,0.0,,True
1398,CBF,10,1,0.1,,0.0,,True
1398,UBCF,10,2,0.2,20.56227028829262,20.56227028829262,10.281135193399617,True
1399,CBF,10,1,0.1,,0.0,,True
1399,UBCF,10,1,0.1,,0.0,,True
1400,CBF,10,2,0.2,27.972552036849212,27.972552036849212,13.986278905543603,True
1400,UBCF,10,1,0.1,,0.0,,True
1401,CBF,10,3,0.3,16.661937939696955,33.32387587939391,14.670392701795173,True
1401,UBCF,10,1,0.1,,0.0,,True
1402,CBF,10,1,0.1,,0.0,,True
1402,UBCF,10,1,0.1,,0.0,,True
1403,CBF,10,1,0.1,,0.0,,True
1403,UBCF,10,1,0.1,,0.0,,True
1404,CBF,10,1,0.1,,0.0,,True
1404,UBCF,10,1,0.1,,0.0,,True
1405,CBF,10,4,0.4,29.15024928466957,87.45074785400871,19.71693182555296,True
1405,UBCF,10,1,0.1,,0.0,,True
1406,CBF,10,2,0.2,29.15869940542207,29.15869940542207,14.579355363761266,True
1406,UBCF,10,1,0.1,,0.0,,True
1407,CBF,10,2,0.2,34.72149846976685,34.72149846976685,17.360758094044108,True
1407,UBCF,10,1,0.1,,0.0,,True
1408,CBF,10,2,0.2,13.448383851462852,13.448383851462852,6.724192680672757,True
1408,UBCF,10,1,0.1,,0.0,,True
1409,CBF,10,3,0.3,51.71236007998358,103.42472015996717,27.314473332598265,True
1409,UBCF,10,1,0.1,,0.0,,True
1410,CBF,10,3,0.3,29.741831496078074,59.48366299215615,22.03639370655,True
1410,UBCF,10,1,0.1,,0.0,,True
1411,CBF,10,2,0.2,1.5156689175409355,1.5156689175409355,0.7578344591212706,True
1411,UBCF,10,1,0.1,,0.0,,True
1412,CBF,10,2,0.2,28.163648891291636,28.163648891291636,14.081829185081,True
1412,UBCF,10,1,0.1,,0.0,,True
1413,CBF,10,2,0.2,28.163648891291636,28.163648891291636,14.081829185081,True
1413,UBCF,10,1,0.1,,0.0,,True
1414,CBF,10,2,0.2,27.972552036849212,27.972552036849212,13.986278905543603,True
1414,UBCF,10,2,0.2,42.31944671414057,42.31944671414057,21.159730993153076,True
1415,CBF,10,1,0.1,,0.0,,True
1415,UBCF,10,1,0.1,,0.0,,True
1416,CBF,10,2,0.2,1.5156689175409355,1.5156689175409355,0.7578344591212706,True
1416,UBCF,10,1,0.1,,0.0,,True
1417,CBF,10,2,0.2,1.4317359571066377,1.4317359571066377,0.7158679788583666,True
1417,UBCF,10,1,0.1,,0.0,,True
1418,CBF,10,2,0.2,8.966796178516137,8.966796178516137,4.483398160676603,True
1418,UBCF,10,1,0.1,,0.0,,True
1419,CBF,10,1,0.1,,0.0,,True
1419,UBCF,10,2,0.2,10.351160117462083,10.351160117462083,5.175580061801435,True
1420,CBF,10,2,0.2,1.4317359571066377,1.4317359571066377,0.7158679788583666,True
1420,UBCF,10,1,0.1,,0.0,,True
1421,CBF,10,1,0.1,,0.0,,True
1421,UBCF,10,1,0.1,,0.0,,True
1422,CBF,10,1,0.1,,0.0,,True
1422,UBCF,10,1,0.1,,0.0,,True
1423,CBF,10,2,0.2,28.163648891291636,28.163648891291636,14.081829185081,True
1423,UBCF,10,1,0.1,,0.0,,True
1424,CBF,10,1,0.1,,0.0,,True
1424,UBCF,10,1,0.1,,0.0,,True
1425,CBF,10,2,0.2,7.90812379907292,7.90812379907292,3.954061946399003,True
1425,UBCF,10,2,0.2,42.31944671414057,42.31944671414057,21.159730993153076,True
1426,CBF,10,2,0.2,19.380806902927784,19.380806902927784,9.690404897837317,True
1426,UBCF,10,1,0.1,,0.0,,True
1427,CBF,10,1,0.1,,0.0,,True
1427,UBCF,10,1,0.1,,0.0,,True
1428,CBF,10,1,0.1,,0.0,,True
1428,UBCF,10,1,0.1,,0.0,,True
1429,CBF,10,2,0.2,27.972552036849212,27.972552036849212,13.986278905543603,True
1429,UBCF,10,1,0.1,,0.0,,True
1430,CBF,10,2,0.2,1.4317359571066377,1.4317359571066377,0.7158679788583666,True
1430,UBCF,10,1,0.1,,0.0,,True
1431,CBF,10,1,0.1,,0.0,,True
1431,UBCF,10,1,0.1,,0.0,,True
1432,CBF,10,1,0.1,,0.0,,True
1432,UBCF,10,1,0.1,,0.0,,True
1433,CBF,10,1,0.1,,0.0,,True
1433,UBCF,10,2,0.2,37.90428148972095,37.90428148972095,18.95215698491864,True
1434,CBF,10,3,0.3,16.962779864591603,33.925559729183206,14.670392701795173,True
1434,UBCF,10,1,0.1,,0.0,,True
1435,CBF,10,2,0.2,18.063673535690604,18.063673535690604,9.031838163077367,True
1435,UBCF,10,2,0.2,20.56227028829262,20.56227028829262,10.281135193399617,True
1436,CBF,10,1,0.1,,0.0,,True
1436,UBCF,10,1,0.1,,0.0,,True
1437,CBF,10,2,0.2,7.90812379907292,7.90812379907292,3.954061946399003,True
1437,UBCF,10,3,0.3,46.742821673007626,93.48564334601525,22.491845482861294,True
1438,CBF,10,1,0.1,,0.0,,True
1438,UBCF,10,1,0.1,,0.0,,True
1439,CBF,10,1,0.1,,0.0,,True
1439,UBCF,10,1,0.1,,0.0,,True
1440,CBF,10,2,0.2,43.262588299701214,43.262588299701214,21.631301429361923,True
1440,UBCF,10,2,0.2,27.972552036849212,27.972552036849212,13.986278905543603,True
1441,CBF,10,2,0.2,1.1222592122022694,1.1222592122022694,0.5611296062512166,True
1441,UBCF,10,1,0.1,,0.0,,True
1442,CBF,10,1,0.1,,0.0,,True
1442,UBCF,10,1,0.1,,0.0,,True
1443,CBF,10,2,0.2,17.82423193742532,17.82423193742532,8.912116066560213,True
1443,UBCF,10,1,0.1,,0.0,,True
1444,CBF,10,2,0.2,1.4317359571066377,1.4317359571066377,0.7158679788583666,True
1444,UBCF,10,1,0.1,,0.0,,True
1445,CBF,10,2,0.2,28.163648891291636,28.163648891291636,14.081829185081,True
1445,UBCF,10,1,0.1,,0.0,,True
1446,CBF,10,2,0.2,4.127413100707732,4.127413100707732,2.063706557612347,True
1446,UBCF,10,1,0.1,,0.0,,True
1447,CBF,10,3,0.3,26.365909858101432,52.731819716202864,21.32895967861381,True
1447,UBCF,10,1,0.1,,0.0,,True
1448,CBF,10,2,0.2,19.747511248130476,19.747511248130476,9.873756747959575,True
1448,UBCF,10,1,0.1,,0.0,,True
1449,CBF,10,2,0.2,28.163648891291636,28.163648891291636,14.081829185081,True
1449,UBCF,10,1,0.1,,0.0,,True
1450,CBF,10,1,0.1,,0.0,,True
1450,UBCF,10,1,0.1,,0.0,,True
1451,CBF,10,2,0.2,39.884336960417365,39.884336960417365,19.94216859195539,True
1451,UBCF,10,1,0.1,,0.0,,True
1452,CBF,10,1,0.1,,0.0,,True
1452,UBCF,10,1,0.1,,0.0,,True
1453,CBF,10,1,0.1,,0.0,,True
1453,UBCF,10,1,0.1,,0.0,,True
1454,CBF,10,3,0.3,16.661937939696955,33.32387587939391,14.670392701795173,True
1454,UBCF,10,1,0.1,,0.0,,True
1455,CBF,10,1,0.1,,0.0,,True
1455,UBCF,10,1,0.1,,0.0,,True
1456,CBF,10,1,0.1,,0.0,,True
1456,UBCF,10,1,0.1,,0.0,,True
1457,CBF,10,2,0.2,1.4317359571066377,1.4317359571066377,0.7158679788583666,True
1457,UBCF,10,1,0.1,,0.0,,True
1458,CBF,10,2,0.2,27.49856335510271,27.49856335510271,13.749286073593973,True
1458,UBCF,10,1,0.1,,0.0,,True
1459,CBF,10,3,0.3,16.661937939696955,33.32387587939391,14.670392701795173,True
1459,UBCF,10,1,0.1,,0.0,,True
1460,CBF,10,2,0.2,2.3181081257908294,2.3181081257908294,1.1590540648649006,True
1460,UBCF,10,2,0.2,10.351160117462083,10.351160117462083,5.175580061801435,True
1461,CBF,10,1,0.1,,0.0,,True
1461,UBCF,10,1,0.1,,0.0,,True
1462,CBF,10,1,0.1,,0.0,,True
1462,UBCF,10,2,0.2,37.90428148972095,37.90428148972095,18.95215698491864,True
1463,CBF,10,1,0.1,,0.0,,True
1463,UBCF,10,1,0.1,,0.0,,True
1464,CBF,10,3,0.3,17.422387190708463,34.844774381416926,13.984483048123929,True
1464,UBCF,10,1,0.1,,0.0,,True
1465,CBF,10,2,0.2,33.67692365322722,33.67692365322722,16.838466700408475,True
1465,UBCF,10,1,0.1,,0.0,,True
1466,CBF,10,2,0.2,1.4317359571066377,1.4317359571066377,0.7158679788583666,True
1466,UBCF,10,2,0.2,37.716643134514264,37.716643134514264,18.8583301894921,True
1467,CBF,10,1,0.1,,0.0,,True
1467,UBCF,10,1,0.1,,0.0,,True
1468,CBF,10,3,0.3,16.661937939696955,33.32387587939391,14.670392701795173,True
1468,UBCF,10,1,0.1,,0.0,,True
1469,CBF,10,1,0.1,,0.0,,True
1469,UBCF,10,1,0.1,,0.0,,True
1470,CBF,10,2,0.2,1.5156689175409355,1.5156689175409355,0.7578344591212706,True
1470,UBCF,10,1,0.1,,0.0,,True
1471,CBF,10,1,0.1,,0.0,,True
1471,UBCF,10,1,0.1,,0.0,,True
1472,CBF,10,1,0.1,,0.0,,True
1472,UBCF,10,1,0.1,,0.0,,True
1473,CBF,10,1,0.1,,0.0,,True
1473,UBCF,10,1,0.1,,0.0,,True
1474,CBF,10,2,0.2,28.163648891291636,28.163648891291636,14.081829185081,True
1474,UBCF,10,1,0.1,,0.0,,True
1475,CBF,10,2,0.2,14.456726227043317,14.456726227043317,7.228363567687827,True
1475,UBCF,10,1,0.1,,0.0,,True
1476,CBF,10,2,0.2,18.063673535690604,18.063673535690604,9.031838163077367,True
1476,UBCF,10,1,0.1,,0.0,,True
1477,CBF,10,2,0.2,43.262588299701214,43.262588299701214,21.631301429361923,True
1477,UBCF,10,1,0.1,,0.0,,True
1478,CBF,10,4,0.4,22.328899971465518,66.98669991439655,20.997982841365136,True
1478,UBCF,10,1,0.1,,0.0,,True
1479,CBF,10,2,0.2,1.4317359571066377,1.4317359571066377,0.7158679788583666,True
1479,UBCF,10,1,0.1,,0.0,,True
1480,CBF,10,2,0.2,1.4317359571066377,1.4317359571066377,0.7158679788583666,True
1480,UBCF,10,1,0.1,,0.0,,True
1481,CBF,10,1,0.1,,0.0,,True
1481,UBCF,10,2,0.2,10.351160117462083,10.351160117462083,5.175580061801435,True
1482,CBF,10,2,0.2,19.380806902927784,19.380806902927784,9.690404897837317,True
1482,UBCF,10,1,0.1,,0.0,,True
1483,CBF,10,2,0.2,2.5420414357668193,2.5420414357668193,1.271020718894901,True
1483,UBCF,10,1,0.1,,0.0,,True
1484,CBF,10,1,0.1,,0.0,,True
1484,UBCF,10,1,0.1,,0.0,,True
1485,CBF,10,2,0.2,27.972552036849212,27.972552036849212,13.986278905543603,True
1485,UBCF,10,1,0.1,,0.0,,True
1486,CBF,10,3,0.3,27.7801369345002,55.5602738690004,20.205086466359937,True
1486,UBCF,10,1,0.1,,0.0,,True
1487,CBF,10,1,0.1,,0.0,,True
1487,UBCF,10,1,0.1,,0.0,,True
1488,CBF,10,2,0.2,43.262588299701214,43.262588299701214,21.631301429361923,True
1488,UBCF,10,1,0.1,,0.0,,True
1489,CBF,10,3,0.3,10.66612670445373,21.33225340890746,6.855558252398129,True
1489,UBCF,10,1,0.1,,0.0,,True
1490,CBF,10,2,0.2,1.4317359571066377,1.4317359571066377,0.7158679788583666,True
1490,UBCF,10,1,0.1,,0.0,,True
1491,CBF,10,1,0.1,,0.0,,True
1491,UBCF,10,1,0.1,,0.0,,True
1492,CBF,10,3,0.3,16.00286294846914,32.00572589693828,12.498526438558054,True
1492,UBCF,10,1,0.1,,0.0,,True
1493,CBF,10,3,0.3,16.962779864591603,33.925559729183206,14.670392701795173,True
1493,UBCF,10,1,0.1,,0.0,,True
1494,CBF,10,2,0.2,1.851196413912366,1.851196413912366,0.9255982080141867,True
1494,UBCF,10,2,0.2,28.023986357443068,28.023986357443068,14.01199605679436,True
1495,CBF,10,2,0.2,38.97541147027279,38.97541147027279,19.487708880396617,True
1495,UBCF,10,1,0.1,,0.0,,True
1496,CBF,10,2,0.2,1.4317359571066377,1.4317359571066377,0.7158679788583666,True
1496,UBCF,10,1,0.1,,0.0,,True
1497,CBF,10,2,0.2,43.262588299701214,43.262588299701214,21.631301429361923,True
1497,UBCF,10,1,0.1,,0.0,,True
1498,CBF,10,2,0.2,19.802199491474596,19.802199491474596,9.901100073718258,True
1498,UBCF,10,1,0.1,,0.0,,True
1499,CBF,10,1,0.1,,0.0,,True
1499,UBCF,10,2,0.2,27.972552036849212,27.972552036849212,13.986278905543603,True
1500,CBF,10,1,0.1,,0.0,,True
1500,UBCF,10,1,0.1,,0.0,,True
1501,CBF,10,2,0.2,28.163648891291636,28.163648891291636,14.081829185081,True
1501,UBCF,10,1,0.1,,0.0,,True
1502,CBF,10,2,0.2,1.4317359571066377,1.4317359571066377,0.7158679788583666,True
1502,UBCF,10,1,0.1,,0.0,,True
1503,CBF,10,2,0.2,27.972552036849212,27.972552036849212,13.986278905543603,True
1503,UBCF,10,1,0.1,,0.0,,True
1504,CBF,10,1,0.1,,0.0,,True
1504,UBCF,10,1,0.1,,0.0,,True
1505,CBF,10,1,0.1,,0.0,,True
1505,UBCF,10,1,0.1,,0.0,,True
1506,CBF,10,2,0.2,28.163648891291636,28.163648891291636,14.081829185081,True
1506,UBCF,10,1,0.1,,0.0,,True
1507,CBF,10,2,0.2,43.262588299701214,43.262588299701214,21.631301429361923,True
1507,UBCF,10,1,0.1,,0.0,,True
1508,CBF,10,2,0.2,1.4317359571066377,1.4317359571066377,0.7158679788583666,True
1508,UBCF,10,1,0.1,,0.0,,True
1509,CBF,10,2,0.2,28.163648891291636,28.163648891291636,14.081829185081,True
1509,UBCF,10,1,0.1,,0.0,,True
1510,CBF,10,2,0.2,39.89544829710059,39.89544829710059,19.947732443611972,True
1510,UBCF,10,1,0.1,,0.0,,True
1511,CBF,10,1,0.1,,0.0,,True
1511,UBCF,10,1,0.1,,0.0,,True
1512,CBF,10,2,0.2,0.618187081322193,0.618187081322193,0.3090935406794648,True
1512,UBCF,10,1,0.1,,0.0,,True
1513,CBF,10,2,0.2,38.97541147027279,38.97541147027279,19.487708880396617,True
1513,UBCF,10,1,0.1,,0.0,,True
1514,CBF,10,3,0.3,19.281787737706747,38.563575475413494,15.419217548863594,True
1514,UBCF,10,1,0.1,,0.0,,True
1515,CBF,10,2,0.2,2.3181081257908294,2.3181081257908294,1.1590540648649006,True
1515,UBCF,10,1,0.1,,0.0,,True
1516,CBF,10,1,0.1,,0.0,,True
1516,UBCF,10,2,0.2,10.351160117462083,10.351160117462083,5.175580061801435,True
1517,CBF,10,3,0.3,30.800349437760367,61.600698875520735,15.951879880329114,True
1517,UBCF,10,2,0.2,37.90428148972095,37.90428148972095,18.95215698491864,True
1518,CBF,10,2,0.2,1.4317359571066377,1.4317359571066377,0.7158679788583666,True
1518,UBCF,10,1,0.1,,0.0,,True
1519,CBF,10,2,0.2,30.609509272558906,30.609509272558906,15.304757029726051,True
1519,UBCF,10,1,0.1,,0.0,,True
1520,CBF,10,1,0.1,,0.0,,True
1520,UBCF,10,1,0.1,,0.0,,True
1521,CBF,10,2,0.2,27.972552036849212,27.972552036849212,13.986278905543603,True
1521,UBCF,10,1,0.1,,0.0,,True
1522,CBF,10,2,0.2,18.063673535690604,18.063673535690604,9.031838163077367,True
1522,UBCF,10,1,0.1,,0.0,,True
1523,CBF,10,3,0.3,16.962779864591603,33.925559729183206,14.670392701795173,True
1523,UBCF,10,2,0.2,37.90428148972095,37.90428148972095,18.95215698491864,True
1524,CBF,10,3,0.3,29.551415178475974,59.10283035695195,23.225886950306606,True
1524,UBCF,10,1,0.1,,0.0,,True
1525,CBF,10,2,0.2,27.972552036849212,27.972552036849212,13.986278905543603,True
1525,UBCF,10,1,0.1,,0.0,,True
1526,CBF,10,1,0.1,,0.0,,True
1526,UBCF,10,1,0.1,,0.0,,True
1527,CBF,10,1,0.1,,0.0,,True
1527,UBCF,10,1,0.1,,0.0,,True
1528,CBF,10,2,0.2,28.163648891291636,28.163648891291636,14.081829185081,True
1528,UBCF,10,1,0.1,,0.0,,True
1529,CBF,10,1,0.1,,0.0,,True
1529,UBCF,10,1,0.1,,0.0,,True
1530,CBF,10,1,0.1,,0.0,,True
1530,UBCF,10,2,0.2,37.90428148972095,37.90428148972095,18.95215698491864,True
1531,CBF,10,2,0.2,43.262588299701214,43.262588299701214,21.631301429361923,True
1531,UBCF,10,1,0.1,,0.0,,True
1533,CBF,10,2,0.2,39.68146350068155,39.68146350068155,19.840734382814126,True
1533,UBCF,10,1,0.1,,0.0,,True
1534,CBF,10,2,0.2,29.15869940542207,29.15869940542207,14.579355363761266,True
1534,UBCF,10,2,0.2,45.85743379833855,45.85743379833855,22.92871906581808,True
1535,CBF,10,1,0.1,,0.0,,True
1535,UBCF,10,2,0.2,19.380806902927784,19.380806902927784,9.690404897837317,True
1536,CBF,10,2,0.2,1.4317359571066377,1.4317359571066377,0.7158679788583666,True
1536,UBCF,10,1,0.1,,0.0,,True
1537,CBF,10,1,0.1,,0.0,,True
1537,UBCF,10,1,0.1,,0.0,,True
1538,CBF,10,1,0.1,,0.0,,True
1538,UBCF,10,1,0.1,,0.0,,True
1539,CBF,10,2,0.2,28.163648891291636,28.163648891291636,14.081829185081,True
1539,UBCF,10,1,0.1,,0.0,,True
1540,CBF,10,3,0.3,16.661937939696955,33.32387587939391,14.670392701795173,True
1540,UBCF,10,1,0.1,,0.0,,True
1541,CBF,10,2,0.2,43.262588299701214,43.262588299701214,21.631301429361923,True
1541,UBCF,10,2,0.2,20.56227028829262,20.56227028829262,10.281135193399617,True
1542,CBF,10,2,0.2,39.884336960417365,39.884336960417365,19.94216859195539,True
1542,UBCF,10,1,0.1,,0.0,,True
1543,CBF,10,1,0.1,,0.0,,True
1543,UBCF,10,1,0.1,,0.0,,True
1544,CBF,10,2,0.2,1.4317359571066377,1.4317359571066377,0.7158679788583666,True
1544,UBCF,10,1,0.1,,0.0,,True
1545,CBF,10,1,0.1,,0.0,,True
1545,UBCF,10,1,0.1,,0.0,,True
1546,CBF,10,1,0.1,,0.0,,True
1546,UBCF,10,1,0.1,,0.0,,True
1547,CBF,10,2,0.2,8.966796178516137,8.966796178516137,4.483398160676603,True
1547,UBCF,10,1,0.1,,0.0,,True
1548,CBF,10,1,0.1,,0.0,,True
1548,UBCF,10,1,0.1,,0.0,,True
1549,CBF,10,1,0.1,,0.0,,True
1549,UBCF,10,1,0.1,,0.0,,True
1550,CBF,10,2,0.2,33.67692365322722,33.67692365322722,16.838466700408475,True
1550,UBCF,10,1,0.1,,0.0,,True
1551,CBF,10,3,0.3,20.70131197994607,41.40262395989214,13.984483048124067,True
1551,UBCF,10,1,0.1,,0.0,,True
1552,CBF,10,2,0.2,44.6387353025896,44.6387353025896,22.319382584751814,True
1552,UBCF,10,1,0.1,,0.0,,True
1553,CBF,10,4,0.4,29.15024928466957,87.45074785400871,19.71693182555296,True
1553,UBCF,10,1,0.1,,0.0,,True
1554,CBF,10,1,0.1,,0.0,,True
1554,UBCF,10,1,0.1,,0.0,,True
1555,CBF,10,1,0.1,,0.0,,True
1555,UBCF,10,1,0.1,,0.0,,True
1556,CBF,10,4,0.4,29.15024928466957,87.45074785400871,19.71693182555296,True
1556,UBCF,10,1,0.1,,0.0,,True
1557,CBF,10,2,0.2,1.4317359571066377,1.4317359571066377,0.7158679788583666,True
1557,UBCF,10,1,0.1,,0.0,,True
1558,CBF,10,1,0.1,,0.0,,True
1558,UBCF,10,2,0.2,37.90428148972095,37.90428148972095,18.95215698491864,True
1559,CBF,10,2,0.2,18.063673535690604,18.063673535690604,9.031838163077367,True
1559,UBCF,10,1,0.1,,0.0,,True
1560,CBF,10,2,0.2,33.67692365322722,33.67692365322722,16.838466700408475,True
1560,UBCF,10,1,0.1,,0.0,,True
1561,CBF,10,1,0.1,,0.0,,True
1561,UBCF,10,1,0.1,,0.0,,True
1562,CBF,10,4,0.4,6.689877204399944,20.06963161319983,7.5082192704521535,True
1562,UBCF,10,1,0.1,,0.0,,True
1563,CBF,10,1,0.1,,0.0,,True
1563,UBCF,10,1,0.1,,0.0,,True
1564,CBF,10,1,0.1,,0.0,,True
1564,UBCF,10,1,0.1,,0.0,,True
1565,CBF,10,3,0.3,51.71236007998358,103.42472015996717,27.314473332598265,True
1565,UBCF,10,1,0.1,,0.0,,True
1567,CBF,10,3,0.3,50.075337687662994,100.15067537532599,28.335316861705888,True
1567,UBCF,10,1,0.1,,0.0,,True
1568,CBF,10,3,0.3,19.86916854607542,39.73833709215084,13.812411814634183,True
1568,UBCF,10,1,0.1,,0.0,,True
1569,CBF,10,2,0.2,1.851196413912366,1.851196413912366,0.9255982080141867,True
1569,UBCF,10,1,0.1,,0.0,,True
1570,CBF,10,1,0.1,,0.0,,True
1570,UBCF,10,1,0.1,,0.0,,True
1571,CBF,10,3,0.3,18.382333445639606,36.76466689127921,14.898158134110568,True
1571,UBCF,10,1,0.1,,0.0,,True
1572,CBF,10,2,0.2,27.972552036849212,27.972552036849212,13.986278905543603,True
1572,UBCF,10,2,0.2,11.749728398231753,11.749728398231753,5.874864397864018,True
1573,CBF,10,2,0.2,2.3181081257908294,2.3181081257908294,1.1590540648649006,True
1573,UBCF,10,1,0.1,,0.0,,True
1574,CBF,10,2,0.2,1.4520848238930628,1.4520848238930628,0.7260424121934375,True
1574,UBCF,10,1,0.1,,0.0,,True
1575,CBF,10,4,0.4,24.84124608838425,74.52373826515274,18.85836389334606,True
1575,UBCF,10,1,0.1,,0.0,,True
1576,CBF,10,1,0.1,,0.0,,True
1576,UBCF,10,1,0.1,,0.0,,True
1577,CBF,10,2,0.2,27.972552036849212,27.972552036849212,13.986278905543603,True
1577,UBCF,10,1,0.1,,0.0,,True
1578,CBF,10,1,0.1,,0.0,,True
1578,UBCF,10,1,0.1,,0.0,,True
1579,CBF,10,2,0.2,1.4317359571066377,1.4317359571066377,0.7158679788583666,True
1579,UBCF,10,1,0.1,,0.0,,True
1580,CBF,10,1,0.1,,0.0,,True
1580,UBCF,10,1,0.1,,0.0,,True
1581,CBF,10,1,0.1,,0.0,,True
1581,UBCF,10,2,0.2,19.380806902927784,19.380806902927784,9.690404897837317,True
1582,CBF,10,2,0.2,27.972552036849212,27.972552036849212,13.986278905543603,True
1582,UBCF,10,1,0.1,,0.0,,True
1583,CBF,10,2,0.2,1.4317359571066377,1.4317359571066377,0.7158679788583666,True
1583,UBCF,10,1,0.1,,0.0,,True
1584,CBF,10,1,0.1,,0.0,,True
1584,UBCF,10,1,0.1,,0.0,,True
1585,CBF,10,4,0.4,23.061097379548556,69.18329213864567,20.767912736138523,True
1585,UBCF,10,2,0.2,20.56227028829262,20.56227028829262,10.281135193399617,True
1586,CBF,10,2,0.2,33.174456435100545,33.174456435100545,16.587234138151796,True
1586,UBCF,10,1,0.1,,0.0,,True
1587,CBF,10,1,0.1,,0.0,,True
1587,UBCF,10,1,0.1,,0.0,,True
1588,CBF,10,1,0.1,,0.0,,True
1588,UBCF,10,1,0.1,,0.0,,True
1589,CBF,10,2,0.2,33.85474968413719,33.85474968413719,16.92737540235248,True
1589,UBCF,10,1,0.1,,0.0,,True
1590,CBF,10,2,0.2,28.163648891291636,28.163648891291636,14.081829185081,True
1590,UBCF,10,2,0.2,10.351160117462083,10.351160117462083,5.175580061801435,True
1591,CBF,10,1,0.1,,0.0,,True
1591,UBCF,10,2,0.2,19.380806902927784,19.380806902927784,9.690404897837317,True
1592,CBF,10,1,0.1,,0.0,,True
1592,UBCF,10,2,0.2,19.380806902927784,19.380806902927784,9.690404897837317,True
1593,CBF,10,1,0.1,,0.0,,True
1593,UBCF,10,2,0.2,10.351160117462083,10.351160117462083,5.175580061801435,True
1594,CBF,10,1,0.1,,0.0,,True
1594,UBCF,10,2,0.2,37.90428148972095,37.90428148972095,18.95215698491864,True
1595,CBF,10,2,0.2,8.492806526192252,8.492806526192252,4.246403326945568,True
1595,UBCF,10,1,0.1,,0.0,,True
1596,CBF,10,1,0.1,,0.0,,True
1596,UBCF,10,1,0.1,,0.0,,True
1597,CBF,10,1,0.1,,0.0,,True
1597,UBCF,10,1,0.1,,0.0,,True
1598,CBF,10,2,0.2,18.063673535690604,18.063673535690604,9.031838163077367,True
1598,UBCF,10,1,0.1,,0.0,,True
1599,CBF,10,1,0.1,,0.0,,True
1599,UBCF,10,1,0.1,,0.0,,True
1600,CBF,10,1,0.1,,0.0,,True
1600,UBCF,10,1,0.1,,0.0,,True
1601,CBF,10,2,0.2,1.2294901081794265,1.2294901081794265,0.6147450544389285,True
1601,UBCF,10,1,0.1,,0.0,,True
1602,CBF,10,2,0.2,1.4317359571066377,1.4317359571066377,0.7158679788583666,True
1602,UBCF,10,1,0.1,,0.0,,True
1603,CBF,10,1,0.1,,0.0,,True
1603,UBCF,10,1,0.1,,0.0,,True
1604,CBF,10,2,0.2,1.4520848238930628,1.4520848238930628,0.7260424121934375,True
1604,UBCF,10,1,0.1,,0.0,,True
1605,CBF,10,3,0.3,39.435429883686695,78.87085976737339,22.70958043158625,True
1605,UBCF,10,1,0.1,,0.0,,True
1606,CBF,10,1,0.1,,0.0,,True
1606,UBCF,10,2,0.2,27.972552036849212,27.972552036849212,13.986278905543603,True
1607,CBF,10,1,0.1,,0.0,,True
1607,UBCF,10,1,0.1,,0.0,,True
1608,CBF,10,1,0.1,,0.0,,True
1608,UBCF,10,1,0.1,,0.0,,True
1609,CBF,10,1,0.1,,0.0,,True
1609,UBCF,10,1,0.1,,0.0,,True
1610,CBF,10,2,0.2,42.58985072810587,42.58985072810587,21.294941911813737,True
1610,UBCF,10,1,0.1,,0.0,,True
1611,CBF,10,2,0.2,1.4317359571066377,1.4317359571066377,0.7158679788583666,True
1611,UBCF,10,1,0.1,,0.0,,True
1612,CBF,10,1,0.1,,0.0,,True
1612,UBCF,10,1,0.1,,0.0,,True
1613,CBF,10,1,0.1,,0.0,,True
1613,UBCF,10,1,0.1,,0.0,,True
1614,CBF,10,2,0.2,29.15869940542207,29.15869940542207,14.579355363761266,True
1614,UBCF,10,1,0.1,,0.0,,True
1615,CBF,10,2,0.2,27.972552036849212,27.972552036849212,13.986278905543603,True
1615,UBCF,10,2,0.2,10.351160117462083,10.351160117462083,5.175580061801435,True
1616,CBF,10,2,0.2,20.357530189223063,20.357530189223063,10.178765101099387,True
1616,UBCF,10,1,0.1,,0.0,,True
1617,CBF,10,1,0.1,,0.0,,True
1617,UBCF,10,1,0.1,,0.0,,True
1618,CBF,10,2,0.2,27.972552036849212,27.972552036849212,13.986278905543603,True
1618,UBCF,10,1,0.1,,0.0,,True
1619,CBF,10,1,0.1,,0.0,,True
1619,UBCF,10,1,0.1,,0.0,,True
1620,CBF,10,1,0.1,,0.0,,True
1620,UBCF,10,1,0.1,,0.0,,True
1621,CBF,10,2,0.2,3.7905621299963252,3.7905621299963252,1.895281068401572,True
1621,UBCF,10,1,0.1,,0.0,,True
1622,CBF,10,1,0.1,,0.0,,True
1622,UBCF,10,1,0.1,,0.0,,True
1623,CBF,10,3,0.3,40.1017895644717,80.2035791289434,28.25891576673595,True
1623,UBCF,10,1,0.1,,0.0,,True
1624,CBF,10,1,0.1,,0.0,,True
1624,UBCF,10,2,0.2,31.43542951846135,31.43542951846135,15.717719488393843,True
1625,CBF,10,2,0.2,1.4317359571066377,1.4317359571066377,0.7158679788583666,True
1625,UBCF,10,2,0.2,27.972552036849212,27.972552036849212,13.986278905543603,True
1626,CBF,10,2,0.2,27.972552036849212,27.972552036849212,13.986278905543603,True
1626,UBCF,10,1,0.1,,0.0,,True
1627,CBF,10,2,0.2,28.163648891291636,28.163648891291636,14.081829185081,True
1627,UBCF,10,1,0.1,,0.0,,True
1628,CBF,10,2,0.2,27.656589283890874,27.656589283890874,13.828301855562042,True
1628,UBCF,10,1,0.1,,0.0,,True
1629,CBF,10,1,0.1,,0.0,,True
1629,UBCF,10,1,0.1,,0.0,,True
1630,CBF,10,2,0.2,39.884336960417365,39.884336960417365,19.94216859195539,True
1630,UBCF,10,1,0.1,,0.0,,True
1631,CBF,10,2,0.2,24.475756360953795,24.475756360953795,12.237881850962218,True
1631,UBCF,10,1,0.1,,0.0,,True
1632,CBF,10,1,0.1,,0.0,,True
1632,UBCF,10,2,0.2,37.90428148972095,37.90428148972095,18.95215698491864,True
1633,CBF,10,1,0.1,,0.0,,True
1633,UBCF,10,1,0.1,,0.0,,True
1634,CBF,10,1,0.1,,0.0,,True
1634,UBCF,10,1,0.1,,0.0,,True
1635,CBF,10,2,0.2,1.4317359571066377,1.4317359571066377,0.7158679788583666,True
1635,UBCF,10,2,0.2,37.90428148972095,37.90428148972095,18.95215698491864,True
1636,CBF,10,1,0.1,,0.0,,True
1636,UBCF,10,2,0.2,7.181879231932081,7.181879231932081,3.590939720860966,True
1637,CBF,10,2,0.2,7.90812379907292,7.90812379907292,3.954061946399003,True
1637,UBCF,10,1,0.1,,0.0,,True
1638,CBF,10,1,0.1,,0.0,,True
1638,UBCF,10,1,0.1,,0.0,,True
1639,CBF,10,2,0.2,2.3181081257908294,2.3181081257908294,1.1590540648649006,True
1639,UBCF,10,1,0.1,,0.0,,True
1640,CBF,10,1,0.1,,0.0,,True
1640,UBCF,10,1,0.1,,0.0,,True
1641,CBF,10,1,0.1,,0.0,,True
1641,UBCF,10,1,0.1,,0.0,,True
1642,CBF,10,1,0.1,,0.0,,True
1642,UBCF,10,1,0.1,,0.0,,True
1643,CBF,10,1,0.1,,0.0,,True
1643,UBCF,10,1,0.1,,0.0,,True
1644,CBF,10,2,0.2,27.972552036849212,27.972552036849212,13.986278905543603,True
1644,UBCF,10,1,0.1,,0.0,,True
1645,CBF,10,2,0.2,36.24007716797648,36.24007716797648,18.12004609756425,True
1645,UBCF,10,1,0.1,,0.0,,True
1646,CBF,10,1,0.1,,0.0,,True
1646,UBCF,10,1,0.1,,0.0,,True
1647,CBF,10,2,0.2,28.163648891291636,28.163648891291636,14.081829185081,True
1647,UBCF,10,1,0.1,,0.0,,True
1648,CBF,10,3,0.3,10.66612670445373,21.33225340890746,6.855558252398129,True
1648,UBCF,10,1,0.1,,0.0,,True
1649,CBF,10,1,0.1,,0.0,,True
1649,UBCF,10,2,0.2,20.56227028829262,20.56227028829262,10.281135193399617,True
1650,CBF,10,2,0.2,1.4317359571066377,1.4317359571066377,0.7158679788583666,True
1650,UBCF,10,1,0.1,,0.0,,True
1652,CBF,10,2,0.2,33.47709214428181,33.47709214428181,16.738548297189894,True
1652,UBCF,10,1,0.1,,0.0,,True
1653,CBF,10,1,0.1,,0.0,,True
1653,UBCF,10,2,0.2,10.351160117462083,10.351160117462083,5.175580061801435,True
1654,CBF,10,2,0.2,0.618187081322193,0.618187081322193,0.3090935406794648,True
1654,UBCF,10,2,0.2,10.11520514739659,10.11520514739659,5.057602716437146,True
1655,CBF,10,3,0.3,11.70237028889588,23.40474057779176,9.327456814004522,True
1655,UBCF,10,1,0.1,,0.0,,True
1656,CBF,10,2,0.2,0.618187081322193,0.618187081322193,0.3090935406794648,True
1656,UBCF,10,1,0.1,,0.0,,True
1657,CBF,10,1,0.1,,0.0,,True
1657,UBCF,10,2,0.2,6.324005324956843,6.324005324956843,3.162002681399092,True
1658,CBF,10,3,0.3,38.018461444091116,76.03692288818223,24.94602623208985,True
1658,UBCF,10,1,0.1,,0.0,,True
1659,CBF,10,1,0.1,,0.0,,True
1659,UBCF,10,1,0.1,,0.0,,True
1660,CBF,10,2,0.2,1.4317359571066377,1.4317359571066377,0.7158679788583666,True
1660,UBCF,10,1,0.1,,0.0,,True
1661,CBF,10,2,0.2,29.15869940542207,29.15869940542207,14.579355363761266,True
1661,UBCF,10,1,0.1,,0.0,,True
1662,CBF,10,2,0.2,32.70568879807172,32.70568879807172,16.352846904750777,True
1662,UBCF,10,1,0.1,,0.0,,True
1663,CBF,10,4,0.4,22.328899971465518,66.98669991439655,20.997982841365136,True
1663,UBCF,10,1,0.1,,0.0,,True
1664,CBF,10,2,0.2,1.5156689175409355,1.5156689175409355,0.7578344591212706,True
1664,UBCF,10,1,0.1,,0.0,,True
1665,CBF,10,2,0.2,43.262588299701214,43.262588299701214,21.631301429361923,True
1665,UBCF,10,2,0.2,11.749728398231753,11.749728398231753,5.874864397864018,True
1666,CBF,10,1,0.1,,0.0,,True
1666,UBCF,10,1,0.1,,0.0,,True
1667,CBF,10,3,0.3,14.569364031562456,29.138728063124912,12.386229006731453,True
1667,UBCF,10,1,0.1,,0.0,,True
1668,CBF,10,1,0.1,,0.0,,True
1668,UBCF,10,1,0.1,,0.0,,True
1669,CBF,10,2,0.2,16.039800087006007,16.039800087006007,8.019900878279927,True
1669,UBCF,10,1,0.1,,0.0,,True
1670,CBF,10,1,0.1,,0.0,,True
1670,UBCF,10,1,0.1,,0.0,,True
1671,CBF,10,1,0.1,,0.0,,True
1671,UBCF,10,1,0.1,,0.0,,True
1672,CBF,10,2,0.2,1.5156689175409355,1.5156689175409355,0.7578344591212706,True
1672,UBCF,10,1,0.1,,0.0,,True
1673,CBF,10,1,0.1,,0.0,,True
1673,UBCF,10,1,0.1,,0.0,,True
1674,CBF,10,3,0.3,17.422387190708463,34.844774381416926,13.984483048124067,True
1674,UBCF,10,1,0.1,,0.0,,True
1675,CBF,10,2,0.2,30.609509272558906,30.609509272558906,15.304757029726051,True
1675,UBCF,10,1,0.1,,0.0,,True
1676,CBF,10,1,0.1,,0.0,,True
1676,UBCF,10,1,0.1,,0.0,,True
1677,CBF,10,1,0.1,,0.0,,True
1677,UBCF,10,1,0.1,,0.0,,True
1678,CBF,10,2,0.2,47.42548488878177,47.42548488878177,23.712758341755357,True
1678,UBCF,10,1,0.1,,0.0,,True
1679,CBF,10,2,0.2,27.972552036849212,27.972552036849212,13.986278905543603,True
1679,UBCF,10,1,0.1,,0.0,,True
1680,CBF,10,2,0.2,39.131166621556076,39.131166621556076,19.565591509610922,True
1680,UBCF,10,1,0.1,,0.0,,True
1681,CBF,10,2,0.2,1.5156689175409355,1.5156689175409355,0.7578344591212706,True
1681,UBCF,10,1,0.1,,0.0,,True
1682,CBF,10,1,0.1,,0.0,,True
1682,UBCF,10,1,0.1,,0.0,,True
1683,CBF,10,1,0.1,,0.0,,True
1683,UBCF,10,1,0.1,,0.0,,True
1684,CBF,10,2,0.2,28.163648891291636,28.163648891291636,14.081829185081,True
1684,UBCF,10,1,0.1,,0.0,,True
1685,CBF,10,1,0.1,,0.0,,True
1685,UBCF,10,2,0.2,27.972552036849212,27.972552036849212,13.986278905543603,True
1686,CBF,10,2,0.2,29.15869940542207,29.15869940542207,14.579355363761266,True
1686,UBCF,10,1,0.1,,0.0,,True
1687,CBF,10,1,0.1,,0.0,,True
1687,UBCF,10,1,0.1,,0.0,,True
1688,CBF,10,1,0.1,,0.0,,True
1688,UBCF,10,2,0.2,43.06789496829618,43.06789496829618,21.53394824722954,True
1689,CBF,10,2,0.2,47.42548488878177,47.42548488878177,23.712758341755357,True
1689,UBCF,10,1,0.1,,0.0,,True
1690,CBF,10,3,0.3,19.86916854607542,39.73833709215084,13.812411814634183,True
1690,UBCF,10,1,0.1,,0.0,,True
1691,CBF,10,1,0.1,,0.0,,True
1691,UBCF,10,1,0.1,,0.0,,True
1692,CBF,10,3,0.3,16.962779864591603,33.925559729183206,14.670392701795173,True
1692,UBCF,10,1,0.1,,0.0,,True
1693,CBF,10,2,0.2,1.4317359571066377,1.4317359571066377,0.7158679788583666,True
1693,UBCF,10,1,0.1,,0.0,,True
1694,CBF,10,2,0.2,27.972552036849212,27.972552036849212,13.986278905543603,True
1694,UBCF,10,1,0.1,,0.0,,True
1695,CBF,10,2,0.2,28.163648891291636,28.163648891291636,14.081829185081,True
1695,UBCF,10,1,0.1,,0.0,,True
1696,CBF,10,1,0.1,,0.0,,True
1696,UBCF,10,1,0.1,,0.0,,True
1697,CBF,10,2,0.2,1.5431923121318396,1.5431923121318396,0.7715961563145184,True
1697,UBCF,10,1,0.1,,0.0,,True
1698,CBF,10,2,0.2,43.262588299701214,43.262588299701214,21.631301429361923,True
1698,UBCF,10,1,0.1,,0.0,,True
1699,CBF,10,1,0.1,,0.0,,True
1699,UBCF,10,1,0.1,,0.0,,True
1700,CBF,10,1,0.1,,0.0,,True
1700,UBCF,10,1,0.1,,0.0,,True
1701,CBF,10,1,0.1,,0.0,,True
1701,UBCF,10,1,0.1,,0.0,,True
1702,CBF,10,2,0.2,19.380806902927784,19.380806902927784,9.690404897837317,True
1702,UBCF,10,2,0.2,37.90428148972095,37.90428148972095,18.95215698491864,True
1703,CBF,10,2,0.2,1.4317359571066377,1.4317359571066377,0.7158679788583666,True
1703,UBCF,10,1,0.1,,0.0,,True
1704,CBF,10,1,0.1,,0.0,,True
1704,UBCF,10,2,0.2,20.56227028829262,20.56227028829262,10.281135193399617,True
1705,CBF,10,1,0.1,,0.0,,True
1705,UBCF,10,2,0.2,31.43542951846135,31.43542951846135,15.717719488393843,True
1706,CBF,10,4,0.4,31.778130458545704,95.33439137563711,25.560148421311528,True
1706,UBCF,10,1,0.1,,0.0,,True
1707,CBF,10,1,0.1,,0.0,,True
1707,UBCF,10,1,0.1,,0.0,,True
1708,CBF,10,1,0.1,,0.0,,True
1708,UBCF,10,1,0.1,,0.0,,True
1709,CBF,10,2,0.2,1.4317359571066377,1.4317359571066377,0.7158679788583666,True
1709,UBCF,10,1,0.1,,0.0,,True
1710,CBF,10,2,0.2,33.67692365322722,33.67692365322722,16.838466700408475,True
1710,UBCF,10,1,0.1,,0.0,,True
1711,CBF,10,2,0.2,1.4317359571066377,1.4317359571066377,0.7158679788583666,True
1711,UBCF,10,1,0.1,,0.0,,True
1712,CBF,10,4,0.4,26.7243388864777,80.1730166594331,20.997982841365136,True
1712,UBCF,10,1,0.1,,0.0,,True
1713,CBF,10,1,0.1,,0.0,,True
1713,UBCF,10,1,0.1,,0.0,,True
1714,CBF,10,4,0.4,22.328899971465518,66.98669991439655,20.997982841365136,True
1714,UBCF,10,1,0.1,,0.0,,True
1715,CBF,10,1,0.1,,0.0,,True
1715,UBCF,10,1,0.1,,0.0,,True
1716,CBF,10,1,0.1,,0.0,,True
1716,UBCF,10,1,0.1,,0.0,,True
1717,CBF,10,2,0.2,1.5431923121318396,1.5431923121318396,0.7715961563145184,True
1717,UBCF,10,1,0.1,,0.0,,True
1718,CBF,10,2,0.2,39.304889873625584,39.304889873625584,19.65246355239085,True
1718,UBCF,10,1,0.1,,0.0,,True
1719,CBF,10,1,0.1,,0.0,,True
1719,UBCF,10,1,0.1,,0.0,,True
1720,CBF,10,3,0.3,16.00286294846914,32.00572589693828,12.498526438558054,True
1720,UBCF,10,1,0.1,,0.0,,True
1721,CBF,10,1,0.1,,0.0,,True
1721,UBCF,10,1,0.1,,0.0,,True
1722,CBF,10,2,0.2,47.12934881228967,47.12934881228967,23.564704578732673,True
1722,UBCF,10,2,0.2,10.351160117462083,10.351160117462083,5.175580061801435,True
1723,CBF,10,1,0.1,,0.0,,True
1723,UBCF,10,1,0.1,,0.0,,True
1724,CBF,10,1,0.1,,0.0,,True
1724,UBCF,10,1,0.1,,0.0,,True
1725,CBF,10,1,0.1,,0.0,,True
1725,UBCF,10,1,0.1,,0.0,,True
1726,CBF,10,1,0.1,,0.0,,True
1726,UBCF,10,1,0.1,,0.0,,True
1727,CBF,10,1,0.1,,0.0,,True
1727,UBCF,10,1,0.1,,0.0,,True
1729,CBF,10,2,0.2,0.618187081322193,0.618187081322193,0.3090935406794648,True
1729,UBCF,10,1,0.1,,0.0,,True
1730,CBF,10,2,0.2,28.163648891291636,28.163648891291636,14.081829185081,True
1730,UBCF,10,1,0.1,,0.0,,True
1731,CBF,10,1,0.1,,0.0,,True
1731,UBCF,10,1,0.1,,0.0,,True
1732,CBF,10,1,0.1,,0.0,,True
1732,UBCF,10,2,0.2,37.90428148972095,37.90428148972095,18.95215698491864,True
1733,CBF,10,3,0.3,16.661937939696955,33.32387587939391,14.670392701795173,True
1733,UBCF,10,1,0.1,,0.0,,True
1734,CBF,10,2,0.2,27.972552036849212,27.972552036849212,13.986278905543603,True
1734,UBCF,10,1,0.1,,0.0,,True
1735,CBF,10,2,0.2,28.163648891291636,28.163648891291636,14.081829185081,True
1735,UBCF,10,1,0.1,,0.0,,True
1736,CBF,10,1,0.1,,0.0,,True
1736,UBCF,10,1,0.1,,0.0,,True
1737,CBF,10,2,0.2,1.5156689175409355,1.5156689175409355,0.7578344591212706,True
1737,UBCF,10,1,0.1,,0.0,,True
1738,CBF,10,1,0.1,,0.0,,True
1738,UBCF,10,1,0.1,,0.0,,True
1739,CBF,10,1,0.1,,0.0,,True
1739,UBCF,10,1,0.1,,0.0,,True
1740,CBF,10,1,0.1,,0.0,,True
1740,UBCF,10,1,0.1,,0.0,,True
1741,CBF,10,1,0.1,,0.0,,True
1741,UBCF,10,1,0.1,,0.0,,True
1742,CBF,10,3,0.3,38.018461444091116,76.03692288818223,24.94602623208985,True
1742,UBCF,10,1,0.1,,0.0,,True
1743,CBF,10,1,0.1,,0.0,,True
1743,UBCF,10,1,0.1,,0.0,,True
1744,CBF,10,1,0.1,,0.0,,True
1744,UBCF,10,1,0.1,,0.0,,True
1745,CBF,10,2,0.2,19.802199491474596,19.802199491474596,9.901100073718258,True
1745,UBCF,10,1,0.1,,0.0,,True
1746,CBF,10,1,0.1,,0.0,,True
1746,UBCF,10,1,0.1,,0.0,,True
1747,CBF,10,2,0.2,32.501727533605106,32.501727533605106,16.250863767116847,True
1747,UBCF,10,1,0.1,,0.0,,True
1748,CBF,10,2,0.2,0.7474288374934903,0.7474288374934903,0.3737144188207276,True
1748,UBCF,10,1,0.1,,0.0,,True
1749,CBF,10,2,0.2,0.20122348997240647,0.20122348997240647,0.10061174498735835,True
1749,UBCF,10,1,0.1,,0.0,,True
1750,CBF,10,1,0.1,,0.0,,True
1750,UBCF,10,1,0.1,,0.0,,True
1751,CBF,10,1,0.1,,0.0,,True
1751,UBCF,10,1,0.1,,0.0,,True
1752,CBF,10,3,0.3,44.7302929890397,89.4605859780794,24.639340487573804,True
1752,UBCF,10,1,0.1,,0.0,,True
1753,CBF,10,2,0.2,33.67692365322722,33.67692365322722,16.838466700408475,True
1753,UBCF,10,1,0.1,,0.0,,True
1754,CBF,10,1,0.1,,0.0,,True
1754,UBCF,10,1,0.1,,0.0,,True
1755,CBF,10,4,0.4,21.040532767148616,63.12159830144584,20.485977205069496,True
1755,UBCF,10,1,0.1,,0.0,,True
1756,CBF,10,1,0.1,,0.0,,True
1756,UBCF,10,2,0.2,11.749728398231753,11.749728398231753,5.874864397864018,True
1757,CBF,10,2,0.2,43.262588299701214,43.262588299701214,21.631301429361923,True
1757,UBCF,10,1,0.1,,0.0,,True
1758,CBF,10,2,0.2,43.07938720561975,43.07938720561975,21.53969449295095,True
1758,UBCF,10,1,0.1,,0.0,,True
1759,CBF,10,1,0.1,,0.0,,True
1759,UBCF,10,1,0.1,,0.0,,True
1760,CBF,10,2,0.2,36.95030145716297,36.95030145716297,18.475162296203045,True
1760,UBCF,10,1,0.1,,0.0,,True
1761,CBF,10,3,0.3,10.66612670445373,21.33225340890746,6.855558252398129,True
1761,UBCF,10,1,0.1,,0.0,,True
1762,CBF,10,2,0.2,33.67692365322722,33.67692365322722,16.838466700408475,True
1762,UBCF,10,2,0.2,37.90428148972095,37.90428148972095,18.95215698491864,True
1763,CBF,10,4,0.4,21.076747819219893,63.23024345765968,20.997982841365133,True
1763,UBCF,10,1,0.1,,0.0,,True
1764,CBF,10,1,0.1,,0.0,,True
1764,UBCF,10,2,0.2,20.56227028829262,20.56227028829262,10.281135193399617,True
1765,CBF,10,2,0.2,1.4317359571066377,1.4317359571066377,0.7158679788583666,True
1765,UBCF,10,2,0.2,20.56227028829262,20.56227028829262,10.281135193399617,True
1766,CBF,10,4,0.4,7.8491355970953975,23.547406791286193,5.52440225451474,True
1766,UBCF,10,2,0.2,37.90428148972095,37.90428148972095,18.95215698491864,True
1767,CBF,10,3,0.3,39.435429883686695,78.87085976737339,22.70958043158625,True
1767,UBCF,10,1,0.1,,0.0,,True
1768,CBF,10,2,0.2,1.4520848238930628,1.4520848238930628,0.7260424121934375,True
1768,UBCF,10,1,0.1,,0.0,,True
1769,CBF,10,2,0.2,20.357530189223063,20.357530189223063,10.178765101099387,True
1769,UBCF,10,1,0.1,,0.0,,True
1770,CBF,10,3,0.3,29.551415178475974,59.10283035695195,23.225886950306606,True
1770,UBCF,10,1,0.1,,0.0,,True
1771,CBF,10,1,0.1,,0.0,,True
1771,UBCF,10,1,0.1,,0.0,,True
1772,CBF,10,2,0.2,31.387861093414116,31.387861093414116,15.693935213662147,True
1772,UBCF,10,1,0.1,,0.0,,True
1773,CBF,10,1,0.1,,0.0,,True
1773,UBCF,10,1,0.1,,0.0,,True
1774,CBF,10,1,0.1,,0.0,,True
1774,UBCF,10,2,0.2,20.56227028829262,20.56227028829262,10.281135193399617,True
1775,CBF,10,1,0.1,,0.0,,True
1775,UBCF,10,1,0.1,,0.0,,True
1776,CBF,10,1,0.1,,0.0,,True
1776,UBCF,10,1,0.1,,0.0,,True
1777,CBF,10,2,0.2,4.127413100707732,4.127413100707732,2.063706557612347,True
1777,UBCF,10,1,0.1,,0.0,,True
1778,CBF,10,1,0.1,,0.0,,True
1778,UBCF,10,1,0.1,,0.0,,True
1779,CBF,10,3,0.3,15.780459991762285,31.56091998352457,9.615879002839016,True
1779,UBCF,10,2,0.2,19.380806902927784,19.380806902927784,9.690404897837317,True
1780,CBF,10,1,0.1,,0.0,,True
1780,UBCF,10,1,0.1,,0.0,,True
1781,CBF,10,2,0.2,29.15869940542207,29.15869940542207,14.579355363761266,True
1781,UBCF,10,1,0.1,,0.0,,True
1782,CBF,10,2,0.2,1.4317359571066377,1.4317359571066377,0.7158679788583666,True
1782,UBCF,10,1,0.1,,0.0,,True
1784,CBF,10,1,0.1,,0.0,,True
1784,UBCF,10,1,0.1,,0.0,,True
1785,CBF,10,1,0.1,,0.0,,True
1785,UBCF,10,2,0.2,10.351160117462083,10.351160117462083,5.175580061801435,True
1786,CBF,10,1,0.1,,0.0,,True
1786,UBCF,10,1,0.1,,0.0,,True
1787,CBF,10,2,0.2,47.12934881228967,47.12934881228967,23.564704578732673,True
1787,UBCF,10,1,0.1,,0.0,,True
1788,CBF,10,2,0.2,28.163648891291636,28.163648891291636,14.081829185081,True
1788,UBCF,10,1,0.1,,0.0,,True
1789,CBF,10,1,0.1,,0.0,,True
1789,UBCF,10,1,0.1,,0.0,,True
1790,CBF,10,1,0.1,,0.0,,True
1790,UBCF,10,1,0.1,,0.0,,True
1791,CBF,10,4,0.4,36.25394183619542,108.76182550858627,20.806901713499663,True
1791,UBCF,10,1,0.1,,0.0,,True
1792,CBF,10,4,0.4,21.0334769037721,63.10043071131631,20.485977205069496,True
1792,UBCF,10,1,0.1,,0.0,,True
1793,CBF,10,2,0.2,1.5156689175409355,1.5156689175409355,0.7578344591212706,True
1793,UBCF,10,1,0.1,,0.0,,True
1794,CBF,10,2,0.2,27.972552036849212,27.972552036849212,13.986278905543603,True
1794,UBCF,10,1,0.1,,0.0,,True
1795,CBF,10,2,0.2,27.972552036849212,27.972552036849212,13.986278905543603,True
1795,UBCF,10,1,0.1,,0.0,,True
1796,CBF,10,1,0.1,,0.0,,True
1796,UBCF,10,1,0.1,,0.0,,True
1797,CBF,10,2,0.2,1.4317359571066377,1.4317359571066377,0.7158679788583666,True
1797,UBCF,10,1,0.1,,0.0,,True
1798,CBF,10,2,0.2,39.89544829710059,39.89544829710059,19.947732443611972,True
1798,UBCF,10,2,0.2,37.90428148972095,37.90428148972095,18.95215698491864,True
1799,CBF,10,1,0.1,,0.0,,True
1799,UBCF,10,1,0.1,,0.0,,True
1800,CBF,10,1,0.1,,0.0,,True
1800,UBCF,10,1,0.1,,0.0,,True
1801,CBF,10,4,0.4,31.78578682076027,95.35736046228081,25.65059302720848,True
1801,UBCF,10,2,0.2,37.90428148972095,37.90428148972095,18.95215698491864,True
1802,CBF,10,2,0.2,28.163648891291636,28.163648891291636,14.081829185081,True
1802,UBCF,10,1,0.1,,0.0,,True
1803,CBF,10,2,0.2,39.68146350068155,39.68146350068155,19.840734382814126,True
1803,UBCF,10,1,0.1,,0.0,,True
1804,CBF,10,1,0.1,,0.0,,True
1804,UBCF,10,1,0.1,,0.0,,True
1805,CBF,10,2,0.2,33.307372647861015,33.307372647861015,16.653688974915404,True
1805,UBCF,10,2,0.2,45.85743379833855,45.85743379833855,22.92871906581808,True
1806,CBF,10,2,0.2,18.063673535690604,18.063673535690604,9.031838163077367,True
1806,UBCF,10,1,0.1,,0.0,,True
1807,CBF,10,1,0.1,,0.0,,True
1807,UBCF,10,1,0.1,,0.0,,True
1808,CBF,10,2,0.2,1.5156689175409355,1.5156689175409355,0.7578344591212706,True
1808,UBCF,10,2,0.2,10.351160117462083,10.351160117462083,5.175580061801435,True
1809,CBF,10,2,0.2,1.4317359571066377,1.4317359571066377,0.7158679788583666,True
1809,UBCF,10,1,0.1,,0.0,,True
1810,CBF,10,2,0.2,38.54334327738816,38.54334327738816,19.27168404100997,True
1810,UBCF,10,1,0.1,,0.0,,True
1811,CBF,10,1,0.1,,0.0,,True
1811,UBCF,10,1,0.1,,0.0,,True
1812,CBF,10,2,0.2,2.3181081257908294,2.3181081257908294,1.1590540648649006,True
1812,UBCF,10,1,0.1,,0.0,,True
1813,CBF,10,1,0.1,,0.0,,True
1813,UBCF,10,1,0.1,,0.0,,True
1814,CBF,10,2,0.2,0.618187081322193,0.618187081322193,0.3090935406794648,True
1814,UBCF,10,1,0.1,,0.0,,True
1815,CBF,10,1,0.1,,0.0,,True
1815,UBCF,10,1,0.1,,0.0,,True
1816,CBF,10,2,0.2,32.501727533605106,32.501727533605106,16.250863767116847,True
1816,UBCF,10,1,0.1,,0.0,,True
1817,CBF,10,2,0.2,43.262588299701214,43.262588299701214,21.631301429361923,True
1817,UBCF,10,2,0.2,19.380806902927784,19.380806902927784,9.690404897837317,True
1818,CBF,10,1,0.1,,0.0,,True
1818,UBCF,10,1,0.1,,0.0,,True
1819,CBF,10,1,0.1,,0.0,,True
1819,UBCF,10,1,0.1,,0.0,,True
1820,CBF,10,2,0.2,17.82423193742532,17.82423193742532,8.912116066560213,True
1820,UBCF,10,2,0.2,20.56227028829262,20.56227028829262,10.281135193399617,True
1821,CBF,10,2,0.2,33.85474968413719,33.85474968413719,16.92737540235248,True
1821,UBCF,10,1,0.1,,0.0,,True
1822,CBF,10,1,0.1,,0.0,,True
1822,UBCF,10,1,0.1,,0.0,,True
1823,CBF,10,2,0.2,3.49176961146312,3.49176961146312,1.7458848057527072,True
1823,UBCF,10,1,0.1,,0.0,,True
1824,CBF,10,1,0.1,,0.0,,True
1824,UBCF,10,1,0.1,,0.0,,True
1825,CBF,10,1,0.1,,0.0,,True
1825,UBCF,10,1,0.1,,0.0,,True
1826,CBF,10,1,0.1,,0.0,,True
1826,UBCF,10,1,0.1,,0.0,,True
1827,CBF,10,1,0.1,,0.0,,True
1827,UBCF,10,1,0.1,,0.0,,True
1828,CBF,10,3,0.3,16.661937939696955,33.32387587939391,14.670392701795173,True
1828,UBCF,10,1,0.1,,0.0,,True
1829,CBF,10,2,0.2,1.4317359571066377,1.4317359571066377,0.7158679788583666,True
1829,UBCF,10,1,0.1,,0.0,,True
1830,CBF,10,1,0.1,,0.0,,True
1830,UBCF,10,1,0.1,,0.0,,True
1831,CBF,10,1,0.1,,0.0,,True
1831,UBCF,10,1,0.1,,0.0,,True
1832,CBF,10,1,0.1,,0.0,,True
1832,UBCF,10,1,0.1,,0.0,,True
1833,CBF,10,2,0.2,28.163648891291636,28.163648891291636,14.081829185081,True
1833,UBCF,10,1,0.1,,0.0,,True
1834,CBF,10,2,0.2,33.307372647861015,33.307372647861015,16.653688974915404,True
1834,UBCF,10,1,0.1,,0.0,,True
1835,CBF,10,2,0.2,32.70568879807172,32.70568879807172,16.352846904750777,True
1835,UBCF,10,1,0.1,,0.0,,True
1836,CBF,10,2,0.2,1.5431923121318396,1.5431923121318396,0.7715961563145184,True
1836,UBCF,10,1,0.1,,0.0,,True
1837,CBF,10,1,0.1,,0.0,,True
1837,UBCF,10,1,0.1,,0.0,,True
1838,CBF,10,2,0.2,47.42548488878177,47.42548488878177,23.712758341755357,True
1838,UBCF,10,1,0.1,,0.0,,True
1839,CBF,10,1,0.1,,0.0,,True
1839,UBCF,10,1,0.1,,0.0,,True
1840,CBF,10,1,0.1,,0.0,,True
1840,UBCF,10,1,0.1,,0.0,,True
1841,CBF,10,1,0.1,,0.0,,True
1841,UBCF,10,1,0.1,,0.0,,True
1842,CBF,10,2,0.2,27.972552036849212,27.972552036849212,13.986278905543603,True
1842,UBCF,10,1,0.1,,0.0,,True
1843,CBF,10,2,0.2,2.3181081257908294,2.3181081257908294,1.1590540648649006,True
1843,UBCF,10,1,0.1,,0.0,,True
1844,CBF,10,2,0.2,28.163648891291636,28.163648891291636,14.081829185081,True
1844,UBCF,10,1,0.1,,0.0,,True
1845,CBF,10,1,0.1,,0.0,,True
1845,UBCF,10,1,0.1,,0.0,,True
1846,CBF,10,1,0.1,,0.0,,True
1846,UBCF,10,2,0.2,42.31944671414057,42.31944671414057,21.159730993153076,True
1847,CBF,10,1,0.1,,0.0,,True
1847,UBCF,10,1,0.1,,0.0,,True
1848,CBF,10,2,0.2,27.972552036849212,27.972552036849212,13.986278905543603,True
1848,UBCF,10,1,0.1,,0.0,,True
1849,CBF,10,1,0.1,,0.0,,True
1849,UBCF,10,2,0.2,10.351160117462083,10.351160117462083,5.175580061801435,True
1850,CBF,10,2,0.2,28.163648891291636,28.163648891291636,14.081829185081,True
1850,UBCF,10,1,0.1,,0.0,,True
1851,CBF,10,3,0.3,8.787898476085292,17.575796952170585,6.855558252398129,True
1851,UBCF,10,1,0.1,,0.0,,True
1852,CBF,10,1,0.1,,0.0,,True
1852,UBCF,10,1,0.1,,0.0,,True
1853,CBF,10,1,0.1,,0.0,,True
1853,UBCF,10,1,0.1,,0.0,,True
1854,CBF,10,1,0.1,,0.0,,True
1854,UBCF,10,1,0.1,,0.0,,True
1855,CBF,10,4,0.4,28.667320095018088,86.00196028505427,22.04778684392698,True
1855,UBCF,10,1,0.1,,0.0,,True
1856,CBF,10,1,0.1,,0.0,,True
1856,UBCF,10,1,0.1,,0.0,,True
1857,CBF,10,3,0.3,39.05328904591443,78.10657809182887,22.70958043158625,True
1857,UBCF,10,1,0.1,,0.0,,True
1858,CBF,10,3,0.3,3.1712832415432315,6.342566483086463,2.327805715396083,True
1858,UBCF,10,1,0.1,,0.0,,True
1859,CBF,10,1,0.1,,0.0,,True
1859,UBCF,10,1,0.1,,0.0,,True
1860,CBF,10,2,0.2,28.163648891291636,28.163648891291636,14.081829185081,True
1860,UBCF,10,1,0.1,,0.0,,True
1861,CBF,10,2,0.2,27.972552036849212,27.972552036849212,13.986278905543603,True
1861,UBCF,10,1,0.1,,0.0,,True
1862,CBF,10,1,0.1,,0.0,,True
1862,UBCF,10,1,0.1,,0.0,,True
1863,CBF,10,1,0.1,,0.0,,True
1863,UBCF,10,1,0.1,,0.0,,True
1864,CBF,10,2,0.2,38.97541147027279,38.97541147027279,19.487708880396617,True
1864,UBCF,10,1,0.1,,0.0,,True
1865,CBF,10,2,0.2,32.52874473344892,32.52874473344892,16.264373376438158,True
1865,UBCF,10,1,0.1,,0.0,,True
1866,CBF,10,2,0.2,0.618187081322193,0.618187081322193,0.3090935406794648,True
1866,UBCF,10,1,0.1,,0.0,,True
1867,CBF,10,2,0.2,8.966796178516137,8.966796178516137,4.483398160676603,True
1867,UBCF,10,2,0.2,37.90428148972095,37.90428148972095,18.95215698491864,True
1868,CBF,10,1,0.1,,0.0,,True
1868,UBCF,10,1,0.1,,0.0,,True
1869,CBF,10,1,0.1,,0.0,,True
1869,UBCF,10,1,0.1,,0.0,,True
1870,CBF,10,4,0.4,8.408161596905684,25.22448479071705,9.168335956807377,True
1870,UBCF,10,1,0.1,,0.0,,True
1871,CBF,10,3,0.3,40.09597640915462,80.19195281830925,28.38158110644572,True
1871,UBCF,10,1,0.1,,0.0,,True
1872,CBF,10,2,0.2,2.3181081257908294,2.3181081257908294,1.1590540648649006,True
1872,UBCF,10,1,0.1,,0.0,,True
1873,CBF,10,2,0.2,27.972552036849212,27.972552036849212,13.986278905543603,True
1873,UBCF,10,1,0.1,,0.0,,True
1874,CBF,10,4,0.4,20.917135566454462,62.751406699363386,17.574917205204518,True
1874,UBCF,10,1,0.1,,0.0,,True
1875,CBF,10,1,0.1,,0.0,,True
1875,UBCF,10,1,0.1,,0.0,,True
1876,CBF,10,1,0.1,,0.0,,True
1876,UBCF,10,2,0.2,37.90428148972095,37.90428148972095,18.95215698491864,True
1877,CBF,10,1,0.1,,0.0,,True
1877,UBCF,10,1,0.1,,0.0,,True
1878,CBF,10,3,0.3,39.05328904591443,78.10657809182887,22.70958043158625,True
1878,UBCF,10,1,0.1,,0.0,,True
1879,CBF,10,2,0.2,28.163648891291636,28.163648891291636,14.081829185081,True
1879,UBCF,10,1,0.1,,0.0,,True
1880,CBF,10,4,0.4,22.328899971465518,66.98669991439655,20.997982841365136,True
1880,UBCF,10,1,0.1,,0.0,,True
1881,CBF,10,2,0.2,4.340075274528803,4.340075274528803,2.170037641562149,True
1881,UBCF,10,1,0.1,,0.0,,True
1882,CBF,10,1,0.1,,0.0,,True
1882,UBCF,10,1,0.1,,0.0,,True
1883,CBF,10,3,0.3,29.010151445908892,58.020302891817785,22.4996406625248,True
1883,UBCF,10,1,0.1,,0.0,,True
1884,CBF,10,1,0.1,,0.0,,True
1884,UBCF,10,1,0.1,,0.0,,True
1885,CBF,10,2,0.2,43.262588299701214,43.262588299701214,21.631301429361923,True
1885,UBCF,10,1,0.1,,0.0,,True
1886,CBF,10,2,0.2,28.163648891291636,28.163648891291636,14.081829185081,True
1886,UBCF,10,1,0.1,,0.0,,True
1887,CBF,10,3,0.3,3.3641623408217676,6.728324681643535,2.554429471280608,True
1887,UBCF,10,1,0.1,,0.0,,True
1888,CBF,10,4,0.4,22.328899971465518,66.98669991439655,20.997982841365136,True
1888,UBCF,10,2,0.2,28.023986357443068,28.023986357443068,14.01199605679436,True
1889,CBF,10,2,0.2,43.262588299701214,43.262588299701214,21.631301429361923,True
1889,UBCF,10,1,0.1,,0.0,,True
1890,CBF,10,2,0.2,0.618187081322193,0.618187081322193,0.3090935406794648,True
1890,UBCF,10,2,0.2,40.809454731877814,40.809454731877814,20.404728867764554,True
1891,CBF,10,3,0.3,27.91708025478997,55.83416050957994,21.603728017649257,True
1891,UBCF,10,1,0.1,,0.0,,True
1892,CBF,10,2,0.2,16.36414581336663,16.36414581336663,8.182073605008515,True
1892,UBCF,10,1,0.1,,0.0,,True
1893,CBF,10,2,0.2,28.163648891291636,28.163648891291636,14.081829185081,True
1893,UBCF,10,1,0.1,,0.0,,True
1894,CBF,10,2,0.2,28.163648891291636,28.163648891291636,14.081829185081,True
1894,UBCF,10,1,0.1,,0.0,,True
1895,CBF,10,1,0.1,,0.0,,True
1895,UBCF,10,1,0.1,,0.0,,True
1896,CBF,10,2,0.2,1.4317359571066377,1.4317359571066377,0.7158679788583666,True
1896,UBCF,10,2,0.2,37.90428148972095,37.90428148972095,18.95215698491864,True
1897,CBF,10,2,0.2,28.163648891291636,28.163648891291636,14.081829185081,True
1897,UBCF,10,1,0.1,,0.0,,True
1898,CBF,10,2,0.2,27.972552036849212,27.972552036849212,13.986278905543603,True
1898,UBCF,10,1,0.1,,0.0,,True
1899,CBF,10,2,0.2,17.82423193742532,17.82423193742532,8.912116066560213,True
1899,UBCF,10,1,0.1,,0.0,,True
1900,CBF,10,2,0.2,8.412640195690354,8.412640195690354,4.206320154926033,True
1900,UBCF,10,1,0.1,,0.0,,True
1901,CBF,10,2,0.2,27.972552036849212,27.972552036849212,13.986278905543603,True
1901,UBCF,10,1,0.1,,0.0,,True
1902,CBF,10,2,0.2,28.163648891291636,28.163648891291636,14.081829185081,True
1902,UBCF,10,1,0.1,,0.0,,True
1903,CBF,10,1,0.1,,0.0,,True
1903,UBCF,10,1,0.1,,0.0,,True
1904,CBF,10,3,0.3,39.90103000773112,79.80206001546225,24.100304972323233,True
1904,UBCF,10,1,0.1,,0.0,,True
1905,CBF,10,2,0.2,28.163648891291636,28.163648891291636,14.081829185081,True
1905,UBCF,10,1,0.1,,0.0,,True
1906,CBF,10,2,0.2,1.4317359571066377,1.4317359571066377,0.7158679788583666,True
1906,UBCF,10,1,0.1,,0.0,,True
1907,CBF,10,1,0.1,,0.0,,True
1907,UBCF,10,1,0.1,,0.0,,True
1908,CBF,10,1,0.1,,0.0,,True
1908,UBCF,10,1,0.1,,0.0,,True
1909,CBF,10,2,0.2,27.972552036849212,27.972552036849212,13.986278905543603,True
1909,UBCF,10,1,0.1,,0.0,,True
1910,CBF,10,2,0.2,33.67692365322722,33.67692365322722,16.838466700408475,True
1910,UBCF,10,1,0.1,,0.0,,True
1911,CBF,10,4,0.4,21.076747819219893,63.23024345765968,20.997982841365133,True
1911,UBCF,10,1,0.1,,0.0,,True
1912,CBF,10,1,0.1,,0.0,,True
1912,UBCF,10,1,0.1,,0.0,,True
1913,CBF,10,1,0.1,,0.0,,True
1913,UBCF,10,1,0.1,,0.0,,True
1914,CBF,10,2,0.2,38.97541147027279,38.97541147027279,19.487708880396617,True
1914,UBCF,10,1,0.1,,0.0,,True
1915,CBF,10,1,0.1,,0.0,,True
1915,UBCF,10,1,0.1,,0.0,,True
1916,CBF,10,1,0.1,,0.0,,True
1916,UBCF,10,1,0.1,,0.0,,True
1917,CBF,10,2,0.2,1.4317359571066377,1.4317359571066377,0.7158679788583666,True
1917,UBCF,10,1,0.1,,0.0,,True
1918,CBF,10,1,0.1,,0.0,,True
1918,UBCF,10,1,0.1,,0.0,,True
1919,CBF,10,2,0.2,28.163648891291636,28.163648891291636,14.081829185081,True
1919,UBCF,10,2,0.2,19.380806902927784,19.380806902927784,9.690404897837317,True
1920,CBF,10,1,0.1,,0.0,,True
1920,UBCF,10,1,0.1,,0.0,,True
1921,CBF,10,1,0.1,,0.0,,True
1921,UBCF,10,1,0.1,,0.0,,True
1922,CBF,10,2,0.2,27.972552036849212,27.972552036849212,13.986278905543603,True
1922,UBCF,10,1,0.1,,0.0,,True
1923,CBF,10,4,0.4,3.0062135330497917,9.018640599149375,2.4818755391449514,True
1923,UBCF,10,1,0.1,,0.0,,True
1924,CBF,10,4,0.4,21.076747819219893,63.23024345765968,20.997982841365136,True
1924,UBCF,10,1,0.1,,0.0,,True
1925,CBF,10,1,0.1,,0.0,,True
1925,UBCF,10,1,0.1,,0.0,,True
1926,CBF,10,1,0.1,,0.0,,True
1926,UBCF,10,1,0.1,,0.0,,True
1927,CBF,10,1,0.1,,0.0,,True
1927,UBCF,10,1,0.1,,0.0,,True
1928,CBF,10,2,0.2,2.3181081257908294,2.3181081257908294,1.1590540648649006,True
1928,UBCF,10,1,0.1,,0.0,,True
1929,CBF,10,2,0.2,28.163648891291636,28.163648891291636,14.081829185081,True
1929,UBCF,10,1,0.1,,0.0,,True
1930,CBF,10,2,0.2,11.552254005162414,11.552254005162414,5.77612740181609,True
1930,UBCF,10,2,0.2,37.90428148972095,37.90428148972095,18.95215698491864,True
1931,CBF,10,2,0.2,27.972552036849212,27.972552036849212,13.986278905543603,True
1931,UBCF,10,1,0.1,,0.0,,True
1932,CBF,10,1,0.1,,0.0,,True
1932,UBCF,10,1,0.1,,0.0,,True
1933,CBF,10,3,0.3,28.321611053542675,56.64322210708535,15.553813901934406,True
1933,UBCF,10,1,0.1,,0.0,,True
1934,CBF,10,2,0.2,1.4317359571066377,1.4317359571066377,0.7158679788583666,True
1934,UBCF,10,1,0.1,,0.0,,True
1935,CBF,10,2,0.2,43.262588299701214,43.262588299701214,21.631301429361923,True
1935,UBCF,10,2,0.2,11.749728398231753,11.749728398231753,5.874864397864018,True
1936,CBF,10,1,0.1,,0.0,,True
1936,UBCF,10,1,0.1,,0.0,,True
1937,CBF,10,4,0.4,32.546419856964945,97.63925957089484,17.975567911611464,True
1937,UBCF,10,1,0.1,,0.0,,True
1938,CBF,10,2,0.2,28.163648891291636,28.163648891291636,14.081829185081,True
1938,UBCF,10,1,0.1,,0.0,,True
1939,CBF,10,2,0.2,2.3181081257908294,2.3181081257908294,1.1590540648649006,True
1939,UBCF,10,1,0.1,,0.0,,True
1940,CBF,10,2,0.2,1.5156689175409355,1.5156689175409355,0.7578344591212706,True
1940,UBCF,10,1,0.1,,0.0,,True
1941,CBF,10,1,0.1,,0.0,,True
1941,UBCF,10,1,0.1,,0.0,,True
1942,CBF,10,2,0.2,27.972552036849212,27.972552036849212,13.986278905543603,True
1942,UBCF,10,2,0.2,37.90428148972095,37.90428148972095,18.95215698491864,True
1943,CBF,10,1,0.1,,0.0,,True
1943,UBCF,10,1,0.1,,0.0,,True
1944,CBF,10,2,0.2,27.972552036849212,27.972552036849212,13.986278905543603,True
1944,UBCF,10,1,0.1,,0.0,,True
1945,CBF,10,2,0.2,1.4317359571066377,1.4317359571066377,0.7158679788583666,True
1945,UBCF,10,1,0.1,,0.0,,True
1946,CBF,10,1,0.1,,0.0,,True
1946,UBCF,10,1,0.1,,0.0,,True
1947,CBF,10,3,0.3,19.86916854607542,39.73833709215084,13.812411814634183,True
1947,UBCF,10,1,0.1,,0.0,,True
1948,CBF,10,2,0.2,25.779941246069974,25.779941246069974,12.889970810120642,True
1948,UBCF,10,1,0.1,,0.0,,True
1949,CBF,10,1,0.1,,0.0,,True
1949,UBCF,10,1,0.1,,0.0,,True
1950,CBF,10,3,0.3,16.661937939696955,33.32387587939391,14.670392701795173,True
1950,UBCF,10,1,0.1,,0.0,,True
1951,CBF,10,2,0.2,1.4317359571066377,1.4317359571066377,0.7158679788583666,True
1951,UBCF,10,2,0.2,10.351160117462083,10.351160117462083,5.175580061801435,True
1952,CBF,10,2,0.2,27.972552036849212,27.972552036849212,13.986278905543603,True
1952,UBCF,10,1,0.1,,0.0,,True
1953,CBF,10,2,0.2,43.50817815473331,43.50817815473331,21.754100831478382,True
1953,UBCF,10,1,0.1,,0.0,,True
1954,CBF,10,2,0.2,27.972552036849212,27.972552036849212,13.986278905543603,True
1954,UBCF,10,1,0.1,,0.0,,True
1955,CBF,10,1,0.1,,0.0,,True
1955,UBCF,10,1,0.1,,0.0,,True
1956,CBF,10,1,0.1,,0.0,,True
1956,UBCF,10,1,0.1,,0.0,,True
1957,CBF,10,2,0.2,28.163648891291636,28.163648891291636,14.081829185081,True
1957,UBCF,10,1,0.1,,0.0,,True
1958,CBF,10,2,0.2,43.262588299701214,43.262588299701214,21.631301429361923,True
1958,UBCF,10,2,0.2,28.023986357443068,28.023986357443068,14.01199605679436,True
1959,CBF,10,1,0.1,,0.0,,True
1959,UBCF,10,1,0.1,,0.0,,True
1960,CBF,10,1,0.1,,0.0,,True
1960,UBCF,10,1,0.1,,0.0,,True
1961,CBF,10,1,0.1,,0.0,,True
1961,UBCF,10,1,0.1,,0.0,,True
1962,CBF,10,1,0.1,,0.0,,True
1962,UBCF,10,1,0.1,,0.0,,True
1963,CBF,10,2,0.2,1.4520848238930628,1.4520848238930628,0.7260424121934375,True
1963,UBCF,10,1,0.1,,0.0,,True
1964,CBF,10,2,0.2,1.5431923121318396,1.5431923121318396,0.7715961563145184,True
1964,UBCF,10,1,0.1,,0.0,,True
1965,CBF,10,2,0.2,2.3181081257908294,2.3181081257908294,1.1590540648649006,True
1965,UBCF,10,1,0.1,,0.0,,True
1966,CBF,10,1,0.1,,0.0,,True
1966,UBCF,10,1,0.1,,0.0,,True
1967,CBF,10,3,0.3,36.01495180206175,72.0299036041235,23.225886950306606,True
1967,UBCF,10,1,0.1,,0.0,,True
1968,CBF,10,1,0.1,,0.0,,True
1968,UBCF,10,1,0.1,,0.0,,True
1969,CBF,10,2,0.2,2.3181081257908294,2.3181081257908294,1.1590540648649006,True
1969,UBCF,10,1,0.1,,0.0,,True
1970,CBF,10,2,0.2,13.448383851462852,13.448383851462852,6.724192680672757,True
1970,UBCF,10,1,0.1,,0.0,,True
1971,CBF,10,1,0.1,,0.0,,True
1971,UBCF,10,1,0.1,,0.0,,True
1972,CBF,10,3,0.3,10.66612670445373,21.33225340890746,6.855558252398129,True
1972,UBCF,10,1,0.1,,0.0,,True
1973,CBF,10,2,0.2,39.89544829710059,39.89544829710059,19.947732443611972,True
1973,UBCF,10,1,0.1,,0.0,,True
1974,CBF,10,1,0.1,,0.0,,True
1974,UBCF,10,1,0.1,,0.0,,True
1975,CBF,10,1,0.1,,0.0,,True
1975,UBCF,10,2,0.2,43.06789496829618,43.06789496829618,21.53394824722954,True
1976,CBF,10,2,0.2,1.4317359571066377,1.4317359571066377,0.7158679788583666,True
1976,UBCF,10,1,0.1,,0.0,,True
1977,CBF,10,3,0.3,38.018461444091116,76.03692288818223,24.94602623208985,True
1977,UBCF,10,1,0.1,,0.0,,True
1978,CBF,10,1,0.1,,0.0,,True
1978,UBCF,10,1,0.1,,0.0,,True
1979,CBF,10,3,0.3,51.71236007998358,103.42472015996717,27.314473332598265,True
1979,UBCF,10,1,0.1,,0.0,,True
1980,CBF,10,1,0.1,,0.0,,True
1980,UBCF,10,1,0.1,,0.0,,True
1981,CBF,10,2,0.2,1.4317359571066377,1.4317359571066377,0.7158679788583666,True
1981,UBCF,10,2,0.2,28.023986357443068,28.023986357443068,14.01199605679436,True
1982,CBF,10,2,0.2,48.19676460694125,48.19676460694125,24.098397818137045,True
1982,UBCF,10,1,0.1,,0.0,,True
1983,CBF,10,2,0.2,33.85474968413719,33.85474968413719,16.92737540235248,True
1983,UBCF,10,1,0.1,,0.0,,True
1984,CBF,10,2,0.2,32.52874473344892,32.52874473344892,16.264373376438158,True
1984,UBCF,10,1,0.1,,0.0,,True
1985,CBF,10,4,0.4,41.68001900986486,125.04005702959458,28.562698138610223,True
1985,UBCF,10,2,0.2,31.43542951846135,31.43542951846135,15.717719488393843,True
1986,CBF,10,1,0.1,,0.0,,True
1986,UBCF,10,2,0.2,42.31944671414057,42.31944671414057,21.159730993153076,True
1987,CBF,10,3,0.3,20.311891254846106,40.62378250969221,13.39040572421795,True
1987,UBCF,10,1,0.1,,0.0,,True
1988,CBF,10,3,0.3,38.492635149507564,76.98527029901513,27.140055449550328,True
1988,UBCF,10,1,0.1,,0.0,,True
1989,CBF,10,2,0.2,32.70568879807172,32.70568879807172,16.352846904750777,True
1989,UBCF,10,1,0.1,,0.0,,True
1990,CBF,10,4,0.4,22.328899971465518,66.98669991439655,20.997982841365136,True
1990,UBCF,10,1,0.1,,0.0,,True
1991,CBF,10,1,0.1,,0.0,,True
1991,UBCF,10,1,0.1,,0.0,,True
1992,CBF,10,2,0.2,1.4317359571066377,1.4317359571066377,0.7158679788583666,True
1992,UBCF,10,1,0.1,,0.0,,True
1993,CBF,10,2,0.2,33.67692365322722,33.67692365322722,16.838466700408475,True
1993,UBCF,10,1,0.1,,0.0,,True
1994,CBF,10,4,0.4,35.18049500053849,105.54148500161548,27.566183111834416,True
1994,UBCF,10,1,0.1,,0.0,,True
1995,CBF,10,1,0.1,,0.0,,True
1995,UBCF,10,1,0.1,,0.0,,True
1996,CBF,10,1,0.1,,0.0,,True
1996,UBCF,10,1,0.1,,0.0,,True
1997,CBF,10,4,0.4,30.868907875672765,92.6067236270183,19.71693182555296,True
1997,UBCF,10,1,0.1,,0.0,,True
1998,CBF,10,2,0.2,28.163648891291636,28.163648891291636,14.081829185081,True
1998,UBCF,10,1,0.1,,0.0,,True
1999,CBF,10,1,0.1,,0.0,,True
1999,UBCF,10,1,0.1,,0.0,,True
2000,CBF,10,1,0.1,,0.0,,True
2000,UBCF,10,1,0.1,,0.0,,True
2001,CBF,10,2,0.2,1.4317359571066377,1.4317359571066377,0.7158679788583666,True
2001,UBCF,10,1,0.1,,0.0,,True
2002,CBF,10,2,0.2,39.131166621556076,39.131166621556076,19.565591509610922,True
2002,UBCF,10,2,0.2,20.56227028829262,20.56227028829262,10.281135193399617,True
2003,CBF,10,2,0.2,39.68146350068155,39.68146350068155,19.840734382814126,True
2003,UBCF,10,2,0.2,10.351160117462083,10.351160117462083,5.175580061801435,True
2004,CBF,10,2,0.2,7.90812379907292,7.90812379907292,3.954061946399003,True
2004,UBCF,10,1,0.1,,0.0,,True
2005,CBF,10,2,0.2,27.972552036849212,27.972552036849212,13.986278905543603,True
2005,UBCF,10,1,0.1,,0.0,,True
2006,CBF,10,1,0.1,,0.0,,True
2006,UBCF,10,1,0.1,,0.0,,True
2007,CBF,10,2,0.2,33.67692365322722,33.67692365322722,16.838466700408475,True
2007,UBCF,10,1,0.1,,0.0,,True
2008,CBF,10,2,0.2,1.5431923121318396,1.5431923121318396,0.7715961563145184,True
2008,UBCF,10,2,0.2,20.56227028829262,20.56227028829262,10.281135193399617,True
2009,CBF,10,2,0.2,1.4317359571066377,1.4317359571066377,0.7158679788583666,True
2009,UBCF,10,1,0.1,,0.0,,True
2010,CBF,10,1,0.1,,0.0,,True
2010,UBCF,10,1,0.1,,0.0,,True
2011,CBF,10,2,0.2,38.97541147027279,38.97541147027279,19.487708880396617,True
2011,UBCF,10,1,0.1,,0.0,,True
2012,CBF,10,1,0.1,,0.0,,True
2012,UBCF,10,1,0.1,,0.0,,True
2013,CBF,10,2,0.2,27.972552036849212,27.972552036849212,13.986278905543603,True
2013,UBCF,10,1,0.1,,0.0,,True
2014,CBF,10,1,0.1,,0.0,,True
2014,UBCF,10,1,0.1,,0.0,,True
2015,CBF,10,2,0.2,1.851196413912366,1.851196413912366,0.9255982080141867,True
2015,UBCF,10,1,0.1,,0.0,,True
2016,CBF,10,3,0.3,37.74275346153303,75.48550692306605,26.65203969884985,True
2016,UBCF,10,1,0.1,,0.0,,True
2017,CBF,10,2,0.2,33.307372647861015,33.307372647861015,16.653688974915404,True
2017,UBCF,10,2,0.2,37.90428148972095,37.90428148972095,18.95215698491864,True
2018,CBF,10,4,0.4,22.328899971465518,66.98669991439655,20.997982841365136,True
2018,UBCF,10,1,0.1,,0.0,,True
2019,CBF,10,3,0.3,14.901906799656919,29.803813599313838,12.386229006732073,True
2019,UBCF,10,2,0.2,37.90428148972095,37.90428148972095,18.95215698491864,True
2020,CBF,10,2,0.2,19.115645729916185,19.115645729916185,9.557823552471355,True
2020,UBCF,10,1,0.1,,0.0,,True
2021,CBF,10,4,0.4,36.25394183619542,108.76182550858627,20.806901713499663,True
2021,UBCF,10,1,0.1,,0.0,,True
2022,CBF,10,2,0.2,27.972552036849212,27.972552036849212,13.986278905543603,True
2022,UBCF,10,1,0.1,,0.0,,True
2023,CBF,10,2,0.2,7.733147622462576,7.733147622462576,3.8665738749156624,True
2023,UBCF,10,1,0.1,,0.0,,True
2024,CBF,10,1,0.1,,0.0,,True
2024,UBCF,10,1,0.1,,0.0,,True
2025,CBF,10,3,0.3,47.745311562003025,95.49062312400605,23.427638132482766,True
2025,UBCF,10,1,0.1,,0.0,,True
2027,CBF,10,1,0.1,,0.0,,True
2027,UBCF,10,1,0.1,,0.0,,True
2028,CBF,10,2,0.2,23.42832637973626,23.42832637973626,11.71416658667128,True
2028,UBCF,10,1,0.1,,0.0,,True
2029,CBF,10,2,0.2,2.3181081257908294,2.3181081257908294,1.1590540648649006,True
2029,UBCF,10,1,0.1,,0.0,,True
2030,CBF,10,2,0.2,1.4317359571066377,1.4317359571066377,0.7158679788583666,True
2030,UBCF,10,2,0.2,20.56227028829262,20.56227028829262,10.281135193399617,True
2031,CBF,10,2,0.2,47.42548488878177,47.42548488878177,23.712758341755357,True
2031,UBCF,10,1,0.1,,0.0,,True
2032,CBF,10,2,0.2,1.4317359571066377,1.4317359571066377,0.7158679788583666,True
2032,UBCF,10,1,0.1,,0.0,,True
2033,CBF,10,2,0.2,24.70630689860591,24.70630689860591,12.353155729329043,True
2033,UBCF,10,1,0.1,,0.0,,True
2034,CBF,10,3,0.3,38.492635149507564,76.98527029901513,27.140055449550328,True
2034,UBCF,10,1,0.1,,0.0,,True
2035,CBF,10,1,0.1,,0.0,,True
2035,UBCF,10,1,0.1,,0.0,,True
2036,CBF,10,2,0.2,28.163648891291636,28.163648891291636,14.081829185081,True
2036,UBCF,10,1,0.1,,0.0,,True
2038,CBF,10,2,0.2,28.163648891291636,28.163648891291636,14.081829185081,True
2038,UBCF,10,1,0.1,,0.0,,True
2039,CBF,10,1,0.1,,0.0,,True
2039,UBCF,10,2,0.2,11.749728398231753,11.749728398231753,5.874864397864018,True
2040,CBF,10,2,0.2,31.43542951846135,31.43542951846135,15.717719488393843,True
2040,UBCF,10,1,0.1,,0.0,,True
2041,CBF,10,2,0.2,27.972552036849212,27.972552036849212,13.986278905543603,True
2041,UBCF,10,1,0.1,,0.0,,True
2042,CBF,10,1,0.1,,0.0,,True
2042,UBCF,10,1,0.1,,0.0,,True
2043,CBF,10,2,0.2,28.163648891291636,28.163648891291636,14.081829185081,True
2043,UBCF,10,2,0.2,37.90428148972095,37.90428148972095,18.95215698491864,True
2044,CBF,10,2,0.2,29.15869940542207,29.15869940542207,14.579355363761266,True
2044,UBCF,10,1,0.1,,0.0,,True
2045,CBF,10,2,0.2,28.163648891291636,28.163648891291636,14.081829185081,True
2045,UBCF,10,1,0.1,,0.0,,True
2046,CBF,10,2,0.2,1.5431923121318396,1.5431923121318396,0.7715961563145184,True
2046,UBCF,10,1,0.1,,0.0,,True
2047,CBF,10,1,0.1,,0.0,,True
2047,UBCF,10,1,0.1,,0.0,,True
2048,CBF,10,1,0.1,,0.0,,True
2048,UBCF,10,1,0.1,,0.0,,True
2049,CBF,10,2,0.2,33.307372647861015,33.307372647861015,16.653688974915404,True
2049,UBCF,10,1,0.1,,0.0,,True
2050,CBF,10,1,0.1,,0.0,,True
2050,UBCF,10,1,0.1,,0.0,,True
2051,CBF,10,1,0.1,,0.0,,True
2051,UBCF,10,1,0.1,,0.0,,True
2052,CBF,10,1,0.1,,0.0,,True
2052,UBCF,10,1,0.1,,0.0,,True
2053,CBF,10,2,0.2,27.972552036849212,27.972552036849212,13.986278905543603,True
2053,UBCF,10,2,0.2,37.90428148972095,37.90428148972095,18.95215698491864,True
2054,CBF,10,4,0.4,26.7243388864777,80.1730166594331,20.997982841365136,True
2054,UBCF,10,1,0.1,,0.0,,True
2055,CBF,10,2,0.2,43.262588299701214,43.262588299701214,21.631301429361923,True
2055,UBCF,10,1,0.1,,0.0,,True
2056,CBF,10,1,0.1,,0.0,,True
2056,UBCF,10,1,0.1,,0.0,,True
2057,CBF,10,1,0.1,,0.0,,True
2057,UBCF,10,1,0.1,,0.0,,True
2058,CBF,10,2,0.2,20.357530189223063,20.357530189223063,10.178765101099387,True
2058,UBCF,10,1,0.1,,0.0,,True
2059,CBF,10,1,0.1,,0.0,,True
2059,UBCF,10,1,0.1,,0.0,,True
2060,CBF,10,3,0.3,10.66612670445373,21.33225340890746,6.855558252398129,True
2060,UBCF,10,2,0.2,16.565863565943992,16.565863565943992,8.282932816586648,True
2061,CBF,10,1,0.1,,0.0,,True
2061,UBCF,10,1,0.1,,0.0,,True
2062,CBF,10,1,0.1,,0.0,,True
2062,UBCF,10,2,0.2,27.972552036849212,27.972552036849212,13.986278905543603,True
2063,CBF,10,2,0.2,33.67692365322722,33.67692365322722,16.838466700408475,True
2063,UBCF,10,1,0.1,,0.0,,True
2064,CBF,10,1,0.1,,0.0,,True
2064,UBCF,10,2,0.2,10.351160117462083,10.351160117462083,5.175580061801435,True
2065,CBF,10,1,0.1,,0.0,,True
2065,UBCF,10,1,0.1,,0.0,,True
2066,CBF,10,1,0.1,,0.0,,True
2066,UBCF,10,1,0.1,,0.0,,True
2067,CBF,10,1,0.1,,0.0,,True
2067,UBCF,10,1,0.1,,0.0,,True
2068,CBF,10,1,0.1,,0.0,,True
2068,UBCF,10,2,0.2,19.380806902927784,19.380806902927784,9.690404897837317,True
2069,CBF,10,1,0.1,,0.0,,True
2069,UBCF,10,1,0.1,,0.0,,True
2070,CBF,10,2,0.2,38.97541147027279,38.97541147027279,19.487708880396617,True
2070,UBCF,10,1,0.1,,0.0,,True
2071,CBF,10,3,0.3,51.71236007998358,103.42472015996717,27.314473332598265,True
2071,UBCF,10,1,0.1,,0.0,,True
2072,CBF,10,1,0.1,,0.0,,True
2072,UBCF,10,1,0.1,,0.0,,True
2073,CBF,10,1,0.1,,0.0,,True
2073,UBCF,10,1,0.1,,0.0,,True
2075,CBF,10,3,0.3,37.74275346153303,75.48550692306605,26.65203969884985,True
2075,UBCF,10,1,0.1,,0.0,,True
2076,CBF,10,1,0.1,,0.0,,True
2076,UBCF,10,1,0.1,,0.0,,True
2077,CBF,10,3,0.3,19.86916854607542,39.73833709215084,13.812411814634183,True
2077,UBCF,10,1,0.1,,0.0,,True
2078,CBF,10,2,0.2,43.262588299701214,43.262588299701214,21.631301429361923,True
2078,UBCF,10,1,0.1,,0.0,,True
2079,CBF,10,2,0.2,28.163648891291636,28.163648891291636,14.081829185081,True
2079,UBCF,10,1,0.1,,0.0,,True
2080,CBF,10,2,0.2,39.68146350068155,39.68146350068155,19.840734382814126,True
2080,UBCF,10,1,0.1,,0.0,,True
2082,CBF,10,3,0.3,3.1712832415432315,6.342566483086463,2.327805715396083,True
2082,UBCF,10,1,0.1,,0.0,,True
2083,CBF,10,1,0.1,,0.0,,True
2083,UBCF,10,1,0.1,,0.0,,True
2084,CBF,10,2,0.2,33.67692365322722,33.67692365322722,16.838466700408475,True
2084,UBCF,10,1,0.1,,0.0,,True
2085,CBF,10,2,0.2,1.4317359571066377,1.4317359571066377,0.7158679788583666,True
2085,UBCF,10,1,0.1,,0.0,,True
2086,CBF,10,1,0.1,,0.0,,True
2086,UBCF,10,1,0.1,,0.0,,True
2087,CBF,10,2,0.2,35.047699610959974,35.047699610959974,17.52385828960975,True
2087,UBCF,10,1,0.1,,0.0,,True
2088,CBF,10,3,0.3,30.888163763765053,61.77632752753011,21.672722610622,True
2088,UBCF,10,1,0.1,,0.0,,True
2089,CBF,10,2,0.2,29.15869940542207,29.15869940542207,14.579355363761266,True
2089,UBCF,10,2,0.2,32.52874473344892,32.52874473344892,16.264373376438158,True
2090,CBF,10,2,0.2,33.214895727349095,33.214895727349095,16.60744789747381,True
2090,UBCF,10,2,0.2,37.90428148972095,37.90428148972095,18.95215698491864,True
2091,CBF,10,2,0.2,33.67692365322722,33.67692365322722,16.838466700408475,True
2091,UBCF,10,1,0.1,,0.0,,True
2092,CBF,10,2,0.2,0.618187081322193,0.618187081322193,0.3090935406794648,True
2092,UBCF,10,2,0.2,10.351160117462083,10.351160117462083,5.175580061801435,True
2093,CBF,10,1,0.1,,0.0,,True
2093,UBCF,10,1,0.1,,0.0,,True
2094,CBF,10,2,0.2,27.972552036849212,27.972552036849212,13.986278905543603,True
2094,UBCF,10,1,0.1,,0.0,,True
2095,CBF,10,3,0.3,16.661937939696955,33.32387587939391,14.670392701795173,True
2095,UBCF,10,1,0.1,,0.0,,True
2096,CBF,10,2,0.2,19.380806902927784,19.380806902927784,9.690404897837317,True
2096,UBCF,10,1,0.1,,0.0,,True
2097,CBF,10,1,0.1,,0.0,,True
2097,UBCF,10,1,0.1,,0.0,,True
2098,CBF,10,1,0.1,,0.0,,True
2098,UBCF,10,1,0.1,,0.0,,True
2099,CBF,10,1,0.1,,0.0,,True
2099,UBCF,10,1,0.1,,0.0,,True
2100,CBF,10,1,0.1,,0.0,,True
2100,UBCF,10,1,0.1,,0.0,,True
2101,CBF,10,3,0.3,19.86916854607542,39.73833709215084,13.812411814634183,True
2101,UBCF,10,1,0.1,,0.0,,True
2102,CBF,10,2,0.2,8.492806526192252,8.492806526192252,4.246403326945568,True
2102,UBCF,10,1,0.1,,0.0,,True
2103,CBF,10,2,0.2,14.993686438360292,14.993686438360292,7.496844321734191,True
2103,UBCF,10,1,0.1,,0.0,,True
2104,CBF,10,1,0.1,,0.0,,True
2104,UBCF,10,1,0.1,,0.0,,True
2105,CBF,10,2,0.2,1.5431923121318396,1.5431923121318396,0.7715961563145184,True
2105,UBCF,10,1,0.1,,0.0,,True
2106,CBF,10,2,0.2,33.67692365322722,33.67692365322722,16.838466700408475,True
2106,UBCF,10,2,0.2,10.351160117462083,10.351160117462083,5.175580061801435,True
2107,CBF,10,1,0.1,,0.0,,True
2107,UBCF,10,1,0.1,,0.0,,True
2108,CBF,10,3,0.3,38.018461444091116,76.03692288818223,24.94602623208985,True
2108,UBCF,10,1,0.1,,0.0,,True
2109,CBF,10,2,0.2,1.4317359571066377,1.4317359571066377,0.7158679788583666,True
2109,UBCF,10,1,0.1,,0.0,,True
2110,CBF,10,2,0.2,2.3181081257908294,2.3181081257908294,1.1590540648649006,True
2110,UBCF,10,1,0.1,,0.0,,True
2111,CBF,10,2,0.2,44.6387353025896,44.6387353025896,22.319382584751814,True
2111,UBCF,10,1,0.1,,0.0,,True
2112,CBF,10,1,0.1,,0.0,,True
2112,UBCF,10,1,0.1,,0.0,,True
2113,CBF,10,1,0.1,,0.0,,True
2113,UBCF,10,1,0.1,,0.0,,True
2114,CBF,10,2,0.2,2.3181081257908294,2.3181081257908294,1.1590540648649006,True
2114,UBCF,10,1,0.1,,0.0,,True
2115,CBF,10,2,0.2,33.67692365322722,33.67692365322722,16.838466700408475,True
2115,UBCF,10,1,0.1,,0.0,,True
2116,CBF,10,1,0.1,,0.0,,True
2116,UBCF,10,1,0.1,,0.0,,True
2117,CBF,10,1,0.1,,0.0,,True
2117,UBCF,10,1,0.1,,0.0,,True
2118,CBF,10,2,0.2,8.412640195690354,8.412640195690354,4.206320154926033,True
2118,UBCF,10,1,0.1,,0.0,,True
2119,CBF,10,1,0.1,,0.0,,True
2119,UBCF,10,1,0.1,,0.0,,True
2120,CBF,10,1,0.1,,0.0,,True
2120,UBCF,10,1,0.1,,0.0,,True
2121,CBF,10,1,0.1,,0.0,,True
2121,UBCF,10,1,0.1,,0.0,,True
2122,CBF,10,2,0.2,1.851196413912366,1.851196413912366,0.9255982080141867,True
2122,UBCF,10,1,0.1,,0.0,,True
2123,CBF,10,1,0.1,,0.0,,True
2123,UBCF,10,2,0.2,27.972552036849212,27.972552036849212,13.986278905543603,True
2124,CBF,10,2,0.2,27.972552036849212,27.972552036849212,13.986278905543603,True
2124,UBCF,10,1,0.1,,0.0,,True
2125,CBF,10,1,0.1,,0.0,,True
2125,UBCF,10,2,0.2,43.06789496829618,43.06789496829618,21.53394824722954,True
2126,CBF,10,2,0.2,29.15869940542207,29.15869940542207,14.579355363761266,True
2126,UBCF,10,1,0.1,,0.0,,True
2127,CBF,10,1,0.1,,0.0,,True
2127,UBCF,10,1,0.1,,0.0,,True
2128,CBF,10,2,0.2,13.675201449560733,13.675201449560733,6.837601050980961,True
2128,UBCF,10,1,0.1,,0.0,,True
2130,CBF,10,2,0.2,33.85474968413719,33.85474968413719,16.92737540235248,True
2130,UBCF,10,1,0.1,,0.0,,True
2131,CBF,10,4,0.4,22.328899971465518,66.98669991439655,20.997982841365136,True
2131,UBCF,10,1,0.1,,0.0,,True
2132,CBF,10,2,0.2,27.972552036849212,27.972552036849212,13.986278905543603,True
2132,UBCF,10,1,0.1,,0.0,,True
2133,CBF,10,2,0.2,28.163648891291636,28.163648891291636,14.081829185081,True
2133,UBCF,10,1,0.1,,0.0,,True
2134,CBF,10,3,0.3,51.71236007998358,103.42472015996717,27.314473332598265,True
2134,UBCF,10,1,0.1,,0.0,,True
2135,CBF,10,2,0.2,27.972552036849212,27.972552036849212,13.986278905543603,True
2135,UBCF,10,1,0.1,,0.0,,True
2136,CBF,10,2,0.2,28.163648891291636,28.163648891291636,14.081829185081,True
2136,UBCF,10,1,0.1,,0.0,,True
2137,CBF,10,1,0.1,,0.0,,True
2137,UBCF,10,1,0.1,,0.0,,True
2138,CBF,10,1,0.1,,0.0,,True
2138,UBCF,10,1,0.1,,0.0,,True
2139,CBF,10,1,0.1,,0.0,,True
2139,UBCF,10,1,0.1,,0.0,,True
2140,CBF,10,2,0.2,4.127413100707732,4.127413100707732,2.063706557612347,True
2140,UBCF,10,1,0.1,,0.0,,True
2141,CBF,10,4,0.4,20.24418195699589,60.73254587098768,18.85836389334606,True
2141,UBCF,10,1,0.1,,0.0,,True
2142,CBF,10,1,0.1,,0.0,,True
2142,UBCF,10,1,0.1,,0.0,,True
2143,CBF,10,1,0.1,,0.0,,True
2143,UBCF,10,2,0.2,10.351160117462083,10.351160117462083,5.175580061801435,True
2144,CBF,10,2,0.2,1.5431923121318396,1.5431923121318396,0.7715961563145184,True
2144,UBCF,10,1,0.1,,0.0,,True
2145,CBF,10,1,0.1,,0.0,,True
2145,UBCF,10,1,0.1,,0.0,,True
2146,CBF,10,1,0.1,,0.0,,True
2146,UBCF,10,1,0.1,,0.0,,True
2147,CBF,10,1,0.1,,0.0,,True
2147,UBCF,10,1,0.1,,0.0,,True
2148,CBF,10,2,0.2,43.262588299701214,43.262588299701214,21.631301429361923,True
2148,UBCF,10,1,0.1,,0.0,,True
2149,CBF,10,2,0.2,47.42548488878177,47.42548488878177,23.712758341755357,True
2149,UBCF,10,1,0.1,,0.0,,True
2150,CBF,10,1,0.1,,0.0,,True
2150,UBCF,10,1,0.1,,0.0,,True
2151,CBF,10,1,0.1,,0.0,,True
2151,UBCF,10,1,0.1,,0.0,,True
2152,CBF,10,1,0.1,,0.0,,True
2152,UBCF,10,2,0.2,20.56227028829262,20.56227028829262,10.281135193399617,True
2153,CBF,10,1,0.1,,0.0,,True
2153,UBCF,10,1,0.1,,0.0,,True
2154,CBF,10,2,0.2,39.884336960417365,39.884336960417365,19.94216859195539,True
2154,UBCF,10,1,0.1,,0.0,,True
2155,CBF,10,1,0.1,,0.0,,True
2155,UBCF,10,1,0.1,,0.0,,True
2156,CBF,10,3,0.3,28.321611053542675,56.64322210708535,15.553813901934406,True
2156,UBCF,10,1,0.1,,0.0,,True
2157,CBF,10,1,0.1,,0.0,,True
2157,UBCF,10,1,0.1,,0.0,,True
2158,CBF,10,3,0.3,16.661937939696955,33.32387587939391,14.670392701795173,True
2158,UBCF,10,1,0.1,,0.0,,True
2159,CBF,10,2,0.2,39.68146350068155,39.68146350068155,19.840734382814126,True
2159,UBCF,10,2,0.2,10.351160117462083,10.351160117462083,5.175580061801435,True
2160,CBF,10,1,0.1,,0.0,,True
2160,UBCF,10,2,0.2,37.90428148972095,37.90428148972095,18.95215698491864,True
2161,CBF,10,1,0.1,,0.0,,True
2161,UBCF,10,1,0.1,,0.0,,True
2162,CBF,10,1,0.1,,0.0,,True
2162,UBCF,10,2,0.2,37.90428148972095,37.90428148972095,18.95215698491864,True
2163,CBF,10,3,0.3,16.661937939696955,33.32387587939391,14.670392701795173,True
2163,UBCF,10,1,0.1,,0.0,,True
2164,CBF,10,2,0.2,27.972552036849212,27.972552036849212,13.986278905543603,True
2164,UBCF,10,1,0.1,,0.0,,True
2165,CBF,10,1,0.1,,0.0,,True
2165,UBCF,10,1,0.1,,0.0,,True
2166,CBF,10,2,0.2,1.4520848238930628,1.4520848238930628,0.7260424121934375,True
2166,UBCF,10,1,0.1,,0.0,,True
2167,CBF,10,2,0.2,39.89544829710059,39.89544829710059,19.947732443611972,True
2167,UBCF,10,2,0.2,6.324005324956843,6.324005324956843,3.162002681399092,True
2168,CBF,10,1,0.1,,0.0,,True
2168,UBCF,10,2,0.2,37.90428148972095,37.90428148972095,18.95215698491864,True
2169,CBF,10,1,0.1,,0.0,,True
2169,UBCF,10,1,0.1,,0.0,,True
2170,CBF,10,1,0.1,,0.0,,True
2170,UBCF,10,1,0.1,,0.0,,True
2171,CBF,10,2,0.2,43.098489680004235,43.098489680004235,21.549260507591605,True
2171,UBCF,10,1,0.1,,0.0,,True
2172,CBF,10,1,0.1,,0.0,,True
2172,UBCF,10,1,0.1,,0.0,,True
2173,CBF,10,2,0.2,28.163648891291636,28.163648891291636,14.081829185081,True
2173,UBCF,10,1,0.1,,0.0,,True
2174,CBF,10,2,0.2,2.3181081257908294,2.3181081257908294,1.1590540648649006,True
2174,UBCF,10,1,0.1,,0.0,,True
2175,CBF,10,1,0.1,,0.0,,True
2175,UBCF,10,2,0.2,32.52874473344892,32.52874473344892,16.264373376438158,True
2176,CBF,10,2,0.2,1.4317359571066377,1.4317359571066377,0.7158679788583666,True
2176,UBCF,10,2,0.2,37.90428148972095,37.90428148972095,18.95215698491864,True
2177,CBF,10,1,0.1,,0.0,,True
2177,UBCF,10,1,0.1,,0.0,,True
2178,CBF,10,2,0.2,1.4317359571066377,1.4317359571066377,0.7158679788583666,True
2178,UBCF,10,1,0.1,,0.0,,True
2179,CBF,10,1,0.1,,0.0,,True
2179,UBCF,10,1,0.1,,0.0,,True
2180,CBF,10,1,0.1,,0.0,,True
2180,UBCF,10,1,0.1,,0.0,,True
2181,CBF,10,1,0.1,,0.0,,True
2181,UBCF,10,1,0.1,,0.0,,True
2182,CBF,10,2,0.2,25.290961626338287,25.290961626338287,12.6454809003117,True
2182,UBCF,10,1,0.1,,0.0,,True
2183,CBF,10,1,0.1,,0.0,,True
2183,UBCF,10,2,0.2,37.716643134514264,37.716643134514264,18.8583301894921,True
2184,CBF,10,1,0.1,,0.0,,True
2184,UBCF,10,1,0.1,,0.0,,True
2185,CBF,10,3,0.3,10.66612670445373,21.33225340890746,6.855558252398129,True
2185,UBCF,10,2,0.2,10.351160117462083,10.351160117462083,5.175580061801435,True
2186,CBF,10,2,0.2,47.2414129928528,47.2414129928528,23.620708478911823,True
2186,UBCF,10,1,0.1,,0.0,,True
2187,CBF,10,1,0.1,,0.0,,True
2187,UBCF,10,1,0.1,,0.0,,True
2188,CBF,10,2,0.2,38.97541147027279,38.97541147027279,19.487708880396617,True
2188,UBCF,10,1,0.1,,0.0,,True
2189,CBF,10,1,0.1,,0.0,,True
2189,UBCF,10,2,0.2,20.56227028829262,20.56227028829262,10.281135193399617,True
2190,CBF,10,2,0.2,43.262588299701214,43.262588299701214,21.631301429361923,True
2190,UBCF,10,2,0.2,32.52874473344892,32.52874473344892,16.264373376438158,True
2191,CBF,10,2,0.2,43.262588299701214,43.262588299701214,21.631301429361923,True
2191,UBCF,10,1,0.1,,0.0,,True
2192,CBF,10,2,0.2,1.4317359571066377,1.4317359571066377,0.7158679788583666,True
2192,UBCF,10,1,0.1,,0.0,,True
2193,CBF,10,1,0.1,,0.0,,True
2193,UBCF,10,1,0.1,,0.0,,True
2194,CBF,10,1,0.1,,0.0,,True
2194,UBCF,10,1,0.1,,0.0,,True
2195,CBF,10,1,0.1,,0.0,,True
2195,UBCF,10,1,0.1,,0.0,,True
2196,CBF,10,4,0.4,20.914483200210604,62.74344960063181,20.91186791301194,True
2196,UBCF,10,1,0.1,,0.0,,True
2197,CBF,10,1,0.1,,0.0,,True
2197,UBCF,10,1,0.1,,0.0,,True
2198,CBF,10,2,0.2,34.72149846976685,34.72149846976685,17.360758094044108,True
2198,UBCF,10,1,0.1,,0.0,,True
2199,CBF,10,3,0.3,15.733591411112258,31.467182822224515,12.498526438557732,True
2199,UBCF,10,1,0.1,,0.0,,True
2200,CBF,10,2,0.2,39.884336960417365,39.884336960417365,19.94216859195539,True
2200,UBCF,10,1,0.1,,0.0,,True
2201,CBF,10,1,0.1,,0.0,,True
2201,UBCF,10,1,0.1,,0.0,,True
2202,CBF,10,4,0.4,22.328899971465518,66.98669991439655,20.997982841365136,True
2202,UBCF,10,1,0.1,,0.0,,True
2203,CBF,10,2,0.2,27.972552036849212,27.972552036849212,13.986278905543603,True
2203,UBCF,10,1,0.1,,0.0,,True
2204,CBF,10,1,0.1,,0.0,,True
2204,UBCF,10,1,0.1,,0.0,,True
2205,CBF,10,2,0.2,10.3972029333881,10.3972029333881,5.198601896742642,True
2205,UBCF,10,2,0.2,32.52874473344892,32.52874473344892,16.264373376438158,True
2206,CBF,10,1,0.1,,0.0,,True
2206,UBCF,10,2,0.2,10.351160117462083,10.351160117462083,5.175580061801435,True
2207,CBF,10,2,0.2,1.4520848238930628,1.4520848238930628,0.7260424121934375,True
2207,UBCF,10,1,0.1,,0.0,,True
2208,CBF,10,1,0.1,,0.0,,True
2208,UBCF,10,1,0.1,,0.0,,True
2209,CBF,10,2,0.2,27.972552036849212,27.972552036849212,13.986278905543603,True
2209,UBCF,10,1,0.1,,0.0,,True
2210,CBF,10,1,0.1,,0.0,,True
2210,UBCF,10,1,0.1,,0.0,,True
2211,CBF,10,1,0.1,,0.0,,True
2211,UBCF,10,2,0.2,10.351160117462083,10.351160117462083,5.175580061801435,True
2212,CBF,10,2,0.2,7.90812379907292,7.90812379907292,3.954061946399003,True
2212,UBCF,10,1,0.1,,0.0,,True
2213,CBF,10,2,0.2,47.42548488878177,47.42548488878177,23.712758341755357,True
2213,UBCF,10,1,0.1,,0.0,,True
2214,CBF,10,1,0.1,,0.0,,True
2214,UBCF,10,1,0.1,,0.0,,True
2215,CBF,10,2,0.2,27.972552036849212,27.972552036849212,13.986278905543603,True
2215,UBCF,10,1,0.1,,0.0,,True
2216,CBF,10,4,0.4,24.360946879595378,73.08284063878614,22.99293795954959,True
2216,UBCF,10,2,0.2,16.565863565943992,16.565863565943992,8.282932816586648,True
2217,CBF,10,2,0.2,33.85474968413719,33.85474968413719,16.92737540235248,True
2217,UBCF,10,1,0.1,,0.0,,True
2218,CBF,10,1,0.1,,0.0,,True
2218,UBCF,10,1,0.1,,0.0,,True
2219,CBF,10,2,0.2,25.779941246069974,25.779941246069974,12.889970810120642,True
2219,UBCF,10,2,0.2,28.023986357443068,28.023986357443068,14.01199605679436,True
2220,CBF,10,2,0.2,18.063673535690604,18.063673535690604,9.031838163077367,True
2220,UBCF,10,1,0.1,,0.0,,True
2221,CBF,10,2,0.2,1.22876572589593,1.22876572589593,0.6143828629786793,True
2221,UBCF,10,1,0.1,,0.0,,True
2222,CBF,10,4,0.4,6.401837488735436,19.205512466206308,7.5082192704521535,True
2222,UBCF,10,1,0.1,,0.0,,True
2223,CBF,10,1,0.1,,0.0,,True
2223,UBCF,10,2,0.2,31.43542951846135,31.43542951846135,15.717719488393843,True
2224,CBF,10,1,0.1,,0.0,,True
2224,UBCF,10,1,0.1,,0.0,,True
2225,CBF,10,2,0.2,20.357530189223063,20.357530189223063,10.178765101099387,True
2225,UBCF,10,1,0.1,,0.0,,True
2226,CBF,10,2,0.2,1.4317359571066377,1.4317359571066377,0.7158679788583666,True
2226,UBCF,10,1,0.1,,0.0,,True
2227,CBF,10,1,0.1,,0.0,,True
2227,UBCF,10,1,0.1,,0.0,,True
2228,CBF,10,2,0.2,2.3181081257908294,2.3181081257908294,1.1590540648649006,True
2228,UBCF,10,1,0.1,,0.0,,True
2229,CBF,10,4,0.4,21.076747819219893,63.23024345765968,20.997982841365133,True
2229,UBCF,10,1,0.1,,0.0,,True
2230,CBF,10,1,0.1,,0.0,,True
2230,UBCF,10,1,0.1,,0.0,,True
2231,CBF,10,2,0.2,29.15869940542207,29.15869940542207,14.579355363761266,True
2231,UBCF,10,2,0.2,37.90428148972095,37.90428148972095,18.95215698491864,True
2232,CBF,10,1,0.1,,0.0,,True
2232,UBCF,10,1,0.1,,0.0,,True
2233,CBF,10,2,0.2,27.972552036849212,27.972552036849212,13.986278905543603,True
2233,UBCF,10,1,0.1,,0.0,,True
2234,CBF,10,2,0.2,35.047699610959974,35.047699610959974,17.52385828960975,True
2234,UBCF,10,2,0.2,37.90428148972095,37.90428148972095,18.95215698491864,True
2235,CBF,10,1,0.1,,0.0,,True
2235,UBCF,10,1,0.1,,0.0,,True
2236,CBF,10,4,0.4,36.25394183619542,108.76182550858627,20.806901713499663,True
2236,UBCF,10,1,0.1,,0.0,,True
2237,CBF,10,2,0.2,1.5156689175409355,1.5156689175409355,0.7578344591212706,True
2237,UBCF,10,2,0.2,37.90428148972095,37.90428148972095,18.95215698491864,True
2238,CBF,10,1,0.1,,0.0,,True
2238,UBCF,10,2,0.2,16.565863565943992,16.565863565943992,8.282932816586648,True
2239,CBF,10,2,0.2,28.163648891291636,28.163648891291636,14.081829185081,True
2239,UBCF,10,2,0.2,37.716643134514264,37.716643134514264,18.8583301894921,True
2240,CBF,10,1,0.1,,0.0,,True
2240,UBCF,10,1,0.1,,0.0,,True
2241,CBF,10,2,0.2,27.972552036849212,27.972552036849212,13.986278905543603,True
2241,UBCF,10,1,0.1,,0.0,,True
2242,CBF,10,1,0.1,,0.0,,True
2242,UBCF,10,1,0.1,,0.0,,True
2243,CBF,10,2,0.2,27.972552036849212,27.972552036849212,13.986278905543603,True
2243,UBCF,10,1,0.1,,0.0,,True
2244,CBF,10,2,0.2,27.972552036849212,27.972552036849212,13.986278905543603,True
2244,UBCF,10,1,0.1,,0.0,,True
2245,CBF,10,2,0.2,38.97541147027279,38.97541147027279,19.487708880396617,True
2245,UBCF,10,1,0.1,,0.0,,True
2246,CBF,10,1,0.1,,0.0,,True
2246,UBCF,10,1,0.1,,0.0,,True
2247,CBF,10,2,0.2,1.5156689175409355,1.5156689175409355,0.7578344591212706,True
2247,UBCF,10,1,0.1,,0.0,,True
2248,CBF,10,1,0.1,,0.0,,True
2248,UBCF,10,1,0.1,,0.0,,True
2249,CBF,10,2,0.2,33.85474968413719,33.85474968413719,16.92737540235248,True
2249,UBCF,10,2,0.2,27.972552036849212,27.972552036849212,13.986278905543603,True
2250,CBF,10,2,0.2,1.5156689175409355,1.5156689175409355,0.7578344591212706,True
2250,UBCF,10,2,0.2,37.90428148972095,37.90428148972095,18.95215698491864,True
2251,CBF,10,1,0.1,,0.0,,True
2251,UBCF,10,1,0.1,,0.0,,True
2252,CBF,10,1,0.1,,0.0,,True
2252,UBCF,10,1,0.1,,0.0,,True
2253,CBF,10,2,0.2,27.972552036849212,27.972552036849212,13.986278905543603,True
2253,UBCF,10,1,0.1,,0.0,,True
2254,CBF,10,1,0.1,,0.0,,True
2254,UBCF,10,1,0.1,,0.0,,True
2255,CBF,10,1,0.1,,0.0,,True
2255,UBCF,10,1,0.1,,0.0,,True
2256,CBF,10,2,0.2,38.97541147027279,38.97541147027279,19.487708880396617,True
2256,UBCF,10,1,0.1,,0.0,,True
2257,CBF,10,1,0.1,,0.0,,True
2257,UBCF,10,1,0.1,,0.0,,True
2258,CBF,10,2,0.2,39.884336960417365,39.884336960417365,19.94216859195539,True
2258,UBCF,10,1,0.1,,0.0,,True
2259,CBF,10,2,0.2,43.262588299701214,43.262588299701214,21.631301429361923,True
2259,UBCF,10,1,0.1,,0.0,,True
2260,CBF,10,3,0.3,38.018461444091116,76.03692288818223,24.94602623208985,True
2260,UBCF,10,1,0.1,,0.0,,True
2261,CBF,10,2,0.2,18.063673535690604,18.063673535690604,9.031838163077367,True
2261,UBCF,10,1,0.1,,0.0,,True
2262,CBF,10,4,0.4,28.71032259433223,86.13096778299669,29.674094462460836,True
2262,UBCF,10,1,0.1,,0.0,,True
2263,CBF,10,1,0.1,,0.0,,True
2263,UBCF,10,1,0.1,,0.0,,True
2264,CBF,10,2,0.2,23.42832637973626,23.42832637973626,11.71416658667128,True
2264,UBCF,10,1,0.1,,0.0,,True
2265,CBF,10,1,0.1,,0.0,,True
2265,UBCF,10,1,0.1,,0.0,,True
2267,CBF,10,1,0.1,,0.0,,True
2267,UBCF,10,2,0.2,20.56227028829262,20.56227028829262,10.281135193399617,True
2268,CBF,10,1,0.1,,0.0,,True
2268,UBCF,10,1,0.1,,0.0,,True
2269,CBF,10,3,0.3,29.741831496078074,59.48366299215615,22.03639370655,True
2269,UBCF,10,1,0.1,,0.0,,True
2270,CBF,10,2,0.2,28.163648891291636,28.163648891291636,14.081829185081,True
2270,UBCF,10,1,0.1,,0.0,,True
2271,CBF,10,2,0.2,1.4317359571066377,1.4317359571066377,0.7158679788583666,True
2271,UBCF,10,2,0.2,37.90428148972095,37.90428148972095,18.95215698491864,True
2272,CBF,10,1,0.1,,0.0,,True
2272,UBCF,10,1,0.1,,0.0,,True
2273,CBF,10,4,0.4,33.34864897149625,100.04594691448875,25.263018038663112,True
2273,UBCF,10,1,0.1,,0.0,,True
2274,CBF,10,1,0.1,,0.0,,True
2274,UBCF,10,1,0.1,,0.0,,True
2275,CBF,10,2,0.2,19.64759510450844,19.64759510450844,9.823797680951653,True
2275,UBCF,10,1,0.1,,0.0,,True
2276,CBF,10,1,0.1,,0.0,,True
2276,UBCF,10,1,0.1,,0.0,,True
2277,CBF,10,2,0.2,27.972552036849212,27.972552036849212,13.986278905543603,True
2277,UBCF,10,1,0.1,,0.0,,True
2278,CBF,10,2,0.2,1.5431923121318396,1.5431923121318396,0.7715961563145184,True
2278,UBCF,10,1,0.1,,0.0,,True
2279,CBF,10,1,0.1,,0.0,,True
2279,UBCF,10,1,0.1,,0.0,,True
2280,CBF,10,3,0.3,20.8336314806464,41.6672629612928,16.438423703338746,True
2280,UBCF,10,1,0.1,,0.0,,True
2281,CBF,10,2,0.2,47.42548488878177,47.42548488878177,23.712758341755357,True
2281,UBCF,10,1,0.1,,0.0,,True
2282,CBF,10,4,0.4,8.252558728034222,24.757676184102664,6.916487945276493,True
2282,UBCF,10,1,0.1,,0.0,,True
2283,CBF,10,2,0.2,1.4317359571066377,1.4317359571066377,0.7158679788583666,True
2283,UBCF,10,1,0.1,,0.0,,True
2284,CBF,10,2,0.2,28.163648891291636,28.163648891291636,14.081829185081,True
2284,UBCF,10,1,0.1,,0.0,,True
2285,CBF,10,2,0.2,29.15869940542207,29.15869940542207,14.579355363761266,True
2285,UBCF,10,1,0.1,,0.0,,True
2286,CBF,10,1,0.1,,0.0,,True
2286,UBCF,10,1,0.1,,0.0,,True
2287,CBF,10,1,0.1,,0.0,,True
2287,UBCF,10,1,0.1,,0.0,,True
2288,CBF,10,1,0.1,,0.0,,True
2288,UBCF,10,2,0.2,27.71682110999036,27.71682110999036,13.858413295653234,True
2289,CBF,10,3,0.3,40.494634821868374,80.98926964373675,24.940244259224546,True
2289,UBCF,10,1,0.1,,0.0,,True
2290,CBF,10,1,0.1,,0.0,,True
2290,UBCF,10,2,0.2,37.90428148972095,37.90428148972095,18.95215698491864,True
2291,CBF,10,3,0.3,16.00286294846914,32.00572589693828,12.498526438558054,True
2291,UBCF,10,1,0.1,,0.0,,True
2292,CBF,10,1,0.1,,0.0,,True
2292,UBCF,10,1,0.1,,0.0,,True
2293,CBF,10,2,0.2,28.163648891291636,28.163648891291636,14.081829185081,True
2293,UBCF,10,1,0.1,,0.0,,True
2294,CBF,10,2,0.2,28.163648891291636,28.163648891291636,14.081829185081,True
2294,UBCF,10,1,0.1,,0.0,,True
2295,CBF,10,2,0.2,15.331600980045696,15.331600980045696,7.665801087987717,True
2295,UBCF,10,1,0.1,,0.0,,True
2296,CBF,10,2,0.2,43.262588299701214,43.262588299701214,21.631301429361923,True
2296,UBCF,10,1,0.1,,0.0,,True
2297,CBF,10,2,0.2,28.163648891291636,28.163648891291636,14.081829185081,True
2297,UBCF,10,2,0.2,37.90428148972095,37.90428148972095,18.95215698491864,True
2298,CBF,10,4,0.4,20.24418195699589,60.73254587098768,18.85836389334606,True
2298,UBCF,10,1,0.1,,0.0,,True
2299,CBF,10,2,0.2,1.5431923121318396,1.5431923121318396,0.7715961563145184,True
2299,UBCF,10,2,0.2,37.90428148972095,37.90428148972095,18.95215698491864,True
2300,CBF,10,2,0.2,1.4317359571066377,1.4317359571066377,0.7158679788583666,True
2300,UBCF,10,1,0.1,,0.0,,True
2301,CBF,10,1,0.1,,0.0,,True
2301,UBCF,10,1,0.1,,0.0,,True
2302,CBF,10,1,0.1,,0.0,,True
2302,UBCF,10,2,0.2,10.351160117462083,10.351160117462083,5.175580061801435,True
2303,CBF,10,2,0.2,1.4317359571066377,1.4317359571066377,0.7158679788583666,True
2303,UBCF,10,1,0.1,,0.0,,True
2304,CBF,10,2,0.2,1.4317359571066377,1.4317359571066377,0.7158679788583666,True
2304,UBCF,10,1,0.1,,0.0,,True
2305,CBF,10,3,0.3,20.334357809079922,40.668715618159844,13.680380844668363,True
2305,UBCF,10,1,0.1,,0.0,,True
2306,CBF,10,2,0.2,1.4317359571066377,1.4317359571066377,0.7158679788583666,True
2306,UBCF,10,1,0.1,,0.0,,True
2307,CBF,10,1,0.1,,0.0,,True
2307,UBCF,10,1,0.1,,0.0,,True
2308,CBF,10,2,0.2,39.884336960417365,39.884336960417365,19.94216859195539,True
2308,UBCF,10,1,0.1,,0.0,,True
2309,CBF,10,4,0.4,7.207173300856458,21.621519902569375,7.9393546227646485,True
2309,UBCF,10,1,0.1,,0.0,,True
2310,CBF,10,3,0.3,29.741831496078074,59.48366299215615,22.03639370655,True
2310,UBCF,10,2,0.2,10.351160117462083,10.351160117462083,5.175580061801435,True
2311,CBF,10,1,0.1,,0.0,,True
2311,UBCF,10,2,0.2,19.380806902927784,19.380806902927784,9.690404897837317,True
2312,CBF,10,2,0.2,27.62510581657787,27.62510581657787,13.812557272157129,True
2312,UBCF,10,2,0.2,19.380806902927784,19.380806902927784,9.690404897837317,True
2313,CBF,10,2,0.2,1.4520848238930628,1.4520848238930628,0.7260424121934375,True
2313,UBCF,10,1,0.1,,0.0,,True
2314,CBF,10,1,0.1,,0.0,,True
2314,UBCF,10,1,0.1,,0.0,,True
2315,CBF,10,2,0.2,39.884336960417365,39.884336960417365,19.94216859195539,True
2315,UBCF,10,1,0.1,,0.0,,True
2316,CBF,10,1,0.1,,0.0,,True
2316,UBCF,10,1,0.1,,0.0,,True
2318,CBF,10,2,0.2,33.307372647861015,33.307372647861015,16.653688974915404,True
2318,UBCF,10,1,0.1,,0.0,,True
2320,CBF,10,2,0.2,36.24007716797648,36.24007716797648,18.12004609756425,True
2320,UBCF,10,1,0.1,,0.0,,True
2321,CBF,10,1,0.1,,0.0,,True
2321,UBCF,10,1,0.1,,0.0,,True
2322,CBF,10,2,0.2,29.15869940542207,29.15869940542207,14.579355363761266,True
2322,UBCF,10,1,0.1,,0.0,,True
2323,CBF,10,1,0.1,,0.0,,True
2323,UBCF,10,1,0.1,,0.0,,True
2324,CBF,10,1,0.1,,0.0,,True
2324,UBCF,10,1,0.1,,0.0,,True
2325,CBF,10,2,0.2,28.163648891291636,28.163648891291636,14.081829185081,True
2325,UBCF,10,1,0.1,,0.0,,True
2326,CBF,10,1,0.1,,0.0,,True
2326,UBCF,10,1,0.1,,0.0,,True
2327,CBF,10,1,0.1,,0.0,,True
2327,UBCF,10,1,0.1,,0.0,,True
2328,CBF,10,2,0.2,28.163648891291636,28.163648891291636,14.081829185081,True
2328,UBCF,10,1,0.1,,0.0,,True
2329,CBF,10,1,0.1,,0.0,,True
2329,UBCF,10,1,0.1,,0.0,,True
2330,CBF,10,2,0.2,3.8420770056466425,3.8420770056466425,1.9210385080692607,True
2330,UBCF,10,1,0.1,,0.0,,True
2331,CBF,10,2,0.2,1.4317359571066377,1.4317359571066377,0.7158679788583666,True
2331,UBCF,10,2,0.2,27.972552036849212,27.972552036849212,13.986278905543603,True
2332,CBF,10,1,0.1,,0.0,,True
2332,UBCF,10,1,0.1,,0.0,,True
2333,CBF,10,2,0.2,43.262588299701214,43.262588299701214,21.631301429361923,True
2333,UBCF,10,1,0.1,,0.0,,True
2334,CBF,10,1,0.1,,0.0,,True
2334,UBCF,10,1,0.1,,0.0,,True
2335,CBF,10,3,0.3,39.05328904591443,78.10657809182887,22.70958043158625,True
2335,UBCF,10,1,0.1,,0.0,,True
2336,CBF,10,1,0.1,,0.0,,True
2336,UBCF,10,2,0.2,19.380806902927784,19.380806902927784,9.690404897837317,True
2337,CBF,10,1,0.1,,0.0,,True
2337,UBCF,10,1,0.1,,0.0,,True
2338,CBF,10,2,0.2,1.4317359571066377,1.4317359571066377,0.7158679788583666,True
2338,UBCF,10,1,0.1,,0.0,,True
2339,CBF,10,2,0.2,28.163648891291636,28.163648891291636,14.081829185081,True
2339,UBCF,10,1,0.1,,0.0,,True
2340,CBF,10,1,0.1,,0.0,,True
2340,UBCF,10,1,0.1,,0.0,,True
2341,CBF,10,3,0.3,51.71236007998358,103.42472015996717,27.314473332598265,True
2341,UBCF,10,1,0.1,,0.0,,True
2342,CBF,10,2,0.2,29.15869940542207,29.15869940542207,14.579355363761266,True
2342,UBCF,10,1,0.1,,0.0,,True
2343,CBF,10,2,0.2,39.884336960417365,39.884336960417365,19.94216859195539,True
2343,UBCF,10,2,0.2,10.351160117462083,10.351160117462083,5.175580061801435,True
2344,CBF,10,1,0.1,,0.0,,True
2344,UBCF,10,2,0.2,10.351160117462083,10.351160117462083,5.175580061801435,True
2345,CBF,10,2,0.2,42.58985072810587,42.58985072810587,21.294941911813737,True
2345,UBCF,10,1,0.1,,0.0,,True
2346,CBF,10,1,0.1,,0.0,,True
2346,UBCF,10,1,0.1,,0.0,,True
2347,CBF,10,1,0.1,,0.0,,True
2347,UBCF,10,1,0.1,,0.0,,True
2348,CBF,10,2,0.2,6.681125490125292,6.681125490125292,3.3405628053226177,True
2348,UBCF,10,1,0.1,,0.0,,True
2349,CBF,10,1,0.1,,0.0,,True
2349,UBCF,10,1,0.1,,0.0,,True
2350,CBF,10,2,0.2,1.4317359571066377,1.4317359571066377,0.7158679788583666,True
2350,UBCF,10,1,0.1,,0.0,,True
2351,CBF,10,1,0.1,,0.0,,True
2351,UBCF,10,1,0.1,,0.0,,True
2352,CBF,10,1,0.1,,0.0,,True
2352,UBCF,10,1,0.1,,0.0,,True
2353,CBF,10,2,0.2,38.97541147027279,38.97541147027279,19.487708880396617,True
2353,UBCF,10,1,0.1,,0.0,,True
2354,CBF,10,2,0.2,1.4317359571066377,1.4317359571066377,0.7158679788583666,True
2354,UBCF,10,2,0.2,37.90428148972095,37.90428148972095,18.95215698491864,True
2355,CBF,10,2,0.2,1.4317359571066377,1.4317359571066377,0.7158679788583666,True
2355,UBCF,10,2,0.2,19.380806902927784,19.380806902927784,9.690404897837317,True
2356,CBF,10,1,0.1,,0.0,,True
2356,UBCF,10,1,0.1,,0.0,,True
2357,CBF,10,1,0.1,,0.0,,True
2357,UBCF,10,1,0.1,,0.0,,True
2358,CBF,10,2,0.2,2.3181081257908294,2.3181081257908294,1.1590540648649006,True
2358,UBCF,10,1,0.1,,0.0,,True
2359,CBF,10,1,0.1,,0.0,,True
2359,UBCF,10,1,0.1,,0.0,,True
2360,CBF,10,4,0.4,30.345555923302857,91.03666776990858,25.772963808258666,True
2360,UBCF,10,2,0.2,32.52874473344892,32.52874473344892,16.264373376438158,True
2361,CBF,10,2,0.2,39.68146350068155,39.68146350068155,19.840734382814126,True
2361,UBCF,10,1,0.1,,0.0,,True
2362,CBF,10,1,0.1,,0.0,,True
2362,UBCF,10,1,0.1,,0.0,,True
2363,CBF,10,1,0.1,,0.0,,True
2363,UBCF,10,1,0.1,,0.0,,True
2364,CBF,10,2,0.2,5.859110933607617,5.859110933607617,2.929555475275662,True
2364,UBCF,10,1,0.1,,0.0,,True
2365,CBF,10,4,0.4,22.328899971465518,66.98669991439655,20.997982841365136,True
2365,UBCF,10,2,0.2,10.351160117462083,10.351160117462083,5.175580061801435,True
2366,CBF,10,2,0.2,1.4317359571066377,1.4317359571066377,0.7158679788583666,True
2366,UBCF,10,1,0.1,,0.0,,True
2367,CBF,10,2,0.2,1.4317359571066377,1.4317359571066377,0.7158679788583666,True
2367,UBCF,10,2,0.2,20.56227028829262,20.56227028829262,10.281135193399617,True
2368,CBF,10,2,0.2,20.357530189223063,20.357530189223063,10.178765101099387,True
2368,UBCF,10,1,0.1,,0.0,,True
2369,CBF,10,1,0.1,,0.0,,True
2369,UBCF,10,1,0.1,,0.0,,True
2370,CBF,10,2,0.2,8.412640195690354,8.412640195690354,4.206320154926033,True
2370,UBCF,10,1,0.1,,0.0,,True
2371,CBF,10,1,0.1,,0.0,,True
2371,UBCF,10,2,0.2,10.351160117462083,10.351160117462083,5.175580061801435,True
2372,CBF,10,2,0.2,27.972552036849212,27.972552036849212,13.986278905543603,True
2372,UBCF,10,1,0.1,,0.0,,True
2373,CBF,10,4,0.4,26.7243388864777,80.1730166594331,20.997982841365136,True
2373,UBCF,10,1,0.1,,0.0,,True
2374,CBF,10,1,0.1,,0.0,,True
2374,UBCF,10,2,0.2,10.351160117462083,10.351160117462083,5.175580061801435,True
2375,CBF,10,2,0.2,1.4317359571066377,1.4317359571066377,0.7158679788583666,True
2375,UBCF,10,1,0.1,,0.0,,True
2376,CBF,10,2,0.2,43.262588299701214,43.262588299701214,21.631301429361923,True
2376,UBCF,10,1,0.1,,0.0,,True
2377,CBF,10,4,0.4,22.1218840371625,66.36565211148749,21.019917916436373,True
2377,UBCF,10,1,0.1,,0.0,,True
2378,CBF,10,4,0.4,7.8491355970953975,23.547406791286193,5.52440225451474,True
2378,UBCF,10,1,0.1,,0.0,,True
2379,CBF,10,1,0.1,,0.0,,True
2379,UBCF,10,1,0.1,,0.0,,True
2380,CBF,10,1,0.1,,0.0,,True
2380,UBCF,10,1,0.1,,0.0,,True
2381,CBF,10,2,0.2,2.3181081257908294,2.3181081257908294,1.1590540648649006,True
2381,UBCF,10,1,0.1,,0.0,,True
2382,CBF,10,1,0.1,,0.0,,True
2382,UBCF,10,1,0.1,,0.0,,True
2383,CBF,10,2,0.2,1.5156689175409355,1.5156689175409355,0.7578344591212706,True
2383,UBCF,10,2,0.2,32.52874473344892,32.52874473344892,16.264373376438158,True
2384,CBF,10,3,0.3,38.018461444091116,76.03692288818223,24.94602623208985,True
2384,UBCF,10,1,0.1,,0.0,,True
2385,CBF,10,2,0.2,39.884336960417365,39.884336960417365,19.94216859195539,True
2385,UBCF,10,1,0.1,,0.0,,True
2386,CBF,10,3,0.3,37.74275346153303,75.48550692306605,26.65203969884985,True
2386,UBCF,10,1,0.1,,0.0,,True
2387,CBF,10,1,0.1,,0.0,,True
2387,UBCF,10,1,0.1,,0.0,,True
2388,CBF,10,1,0.1,,0.0,,True
2388,UBCF,10,2,0.2,19.380806902927784,19.380806902927784,9.690404897837317,True
2389,CBF,10,1,0.1,,0.0,,True
2389,UBCF,10,2,0.2,11.749728398231753,11.749728398231753,5.874864397864018,True
2390,CBF,10,2,0.2,28.163648891291636,28.163648891291636,14.081829185081,True
2390,UBCF,10,1,0.1,,0.0,,True
2391,CBF,10,2,0.2,28.163648891291636,28.163648891291636,14.081829185081,True
2391,UBCF,10,1,0.1,,0.0,,True
2392,CBF,10,1,0.1,,0.0,,True
2392,UBCF,10,1,0.1,,0.0,,True
2393,CBF,10,2,0.2,27.972552036849212,27.972552036849212,13.986278905543603,True
2393,UBCF,10,1,0.1,,0.0,,True
2395,CBF,10,1,0.1,,0.0,,True
2395,UBCF,10,1,0.1,,0.0,,True
2396,CBF,10,2,0.2,39.68146350068155,39.68146350068155,19.840734382814126,True
2396,UBCF,10,2,0.2,37.90428148972095,37.90428148972095,18.95215698491864,True
2397,CBF,10,2,0.2,22.545366246459437,22.545366246459437,11.272685002037484,True
2397,UBCF,10,1,0.1,,0.0,,True
2398,CBF,10,2,0.2,42.46063206005696,42.46063206005696,21.230322245394014,True
2398,UBCF,10,1,0.1,,0.0,,True
2399,CBF,10,1,0.1,,0.0,,True
2399,UBCF,10,2,0.2,37.90428148972095,37.90428148972095,18.95215698491864,True
2400,CBF,10,2,0.2,28.163648891291636,28.163648891291636,14.081829185081,True
2400,UBCF,10,1,0.1,,0.0,,True
2401,CBF,10,1,0.1,,0.0,,True
2401,UBCF,10,2,0.2,28.023986357443068,28.023986357443068,14.01199605679436,True
2402,CBF,10,2,0.2,0.618187081322193,0.618187081322193,0.3090935406794648,True
2402,UBCF,10,2,0.2,10.351160117462083,10.351160117462083,5.175580061801435,True
2403,CBF,10,2,0.2,1.4520848238930628,1.4520848238930628,0.7260424121934375,True
2403,UBCF,10,1,0.1,,0.0,,True
2404,CBF,10,1,0.1,,0.0,,True
2404,UBCF,10,1,0.1,,0.0,,True
2405,CBF,10,1,0.1,,0.0,,True
2405,UBCF,10,1,0.1,,0.0,,True
2406,CBF,10,4,0.4,30.345555923302857,91.03666776990858,25.772963808258666,True
2406,UBCF,10,1,0.1,,0.0,,True
2407,CBF,10,2,0.2,27.972552036849212,27.972552036849212,13.986278905543603,True
2407,UBCF,10,1,0.1,,0.0,,True
2408,CBF,10,1,0.1,,0.0,,True
2408,UBCF,10,1,0.1,,0.0,,True
2409,CBF,10,2,0.2,27.972552036849212,27.972552036849212,13.986278905543603,True
2409,UBCF,10,2,0.2,42.31944671414057,42.31944671414057,21.159730993153076,True
2410,CBF,10,2,0.2,27.972552036849212,27.972552036849212,13.986278905543603,True
2410,UBCF,10,1,0.1,,0.0,,True
2411,CBF,10,1,0.1,,0.0,,True
2411,UBCF,10,1,0.1,,0.0,,True
2412,CBF,10,1,0.1,,0.0,,True
2412,UBCF,10,1,0.1,,0.0,,True
2413,CBF,10,2,0.2,28.163648891291636,28.163648891291636,14.081829185081,True
2413,UBCF,10,2,0.2,37.90428148972095,37.90428148972095,18.95215698491864,True
2414,CBF,10,3,0.3,19.281787737706747,38.563575475413494,15.419217548863594,True
2414,UBCF,10,1,0.1,,0.0,,True
2415,CBF,10,1,0.1,,0.0,,True
2415,UBCF,10,1,0.1,,0.0,,True
2416,CBF,10,1,0.1,,0.0,,True
2416,UBCF,10,1,0.1,,0.0,,True
2417,CBF,10,1,0.1,,0.0,,True
2417,UBCF,10,1,0.1,,0.0,,True
2418,CBF,10,1,0.1,,0.0,,True
2418,UBCF,10,2,0.2,10.351160117462083,10.351160117462083,5.175580061801435,True
2419,CBF,10,2,0.2,43.262588299701214,43.262588299701214,21.631301429361923,True
2419,UBCF,10,1,0.1,,0.0,,True
2420,CBF,10,2,0.2,29.444732784299944,29.444732784299944,14.722369133263221,True
2420,UBCF,10,1,0.1,,0.0,,True
2421,CBF,10,1,0.1,,0.0,,True
2421,UBCF,10,1,0.1,,0.0,,True
2422,CBF,10,1,0.1,,0.0,,True
2422,UBCF,10,1,0.1,,0.0,,True
2423,CBF,10,1,0.1,,0.0,,True
2423,UBCF,10,1,0.1,,0.0,,True
2424,CBF,10,2,0.2,1.5431923121318396,1.5431923121318396,0.7715961563145184,True
2424,UBCF,10,1,0.1,,0.0,,True
2425,CBF,10,1,0.1,,0.0,,True
2425,UBCF,10,1,0.1,,0.0,,True
2426,CBF,10,3,0.3,29.551415178475974,59.10283035695195,23.225886950306606,True
2426,UBCF,10,1,0.1,,0.0,,True
2427,CBF,10,1,0.1,,0.0,,True
2427,UBCF,10,1,0.1,,0.0,,True
2428,CBF,10,1,0.1,,0.0,,True
2428,UBCF,10,1,0.1,,0.0,,True
2429,CBF,10,1,0.1,,0.0,,True
2429,UBCF,10,1,0.1,,0.0,,True
2430,CBF,10,1,0.1,,0.0,,True
2430,UBCF,10,1,0.1,,0.0,,True
2431,CBF,10,1,0.1,,0.0,,True
2431,UBCF,10,1,0.1,,0.0,,True
2432,CBF,10,1,0.1,,0.0,,True
2432,UBCF,10,2,0.2,11.749728398231753,11.749728398231753,5.874864397864018,True
2433,CBF,10,2,0.2,28.163648891291636,28.163648891291636,14.081829185081,True
2433,UBCF,10,2,0.2,20.56227028829262,20.56227028829262,10.281135193399617,True
2434,CBF,10,3,0.3,5.654646166319907,11.309292332639814,4.062994218952029,True
2434,UBCF,10,1,0.1,,0.0,,True
2435,CBF,10,1,0.1,,0.0,,True
2435,UBCF,10,1,0.1,,0.0,,True
2436,CBF,10,3,0.3,50.075337687662994,100.15067537532599,28.335316861705888,True
2436,UBCF,10,1,0.1,,0.0,,True
2437,CBF,10,3,0.3,32.38451953126529,64.76903906253058,22.005942210250677,True
2437,UBCF,10,1,0.1,,0.0,,True
2438,CBF,10,2,0.2,1.5431923121318396,1.5431923121318396,0.7715961563145184,True
2438,UBCF,10,1,0.1,,0.0,,True
2439,CBF,10,2,0.2,17.82423193742532,17.82423193742532,8.912116066560213,True
2439,UBCF,10,1,0.1,,0.0,,True
2440,CBF,10,2,0.2,1.4317359571066377,1.4317359571066377,0.7158679788583666,True
2440,UBCF,10,2,0.2,20.56227028829262,20.56227028829262,10.281135193399617,True
2441,CBF,10,1,0.1,,0.0,,True
2441,UBCF,10,1,0.1,,0.0,,True
2442,CBF,10,1,0.1,,0.0,,True
2442,UBCF,10,2,0.2,19.380806902927784,19.380806902927784,9.690404897837317,True
2443,CBF,10,2,0.2,32.501727533605106,32.501727533605106,16.250863767116847,True
2443,UBCF,10,1,0.1,,0.0,,True
2444,CBF,10,3,0.3,26.365909858101432,52.731819716202864,21.32895967861381,True
2444,UBCF,10,1,0.1,,0.0,,True
2445,CBF,10,1,0.1,,0.0,,True
2445,UBCF,10,1,0.1,,0.0,,True
2446,CBF,10,2,0.2,10.6535360064198,10.6535360064198,5.3267683565995885,True
2446,UBCF,10,1,0.1,,0.0,,True
2447,CBF,10,3,0.3,16.962779864591603,33.925559729183206,14.670392701795173,True
2447,UBCF,10,2,0.2,37.90428148972095,37.90428148972095,18.95215698491864,True
2448,CBF,10,2,0.2,27.972552036849212,27.972552036849212,13.986278905543603,True
2448,UBCF,10,1,0.1,,0.0,,True
2449,CBF,10,2,0.2,29.15869940542207,29.15869940542207,14.579355363761266,True
2449,UBCF,10,1,0.1,,0.0,,True
2450,CBF,10,1,0.1,,0.0,,True
2450,UBCF,10,2,0.2,27.972552036849212,27.972552036849212,13.986278905543603,True
2451,CBF,10,1,0.1,,0.0,,True
2451,UBCF,10,2,0.2,27.972552036849212,27.972552036849212,13.986278905543603,True
2452,CBF,10,2,0.2,1.5431923121318396,1.5431923121318396,0.7715961563145184,True
2452,UBCF,10,1,0.1,,0.0,,True
2453,CBF,10,2,0.2,36.871184154220906,36.871184154220906,18.43560009733931,True
2453,UBCF,10,1,0.1,,0.0,,True
2454,CBF,10,2,0.2,39.68146350068155,39.68146350068155,19.840734382814126,True
2454,UBCF,10,1,0.1,,0.0,,True
2455,CBF,10,1,0.1,,0.0,,True
2455,UBCF,10,1,0.1,,0.0,,True
2456,CBF,10,1,0.1,,0.0,,True
2456,UBCF,10,2,0.2,37.90428148972095,37.90428148972095,18.95215698491864,True
2457,CBF,10,2,0.2,27.972552036849212,27.972552036849212,13.986278905543603,True
2457,UBCF,10,2,0.2,10.351160117462083,10.351160117462083,5.175580061801435,True
2458,CBF,10,2,0.2,27.972552036849212,27.972552036849212,13.986278905543603,True
2458,UBCF,10,1,0.1,,0.0,,True
2459,CBF,10,1,0.1,,0.0,,True
2459,UBCF,10,1,0.1,,0.0,,True
2460,CBF,10,2,0.2,42.58985072810587,42.58985072810587,21.294941911813737,True
2460,UBCF,10,1,0.1,,0.0,,True
2461,CBF,10,2,0.2,27.972552036849212,27.972552036849212,13.986278905543603,True
2461,UBCF,10,1,0.1,,0.0,,True
2462,CBF,10,2,0.2,33.67692365322722,33.67692365322722,16.838466700408475,True
2462,UBCF,10,1,0.1,,0.0,,True
2463,CBF,10,1,0.1,,0.0,,True
2463,UBCF,10,1,0.1,,0.0,,True
2464,CBF,10,4,0.4,10.83554855154164,32.50664565462492,11.076008790121204,True
2464,UBCF,10,2,0.2,31.43542951846135,31.43542951846135,15.717719488393843,True
2465,CBF,10,1,0.1,,0.0,,True
2465,UBCF,10,1,0.1,,0.0,,True
2466,CBF,10,2,0.2,1.4317359571066377,1.4317359571066377,0.7158679788583666,True
2466,UBCF,10,1,0.1,,0.0,,True
2467,CBF,10,2,0.2,28.163648891291636,28.163648891291636,14.081829185081,True
2467,UBCF,10,2,0.2,20.56227028829262,20.56227028829262,10.281135193399617,True
2468,CBF,10,2,0.2,27.972552036849212,27.972552036849212,13.986278905543603,True
2468,UBCF,10,2,0.2,37.90428148972095,37.90428148972095,18.95215698491864,True
2469,CBF,10,1,0.1,,0.0,,True
2469,UBCF,10,1,0.1,,0.0,,True
2470,CBF,10,1,0.1,,0.0,,True
2470,UBCF,10,1,0.1,,0.0,,True
2471,CBF,10,2,0.2,38.97541147027279,38.97541147027279,19.487708880396617,True
2471,UBCF,10,1,0.1,,0.0,,True
2472,CBF,10,2,0.2,28.163648891291636,28.163648891291636,14.081829185081,True
2472,UBCF,10,1,0.1,,0.0,,True
2473,CBF,10,1,0.1,,0.0,,True
2473,UBCF,10,1,0.1,,0.0,,True
2474,CBF,10,3,0.3,38.81877516953293,77.63755033906585,27.314473332598265,True
2474,UBCF,10,1,0.1,,0.0,,True
2475,CBF,10,2,0.2,1.4317359571066377,1.4317359571066377,0.7158679788583666,True
2475,UBCF,10,1,0.1,,0.0,,True
2476,CBF,10,2,0.2,1.4317359571066377,1.4317359571066377,0.7158679788583666,True
2476,UBCF,10,1,0.1,,0.0,,True
2477,CBF,10,2,0.2,38.97541147027279,38.97541147027279,19.487708880396617,True
2477,UBCF,10,1,0.1,,0.0,,True
2478,CBF,10,2,0.2,1.4520848238930628,1.4520848238930628,0.7260424121934375,True
2478,UBCF,10,1,0.1,,0.0,,True
2479,CBF,10,1,0.1,,0.0,,True
2479,UBCF,10,1,0.1,,0.0,,True
2480,CBF,10,2,0.2,43.262588299701214,43.262588299701214,21.631301429361923,True
2480,UBCF,10,1,0.1,,0.0,,True
2481,CBF,10,2,0.2,1.4520848238930628,1.4520848238930628,0.7260424121934375,True
2481,UBCF,10,1,0.1,,0.0,,True
2482,CBF,10,1,0.1,,0.0,,True
2482,UBCF,10,1,0.1,,0.0,,True
2483,CBF,10,2,0.2,1.4317359571066377,1.4317359571066377,0.7158679788583666,True
2483,UBCF,10,1,0.1,,0.0,,True
2484,CBF,10,1,0.1,,0.0,,True
2484,UBCF,10,1,0.1,,0.0,,True
2485,CBF,10,1,0.1,,0.0,,True
2485,UBCF,10,1,0.1,,0.0,,True
2486,CBF,10,1,0.1,,0.0,,True
2486,UBCF,10,1,0.1,,0.0,,True
2487,CBF,10,1,0.1,,0.0,,True
2487,UBCF,10,2,0.2,42.31944671414057,42.31944671414057,21.159730993153076,True
2488,CBF,10,2,0.2,1.4317359571066377,1.4317359571066377,0.7158679788583666,True
2488,UBCF,10,1,0.1,,0.0,,True
2489,CBF,10,3,0.3,16.661937939696955,33.32387587939391,14.670392701795173,True
2489,UBCF,10,1,0.1,,0.0,,True
2490,CBF,10,2,0.2,39.89544829710059,39.89544829710059,19.947732443611972,True
2490,UBCF,10,2,0.2,11.749728398231753,11.749728398231753,5.874864397864018,True
2491,CBF,10,1,0.1,,0.0,,True
2491,UBCF,10,1,0.1,,0.0,,True
2492,CBF,10,1,0.1,,0.0,,True
2492,UBCF,10,1,0.1,,0.0,,True
2493,CBF,10,2,0.2,28.163648891291636,28.163648891291636,14.081829185081,True
2493,UBCF,10,1,0.1,,0.0,,True
2494,CBF,10,1,0.1,,0.0,,True
2494,UBCF,10,1,0.1,,0.0,,True
2495,CBF,10,1,0.1,,0.0,,True
2495,UBCF,10,1,0.1,,0.0,,True
2496,CBF,10,3,0.3,17.422387190708463,34.844774381416926,13.984483048123929,True
2496,UBCF,10,1,0.1,,0.0,,True
2497,CBF,10,2,0.2,38.97541147027279,38.97541147027279,19.487708880396617,True
2497,UBCF,10,1,0.1,,0.0,,True
2498,CBF,10,2,0.2,2.3181081257908294,2.3181081257908294,1.1590540648649006,True
2498,UBCF,10,2,0.2,31.43542951846135,31.43542951846135,15.717719488393843,True
2499,CBF,10,2,0.2,28.163648891291636,28.163648891291636,14.081829185081,True
2499,UBCF,10,1,0.1,,0.0,,True
2500,CBF,10,1,0.1,,0.0,,True
2500,UBCF,10,1,0.1,,0.0,,True
2501,CBF,10,1,0.1,,0.0,,True
2501,UBCF,10,1,0.1,,0.0,,True
2502,CBF,10,2,0.2,1.5156689175409355,1.5156689175409355,0.7578344591212706,True
2502,UBCF,10,1,0.1,,0.0,,True
2503,CBF,10,3,0.3,16.661937939696955,33.32387587939391,14.670392701795173,True
2503,UBCF,10,1,0.1,,0.0,,True
2504,CBF,10,1,0.1,,0.0,,True
2504,UBCF,10,1,0.1,,0.0,,True
2505,CBF,10,1,0.1,,0.0,,True
2505,UBCF,10,1,0.1,,0.0,,True
2506,CBF,10,1,0.1,,0.0,,True
2506,UBCF,10,1,0.1,,0.0,,True
2507,CBF,10,1,0.1,,0.0,,True
2507,UBCF,10,3,0.3,30.12278292171964,60.24556584343928,21.116945336843923,True
2508,CBF,10,2,0.2,9.46923141650165,9.46923141650165,4.734615761799725,True
2508,UBCF,10,1,0.1,,0.0,,True
2509,CBF,10,1,0.1,,0.0,,True
2509,UBCF,10,1,0.1,,0.0,,True
2510,CBF,10,1,0.1,,0.0,,True
2510,UBCF,10,1,0.1,,0.0,,True
2511,CBF,10,2,0.2,1.5431923121318396,1.5431923121318396,0.7715961563145184,True
2511,UBCF,10,1,0.1,,0.0,,True
2512,CBF,10,4,0.4,22.979928730116324,68.93978619034897,22.234514592415053,True
2512,UBCF,10,1,0.1,,0.0,,True
2513,CBF,10,1,0.1,,0.0,,True
2513,UBCF,10,1,0.1,,0.0,,True
2514,CBF,10,1,0.1,,0.0,,True
2514,UBCF,10,1,0.1,,0.0,,True
2515,CBF,10,2,0.2,27.972552036849212,27.972552036849212,13.986278905543603,True
2515,UBCF,10,1,0.1,,0.0,,True
2516,CBF,10,3,0.3,33.20085757433042,66.40171514866084,23.427638132482766,True
2516,UBCF,10,2,0.2,32.52874473344892,32.52874473344892,16.264373376438158,True
2517,CBF,10,2,0.2,27.972552036849212,27.972552036849212,13.986278905543603,True
2517,UBCF,10,1,0.1,,0.0,,True
2518,CBF,10,1,0.1,,0.0,,True
2518,UBCF,10,1,0.1,,0.0,,True
2520,CBF,10,2,0.2,24.251010548923468,24.251010548923468,12.125505292552639,True
2520,UBCF,10,2,0.2,32.52874473344892,32.52874473344892,16.264373376438158,True
2521,CBF,10,1,0.1,,0.0,,True
2521,UBCF,10,1,0.1,,0.0,,True
2522,CBF,10,2,0.2,1.4520848238930628,1.4520848238930628,0.7260424121934375,True
2522,UBCF,10,1,0.1,,0.0,,True
2523,CBF,10,3,0.3,18.965553323356048,37.931106646712095,10.347904506883692,True
2523,UBCF,10,1,0.1,,0.0,,True
2524,CBF,10,2,0.2,44.961982214837434,44.961982214837434,22.480994602124134,True
2524,UBCF,10,1,0.1,,0.0,,True
2525,CBF,10,1,0.1,,0.0,,True
2525,UBCF,10,1,0.1,,0.0,,True
2526,CBF,10,2,0.2,1.4317359571066377,1.4317359571066377,0.7158679788583666,True
2526,UBCF,10,1,0.1,,0.0,,True
2527,CBF,10,2,0.2,1.4317359571066377,1.4317359571066377,0.7158679788583666,True
2527,UBCF,10,1,0.1,,0.0,,True
2528,CBF,10,3,0.3,51.71236007998358,103.42472015996717,27.314473332598265,True
2528,UBCF,10,2,0.2,37.90428148972095,37.90428148972095,18.95215698491864,True
2529,CBF,10,3,0.3,38.81877516953293,77.63755033906585,27.314473332598265,True
2529,UBCF,10,1,0.1,,0.0,,True
2530,CBF,10,2,0.2,28.163648891291636,28.163648891291636,14.081829185081,True
2530,UBCF,10,1,0.1,,0.0,,True
2531,CBF,10,1,0.1,,0.0,,True
2531,UBCF,10,1,0.1,,0.0,,True
2532,CBF,10,1,0.1,,0.0,,True
2532,UBCF,10,1,0.1,,0.0,,True
2533,CBF,10,2,0.2,29.15869940542207,29.15869940542207,14.579355363761266,True
2533,UBCF,10,2,0.2,37.90428148972095,37.90428148972095,18.95215698491864,True
2534,CBF,10,1,0.1,,0.0,,True
2534,UBCF,10,1,0.1,,0.0,,True
2535,CBF,10,2,0.2,2.3181081257908294,2.3181081257908294,1.1590540648649006,True
2535,UBCF,10,1,0.1,,0.0,,True
2536,CBF,10,4,0.4,26.7243388864777,80.1730166594331,20.997982841365136,True
2536,UBCF,10,2,0.2,32.52874473344892,32.52874473344892,16.264373376438158,True
2537,CBF,10,1,0.1,,0.0,,True
2537,UBCF,10,1,0.1,,0.0,,True
2538,CBF,10,2,0.2,19.848884452571056,19.848884452571056,9.924443514679943,True
2538,UBCF,10,1,0.1,,0.0,,True
2539,CBF,10,2,0.2,28.163648891291636,28.163648891291636,14.081829185081,True
2539,UBCF,10,1,0.1,,0.0,,True
2540,CBF,10,2,0.2,27.972552036849212,27.972552036849212,13.986278905543603,True
2540,UBCF,10,2,0.2,28.023986357443068,28.023986357443068,14.01199605679436,True
2541,CBF,10,3,0.3,38.018461444091116,76.03692288818223,24.94602623208985,True
2541,UBCF,10,1,0.1,,0.0,,True
2542,CBF,10,1,0.1,,0.0,,True
2542,UBCF,10,1,0.1,,0.0,,True
2543,CBF,10,1,0.1,,0.0,,True
2543,UBCF,10,1,0.1,,0.0,,True
2544,CBF,10,2,0.2,1.4317359571066377,1.4317359571066377,0.7158679788583666,True
2544,UBCF,10,1,0.1,,0.0,,True
2545,CBF,10,2,0.2,39.131166621556076,39.131166621556076,19.565591509610922,True
2545,UBCF,10,1,0.1,,0.0,,True
2546,CBF,10,2,0.2,28.163648891291636,28.163648891291636,14.081829185081,True
2546,UBCF,10,1,0.1,,0.0,,True
2547,CBF,10,2,0.2,39.884336960417365,39.884336960417365,19.94216859195539,True
2547,UBCF,10,1,0.1,,0.0,,True
2548,CBF,10,3,0.3,5.654646166319907,11.309292332639814,4.062994218952029,True
2548,UBCF,10,1,0.1,,0.0,,True
2549,CBF,10,2,0.2,1.4317359571066377,1.4317359571066377,0.7158679788583666,True
2549,UBCF,10,1,0.1,,0.0,,True
2550,CBF,10,4,0.4,27.769475104420298,83.3084253132609,21.019917916436373,True
2550,UBCF,10,1,0.1,,0.0,,True
2551,CBF,10,2,0.2,18.063673535690604,18.063673535690604,9.031838163077367,True
2551,UBCF,10,1,0.1,,0.0,,True
2552,CBF,10,2,0.2,28.163648891291636,28.163648891291636,14.081829185081,True
2552,UBCF,10,2,0.2,37.90428148972095,37.90428148972095,18.95215698491864,True
2553,CBF,10,1,0.1,,0.0,,True
2553,UBCF,10,1,0.1,,0.0,,True
2554,CBF,10,2,0.2,1.4317359571066377,1.4317359571066377,0.7158679788583666,True
2554,UBCF,10,1,0.1,,0.0,,True
2555,CBF,10,2,0.2,43.262588299701214,43.262588299701214,21.631301429361923,True
2555,UBCF,10,1,0.1,,0.0,,True
2556,CBF,10,3,0.3,38.018461444091116,76.03692288818223,24.94602623208985,True
2556,UBCF,10,1,0.1,,0.0,,True
2557,CBF,10,4,0.4,30.345555923302864,91.03666776990859,25.772963808258666,True
2557,UBCF,10,1,0.1,,0.0,,True
2558,CBF,10,1,0.1,,0.0,,True
2558,UBCF,10,1,0.1,,0.0,,True
2559,CBF,10,2,0.2,27.972552036849212,27.972552036849212,13.986278905543603,True
2559,UBCF,10,1,0.1,,0.0,,True
2560,CBF,10,3,0.3,38.018461444091116,76.03692288818223,24.94602623208985,True
2560,UBCF,10,1,0.1,,0.0,,True
2561,CBF,10,2,0.2,13.951181278181624,13.951181278181624,6.975591474797855,True
2561,UBCF,10,1,0.1,,0.0,,True
2562,CBF,10,1,0.1,,0.0,,True
2562,UBCF,10,1,0.1,,0.0,,True
2563,CBF,10,1,0.1,,0.0,,True
2563,UBCF,10,1,0.1,,0.0,,True
2564,CBF,10,3,0.3,16.661937939696955,33.32387587939391,14.670392701795173,True
2564,UBCF,10,1,0.1,,0.0,,True
2565,CBF,10,4,0.4,21.076747819219893,63.23024345765968,20.997982841365136,True
2565,UBCF,10,1,0.1,,0.0,,True
2566,CBF,10,2,0.2,28.163648891291636,28.163648891291636,14.081829185081,True
2566,UBCF,10,1,0.1,,0.0,,True
2567,CBF,10,2,0.2,28.163648891291636,28.163648891291636,14.081829185081,True
2567,UBCF,10,1,0.1,,0.0,,True
2568,CBF,10,1,0.1,,0.0,,True
2568,UBCF,10,1,0.1,,0.0,,True
2569,CBF,10,1,0.1,,0.0,,True
2569,UBCF,10,1,0.1,,0.0,,True
2570,CBF,10,2,0.2,1.4317359571066377,1.4317359571066377,0.7158679788583666,True
2570,UBCF,10,1,0.1,,0.0,,True
2571,CBF,10,4,0.4,25.342501319495952,76.02750395848786,20.485977205069496,True
2571,UBCF,10,1,0.1,,0.0,,True
2572,CBF,10,1,0.1,,0.0,,True
2572,UBCF,10,1,0.1,,0.0,,True
2573,CBF,10,2,0.2,43.262588299701214,43.262588299701214,21.631301429361923,True
2573,UBCF,10,1,0.1,,0.0,,True
2574,CBF,10,2,0.2,24.475756360953795,24.475756360953795,12.237881850962218,True
2574,UBCF,10,1,0.1,,0.0,,True
2575,CBF,10,2,0.2,29.15869940542207,29.15869940542207,14.579355363761266,True
2575,UBCF,10,1,0.1,,0.0,,True
2576,CBF,10,2,0.2,1.5156689175409355,1.5156689175409355,0.7578344591212706,True
2576,UBCF,10,1,0.1,,0.0,,True
2577,CBF,10,1,0.1,,0.0,,True
2577,UBCF,10,2,0.2,20.56227028829262,20.56227028829262,10.281135193399617,True
2578,CBF,10,2,0.2,28.163648891291636,28.163648891291636,14.081829185081,True
2578,UBCF,10,1,0.1,,0.0,,True
2579,CBF,10,2,0.2,3.7905621299963252,3.7905621299963252,1.895281068401572,True
2579,UBCF,10,1,0.1,,0.0,,True
2580,CBF,10,1,0.1,,0.0,,True
2580,UBCF,10,1,0.1,,0.0,,True
2581,CBF,10,2,0.2,17.82423193742532,17.82423193742532,8.912116066560213,True
2581,UBCF,10,1,0.1,,0.0,,True
2582,CBF,10,1,0.1,,0.0,,True
2582,UBCF,10,1,0.1,,0.0,,True
2583,CBF,10,3,0.3,43.12277045346657,86.24554090693314,24.94602623208985,True
2583,UBCF,10,1,0.1,,0.0,,True
2584,CBF,10,2,0.2,1.4317359571066377,1.4317359571066377,0.7158679788583666,True
2584,UBCF,10,1,0.1,,0.0,,True
2585,CBF,10,1,0.1,,0.0,,True
2585,UBCF,10,1,0.1,,0.0,,True
2586,CBF,10,2,0.2,28.163648891291636,28.163648891291636,14.081829185081,True
2586,UBCF,10,1,0.1,,0.0,,True
2587,CBF,10,4,0.4,24.238976353385947,72.71692906015784,23.37824657864993,True
2587,UBCF,10,2,0.2,45.85743379833855,45.85743379833855,22.92871906581808,True
2588,CBF,10,1,0.1,,0.0,,True
2588,UBCF,10,1,0.1,,0.0,,True
2589,CBF,10,2,0.2,39.131166621556076,39.131166621556076,19.565591509610922,True
2589,UBCF,10,2,0.2,10.351160117462083,10.351160117462083,5.175580061801435,True
2590,CBF,10,2,0.2,43.262588299701214,43.262588299701214,21.631301429361923,True
2590,UBCF,10,2,0.2,19.380806902927784,19.380806902927784,9.690404897837317,True
2591,CBF,10,2,0.2,27.972552036849212,27.972552036849212,13.986278905543603,True
2591,UBCF,10,1,0.1,,0.0,,True
2592,CBF,10,3,0.3,29.741831496078074,59.48366299215615,22.03639370655,True
2592,UBCF,10,1,0.1,,0.0,,True
2593,CBF,10,3,0.3,23.95204137034503,47.90408274069006,15.553813901934406,True
2593,UBCF,10,1,0.1,,0.0,,True
2594,CBF,10,2,0.2,1.4317359571066377,1.4317359571066377,0.7158679788583666,True
2594,UBCF,10,1,0.1,,0.0,,True
2595,CBF,10,1,0.1,,0.0,,True
2595,UBCF,10,1,0.1,,0.0,,True
2596,CBF,10,1,0.1,,0.0,,True
2596,UBCF,10,1,0.1,,0.0,,True
2597,CBF,10,1,0.1,,0.0,,True
2597,UBCF,10,1,0.1,,0.0,,True
2599,CBF,10,1,0.1,,0.0,,True
2599,UBCF,10,1,0.1,,0.0,,True
2600,CBF,10,2,0.2,1.4317359571066377,1.4317359571066377,0.7158679788583666,True
2600,UBCF,10,1,0.1,,0.0,,True
2601,CBF,10,2,0.2,18.063673535690604,18.063673535690604,9.031838163077367,True
2601,UBCF,10,1,0.1,,0.0,,True
2602,CBF,10,1,0.1,,0.0,,True
2602,UBCF,10,1,0.1,,0.0,,True
2603,CBF,10,2,0.2,1.4520848238930628,1.4520848238930628,0.7260424121934375,True
2603,UBCF,10,1,0.1,,0.0,,True
2604,CBF,10,2,0.2,35.02910162415534,35.02910162415534,17.514552805793556,True
2604,UBCF,10,1,0.1,,0.0,,True
2605,CBF,10,3,0.3,1.2937418702284034,2.5874837404568067,1.0857956522152026,True
2605,UBCF,10,1,0.1,,0.0,,True
2606,CBF,10,1,0.1,,0.0,,True
2606,UBCF,10,1,0.1,,0.0,,True
2607,CBF,10,1,0.1,,0.0,,True
2607,UBCF,10,1,0.1,,0.0,,True
2608,CBF,10,2,0.2,1.5431923121318396,1.5431923121318396,0.7715961563145184,True
2608,UBCF,10,1,0.1,,0.0,,True
2609,CBF,10,1,0.1,,0.0,,True
2609,UBCF,10,1,0.1,,0.0,,True
2610,CBF,10,1,0.1,,0.0,,True
2610,UBCF,10,1,0.1,,0.0,,True
2611,CBF,10,2,0.2,1.4520848238930628,1.4520848238930628,0.7260424121934375,True
2611,UBCF,10,1,0.1,,0.0,,True
2612,CBF,10,2,0.2,43.50817815473331,43.50817815473331,21.754100831478382,True
2612,UBCF,10,1,0.1,,0.0,,True
2613,CBF,10,2,0.2,27.972552036849212,27.972552036849212,13.986278905543603,True
2613,UBCF,10,2,0.2,42.77785730491934,42.77785730491934,21.388941059543654,True
2615,CBF,10,2,0.2,1.4520848238930628,1.4520848238930628,0.7260424121934375,True
2615,UBCF,10,1,0.1,,0.0,,True
2616,CBF,10,1,0.1,,0.0,,True
2616,UBCF,10,1,0.1,,0.0,,True
2617,CBF,10,2,0.2,43.262588299701214,43.262588299701214,21.631301429361923,True
2617,UBCF,10,1,0.1,,0.0,,True
2618,CBF,10,2,0.2,27.972552036849212,27.972552036849212,13.986278905543603,True
2618,UBCF,10,1,0.1,,0.0,,True
2619,CBF,10,4,0.4,7.8491355970953975,23.547406791286193,5.52440225451474,True
2619,UBCF,10,1,0.1,,0.0,,True
2620,CBF,10,4,0.4,6.858506222543423,20.57551866763027,7.090586067054378,True
2620,UBCF,10,1,0.1,,0.0,,True
2621,CBF,10,1,0.1,,0.0,,True
2621,UBCF,10,1,0.1,,0.0,,True
2622,CBF,10,1,0.1,,0.0,,True
2622,UBCF,10,1,0.1,,0.0,,True
2623,CBF,10,1,0.1,,0.0,,True
2623,UBCF,10,1,0.1,,0.0,,True
2624,CBF,10,1,0.1,,0.0,,True
2624,UBCF,10,1,0.1,,0.0,,True
2625,CBF,10,1,0.1,,0.0,,True
2625,UBCF,10,1,0.1,,0.0,,True
2626,CBF,10,2,0.2,8.492806526192252,8.492806526192252,4.246403326945568,True
2626,UBCF,10,2,0.2,32.52874473344892,32.52874473344892,16.264373376438158,True
2627,CBF,10,2,0.2,30.609509272558906,30.609509272558906,15.304757029726051,True
2627,UBCF,10,1,0.1,,0.0,,True
2628,CBF,10,2,0.2,24.475756360953795,24.475756360953795,12.237881850962218,True
2628,UBCF,10,1,0.1,,0.0,,True
2629,CBF,10,1,0.1,,0.0,,True
2629,UBCF,10,1,0.1,,0.0,,True
2630,CBF,10,1,0.1,,0.0,,True
2630,UBCF,10,1,0.1,,0.0,,True
2631,CBF,10,2,0.2,28.163648891291636,28.163648891291636,14.081829185081,True
2631,UBCF,10,1,0.1,,0.0,,True
2632,CBF,10,2,0.2,17.82423193742532,17.82423193742532,8.912116066560213,True
2632,UBCF,10,1,0.1,,0.0,,True
2633,CBF,10,1,0.1,,0.0,,True
2633,UBCF,10,1,0.1,,0.0,,True
2634,CBF,10,2,0.2,28.163648891291636,28.163648891291636,14.081829185081,True
2634,UBCF,10,1,0.1,,0.0,,True
2635,CBF,10,1,0.1,,0.0,,True
2635,UBCF,10,1,0.1,,0.0,,True
2636,CBF,10,1,0.1,,0.0,,True
2636,UBCF,10,1,0.1,,0.0,,True
2637,CBF,10,2,0.2,42.58985072810587,42.58985072810587,21.294941911813737,True
2637,UBCF,10,1,0.1,,0.0,,True
2638,CBF,10,2,0.2,43.262588299701214,43.262588299701214,21.631301429361923,True
2638,UBCF,10,2,0.2,37.90428148972095,37.90428148972095,18.95215698491864,True
2639,CBF,10,2,0.2,43.262588299701214,43.262588299701214,21.631301429361923,True
2639,UBCF,10,1,0.1,,0.0,,True
2640,CBF,10,1,0.1,,0.0,,True
2640,UBCF,10,1,0.1,,0.0,,True
2641,CBF,10,2,0.2,2.3181081257908294,2.3181081257908294,1.1590540648649006,True
2641,UBCF,10,1,0.1,,0.0,,True
2643,CBF,10,4,0.4,8.408161596905684,25.22448479071705,9.168335956807377,True
2643,UBCF,10,2,0.2,10.351160117462083,10.351160117462083,5.175580061801435,True
2644,CBF,10,2,0.2,20.357530189223063,20.357530189223063,10.178765101099387,True
2644,UBCF,10,1,0.1,,0.0,,True
2645,CBF,10,1,0.1,,0.0,,True
2645,UBCF,10,1,0.1,,0.0,,True
2646,CBF,10,1,0.1,,0.0,,True
2646,UBCF,10,1,0.1,,0.0,,True
2647,CBF,10,1,0.1,,0.0,,True
2647,UBCF,10,2,0.2,19.380806902927784,19.380806902927784,9.690404897837317,True
2648,CBF,10,2,0.2,25.290961626338287,25.290961626338287,12.6454809003117,True
2648,UBCF,10,1,0.1,,0.0,,True
2649,CBF,10,2,0.2,2.3181081257908294,2.3181081257908294,1.1590540648649006,True
2649,UBCF,10,1,0.1,,0.0,,True
2650,CBF,10,2,0.2,28.163648891291636,28.163648891291636,14.081829185081,True
2650,UBCF,10,1,0.1,,0.0,,True
2651,CBF,10,2,0.2,1.5156689175409355,1.5156689175409355,0.7578344591212706,True
2651,UBCF,10,1,0.1,,0.0,,True
2652,CBF,10,2,0.2,2.3181081257908294,2.3181081257908294,1.1590540648649006,True
2652,UBCF,10,1,0.1,,0.0,,True
2653,CBF,10,3,0.3,38.018461444091116,76.03692288818223,24.94602623208985,True
2653,UBCF,10,1,0.1,,0.0,,True
2654,CBF,10,1,0.1,,0.0,,True
2654,UBCF,10,1,0.1,,0.0,,True
2655,CBF,10,2,0.2,28.163648891291636,28.163648891291636,14.081829185081,True
2655,UBCF,10,2,0.2,10.351160117462083,10.351160117462083,5.175580061801435,True
2656,CBF,10,3,0.3,30.62856636544321,61.25713273088642,19.90388766175266,True
2656,UBCF,10,1,0.1,,0.0,,True
2657,CBF,10,1,0.1,,0.0,,True
2657,UBCF,10,1,0.1,,0.0,,True
2658,CBF,10,4,0.4,8.408161596905684,25.22448479071705,9.168335956807377,True
2658,UBCF,10,1,0.1,,0.0,,True
2659,CBF,10,4,0.4,24.019045158685444,72.05713547605633,24.192985851838642,True
2659,UBCF,10,1,0.1,,0.0,,True
2660,CBF,10,1,0.1,,0.0,,True
2660,UBCF,10,1,0.1,,0.0,,True
2661,CBF,10,2,0.2,28.163648891291636,28.163648891291636,14.081829185081,True
2661,UBCF,10,1,0.1,,0.0,,True
2662,CBF,10,2,0.2,44.6387353025896,44.6387353025896,22.319382584751814,True
2662,UBCF,10,2,0.2,10.351160117462083,10.351160117462083,5.175580061801435,True
2663,CBF,10,2,0.2,6.681125490125292,6.681125490125292,3.3405628053226177,True
2663,UBCF,10,1,0.1,,0.0,,True
2664,CBF,10,1,0.1,,0.0,,True
2664,UBCF,10,2,0.2,20.56227028829262,20.56227028829262,10.281135193399617,True
2665,CBF,10,1,0.1,,0.0,,True
2665,UBCF,10,1,0.1,,0.0,,True
2666,CBF,10,1,0.1,,0.0,,True
2666,UBCF,10,1,0.1,,0.0,,True
2667,CBF,10,1,0.1,,0.0,,True
2667,UBCF,10,1,0.1,,0.0,,True
2668,CBF,10,1,0.1,,0.0,,True
2668,UBCF,10,1,0.1,,0.0,,True
2669,CBF,10,2,0.2,1.4317359571066377,1.4317359571066377,0.7158679788583666,True
2669,UBCF,10,1,0.1,,0.0,,True
2670,CBF,10,2,0.2,38.97541147027279,38.97541147027279,19.487708880396617,True
2670,UBCF,10,1,0.1,,0.0,,True
2671,CBF,10,1,0.1,,0.0,,True
2671,UBCF,10,1,0.1,,0.0,,True
2672,CBF,10,2,0.2,43.262588299701214,43.262588299701214,21.631301429361923,True
2672,UBCF,10,2,0.2,37.90428148972095,37.90428148972095,18.95215698491864,True
2673,CBF,10,1,0.1,,0.0,,True
2673,UBCF,10,2,0.2,32.52874473344892,32.52874473344892,16.264373376438158,True
2674,CBF,10,2,0.2,27.972552036849212,27.972552036849212,13.986278905543603,True
2674,UBCF,10,1,0.1,,0.0,,True
2675,CBF,10,2,0.2,39.68146350068155,39.68146350068155,19.840734382814126,True
2675,UBCF,10,1,0.1,,0.0,,True
2677,CBF,10,2,0.2,1.4317359571066377,1.4317359571066377,0.7158679788583666,True
2677,UBCF,10,2,0.2,27.972552036849212,27.972552036849212,13.986278905543603,True
2678,CBF,10,2,0.2,39.68146350068155,39.68146350068155,19.840734382814126,True
2678,UBCF,10,1,0.1,,0.0,,True
2679,CBF,10,2,0.2,1.4317359571066377,1.4317359571066377,0.7158679788583666,True
2679,UBCF,10,1,0.1,,0.0,,True
2680,CBF,10,1,0.1,,0.0,,True
2680,UBCF,10,1,0.1,,0.0,,True
2681,CBF,10,1,0.1,,0.0,,True
2681,UBCF,10,1,0.1,,0.0,,True
2682,CBF,10,1,0.1,,0.0,,True
2682,UBCF,10,1,0.1,,0.0,,True
2683,CBF,10,3,0.3,31.083350173618644,62.16670034723729,21.32895967861381,True
2683,UBCF,10,1,0.1,,0.0,,True
2684,CBF,10,1,0.1,,0.0,,True
2684,UBCF,10,2,0.2,27.972552036849212,27.972552036849212,13.986278905543603,True
2685,CBF,10,2,0.2,9.997351696463106,9.997351696463106,4.9986758987208155,True
2685,UBCF,10,2,0.2,10.351160117462083,10.351160117462083,5.175580061801435,True
2686,CBF,10,2,0.2,28.163648891291636,28.163648891291636,14.081829185081,True
2686,UBCF,10,1,0.1,,0.0,,True
2687,CBF,10,3,0.3,16.661937939696955,33.32387587939391,14.670392701795173,True
2687,UBCF,10,1,0.1,,0.0,,True
2688,CBF,10,2,0.2,2.3181081257908294,2.3181081257908294,1.1590540648649006,True
2688,UBCF,10,1,0.1,,0.0,,True
2689,CBF,10,2,0.2,33.67692365322722,33.67692365322722,16.838466700408475,True
2689,UBCF,10,1,0.1,,0.0,,True
2690,CBF,10,1,0.1,,0.0,,True
2690,UBCF,10,2,0.2,43.06789496829618,43.06789496829618,21.53394824722954,True
2691,CBF,10,1,0.1,,0.0,,True
2691,UBCF,10,2,0.2,10.351160117462083,10.351160117462083,5.175580061801435,True
2692,CBF,10,2,0.2,27.972552036849212,27.972552036849212,13.986278905543603,True
2692,UBCF,10,1,0.1,,0.0,,True
2693,CBF,10,1,0.1,,0.0,,True
2693,UBCF,10,1,0.1,,0.0,,True
2694,CBF,10,1,0.1,,0.0,,True
2694,UBCF,10,2,0.2,11.749728398231753,11.749728398231753,5.874864397864018,True
2695,CBF,10,2,0.2,1.4317359571066377,1.4317359571066377,0.7158679788583666,True
2695,UBCF,10,1,0.1,,0.0,,True
2696,CBF,10,3,0.3,46.391897658889384,92.78379531777877,28.335316861706,True
2696,UBCF,10,1,0.1,,0.0,,True
2697,CBF,10,2,0.2,33.307372647861015,33.307372647861015,16.653688974915404,True
2697,UBCF,10,1,0.1,,0.0,,True
2698,CBF,10,1,0.1,,0.0,,True
2698,UBCF,10,2,0.2,27.972552036849212,27.972552036849212,13.986278905543603,True
2699,CBF,10,1,0.1,,0.0,,True
2699,UBCF,10,1,0.1,,0.0,,True
2700,CBF,10,2,0.2,23.42832637973626,23.42832637973626,11.71416658667128,True
2700,UBCF,10,1,0.1,,0.0,,True
2701,CBF,10,2,0.2,1.4317359571066377,1.4317359571066377,0.7158679788583666,True
2701,UBCF,10,1,0.1,,0.0,,True
2702,CBF,10,2,0.2,1.5156689175409355,1.5156689175409355,0.7578344591212706,True
2702,UBCF,10,1,0.1,,0.0,,True
2703,CBF,10,2,0.2,27.972552036849212,27.972552036849212,13.986278905543603,True
2703,UBCF,10,1,0.1,,0.0,,True
2704,CBF,10,1,0.1,,0.0,,True
2704,UBCF,10,1,0.1,,0.0,,True
2705,CBF,10,3,0.3,8.787898476085292,17.575796952170585,6.855558252398272,True
2705,UBCF,10,1,0.1,,0.0,,True
2706,CBF,10,4,0.4,21.040532767148616,63.12159830144584,20.485977205069496,True
2706,UBCF,10,2,0.2,27.972552036849212,27.972552036849212,13.986278905543603,True
2707,CBF,10,4,0.4,20.859787524515504,62.57936257354651,18.511183825376136,True
2707,UBCF,10,1,0.1,,0.0,,True
2708,CBF,10,1,0.1,,0.0,,True
2708,UBCF,10,2,0.2,31.43542951846135,31.43542951846135,15.717719488393843,True
2709,CBF,10,1,0.1,,0.0,,True
2709,UBCF,10,1,0.1,,0.0,,True
2710,CBF,10,2,0.2,1.4317359571066377,1.4317359571066377,0.7158679788583666,True
2710,UBCF,10,1,0.1,,0.0,,True
2711,CBF,10,2,0.2,1.4317359571066377,1.4317359571066377,0.7158679788583666,True
2711,UBCF,10,1,0.1,,0.0,,True
2712,CBF,10,2,0.2,18.063673535690604,18.063673535690604,9.031838163077367,True
2712,UBCF,10,2,0.2,27.972552036849212,27.972552036849212,13.986278905543603,True
2713,CBF,10,2,0.2,1.851196413912366,1.851196413912366,0.9255982080141867,True
2713,UBCF,10,1,0.1,,0.0,,True
2714,CBF,10,1,0.1,,0.0,,True
2714,UBCF,10,2,0.2,20.56227028829262,20.56227028829262,10.281135193399617,True
2715,CBF,10,2,0.2,3.8420770056466425,3.8420770056466425,1.9210385080692607,True
2715,UBCF,10,1,0.1,,0.0,,True
2716,CBF,10,2,0.2,47.42548488878177,47.42548488878177,23.712758341755357,True
2716,UBCF,10,1,0.1,,0.0,,True
2717,CBF,10,1,0.1,,0.0,,True
2717,UBCF,10,1,0.1,,0.0,,True
2718,CBF,10,2,0.2,43.262588299701214,43.262588299701214,21.631301429361923,True
2718,UBCF,10,1,0.1,,0.0,,True
2719,CBF,10,1,0.1,,0.0,,True
2719,UBCF,10,1,0.1,,0.0,,True
2720,CBF,10,1,0.1,,0.0,,True
2720,UBCF,10,2,0.2,37.90428148972095,37.90428148972095,18.95215698491864,True
2721,CBF,10,1,0.1,,0.0,,True
2721,UBCF,10,1,0.1,,0.0,,True
2722,CBF,10,1,0.1,,0.0,,True
2722,UBCF,10,2,0.2,10.351160117462083,10.351160117462083,5.175580061801435,True
2723,CBF,10,1,0.1,,0.0,,True
2723,UBCF,10,1,0.1,,0.0,,True
2724,CBF,10,2,0.2,43.262588299701214,43.262588299701214,21.631301429361923,True
2724,UBCF,10,1,0.1,,0.0,,True
2725,CBF,10,3,0.3,29.741831496078074,59.48366299215615,22.03639370655,True
2725,UBCF,10,2,0.2,19.380806902927784,19.380806902927784,9.690404897837317,True
2726,CBF,10,1,0.1,,0.0,,True
2726,UBCF,10,1,0.1,,0.0,,True
2727,CBF,10,2,0.2,32.52874473344892,32.52874473344892,16.264373376438158,True
2727,UBCF,10,1,0.1,,0.0,,True
2729,CBF,10,2,0.2,1.5156689175409355,1.5156689175409355,0.7578344591212706,True
2729,UBCF,10,1,0.1,,0.0,,True
2730,CBF,10,4,0.4,22.328899971465518,66.98669991439655,20.997982841365136,True
2730,UBCF,10,1,0.1,,0.0,,True
2731,CBF,10,2,0.2,48.09345756415611,48.09345756415611,24.046737297997502,True
2731,UBCF,10,2,0.2,20.56227028829262,20.56227028829262,10.281135193399617,True
2732,CBF,10,1,0.1,,0.0,,True
2732,UBCF,10,2,0.2,19.380806902927784,19.380806902927784,9.690404897837317,True
2733,CBF,10,2,0.2,1.4317359571066377,1.4317359571066377,0.7158679788583666,True
2733,UBCF,10,1,0.1,,0.0,,True
2734,CBF,10,2,0.2,1.5431923121318396,1.5431923121318396,0.7715961563145184,True
2734,UBCF,10,1,0.1,,0.0,,True
2735,CBF,10,2,0.2,27.972552036849212,27.972552036849212,13.986278905543603,True
2735,UBCF,10,1,0.1,,0.0,,True
2736,CBF,10,2,0.2,0.618187081322193,0.618187081322193,0.3090935406794648,True
2736,UBCF,10,1,0.1,,0.0,,True
2737,CBF,10,1,0.1,,0.0,,True
2737,UBCF,10,1,0.1,,0.0,,True
2738,CBF,10,2,0.2,1.5156689175409355,1.5156689175409355,0.7578344591212706,True
2738,UBCF,10,1,0.1,,0.0,,True
2739,CBF,10,1,0.1,,0.0,,True
2739,UBCF,10,1,0.1,,0.0,,True
2740,CBF,10,1,0.1,,0.0,,True
2740,UBCF,10,1,0.1,,0.0,,True
2741,CBF,10,2,0.2,43.262588299701214,43.262588299701214,21.631301429361923,True
2741,UBCF,10,1,0.1,,0.0,,True
2742,CBF,10,2,0.2,39.89544829710059,39.89544829710059,19.947732443611972,True
2742,UBCF,10,1,0.1,,0.0,,True
2743,CBF,10,1,0.1,,0.0,,True
2743,UBCF,10,1,0.1,,0.0,,True
2744,CBF,10,3,0.3,20.16129326230269,40.32258652460538,14.873343441273127,True
2744,UBCF,10,1,0.1,,0.0,,True
2745,CBF,10,2,0.2,43.50817815473331,43.50817815473331,21.754100831478382,True
2745,UBCF,10,2,0.2,37.90428148972095,37.90428148972095,18.95215698491864,True
2746,CBF,10,2,0.2,1.851196413912366,1.851196413912366,0.9255982080141867,True
2746,UBCF,10,1,0.1,,0.0,,True
2747,CBF,10,3,0.3,43.12277045346657,86.24554090693314,24.94602623208985,True
2747,UBCF,10,1,0.1,,0.0,,True
2748,CBF,10,1,0.1,,0.0,,True
2748,UBCF,10,1,0.1,,0.0,,True
2749,CBF,10,2,0.2,28.163648891291636,28.163648891291636,14.081829185081,True
2749,UBCF,10,1,0.1,,0.0,,True
2750,CBF,10,2,0.2,38.97541147027279,38.97541147027279,19.487708880396617,True
2750,UBCF,10,2,0.2,15.615557281864454,15.615557281864454,7.807779207932764,True
2751,CBF,10,3,0.3,16.661937939696955,33.32387587939391,14.670392701795173,True
2751,UBCF,10,1,0.1,,0.0,,True
2752,CBF,10,1,0.1,,0.0,,True
2752,UBCF,10,1,0.1,,0.0,,True
2753,CBF,10,1,0.1,,0.0,,True
2753,UBCF,10,1,0.1,,0.0,,True
2755,CBF,10,2,0.2,27.972552036849212,27.972552036849212,13.986278905543603,True
2755,UBCF,10,1,0.1,,0.0,,True
2756,CBF,10,1,0.1,,0.0,,True
2756,UBCF,10,1,0.1,,0.0,,True
2757,CBF,10,3,0.3,37.74275346153303,75.48550692306605,26.65203969884985,True
2757,UBCF,10,1,0.1,,0.0,,True
2758,CBF,10,3,0.3,22.499637306332808,44.999274612665616,18.84959275822592,True
2758,UBCF,10,1,0.1,,0.0,,True
2759,CBF,10,2,0.2,27.972552036849212,27.972552036849212,13.986278905543603,True
2759,UBCF,10,2,0.2,20.56227028829262,20.56227028829262,10.281135193399617,True
2760,CBF,10,1,0.1,,0.0,,True
2760,UBCF,10,1,0.1,,0.0,,True
2761,CBF,10,2,0.2,28.03077951218898,28.03077951218898,14.015393429509704,True
2761,UBCF,10,1,0.1,,0.0,,True
2762,CBF,10,3,0.3,16.661937939696955,33.32387587939391,14.670392701795173,True
2762,UBCF,10,2,0.2,42.31944671414057,42.31944671414057,21.159730993153076,True
2763,CBF,10,2,0.2,38.97541147027279,38.97541147027279,19.487708880396617,True
2763,UBCF,10,1,0.1,,0.0,,True
2764,CBF,10,2,0.2,1.4317359571066377,1.4317359571066377,0.7158679788583666,True
2764,UBCF,10,1,0.1,,0.0,,True
2765,CBF,10,4,0.4,26.55953048088999,79.67859144266997,19.190306008873637,True
2765,UBCF,10,1,0.1,,0.0,,True
2766,CBF,10,2,0.2,47.2904786604151,47.2904786604151,23.645251826609766,True
2766,UBCF,10,1,0.1,,0.0,,True
2767,CBF,10,4,0.4,26.7243388864777,80.1730166594331,20.997982841365136,True
2767,UBCF,10,1,0.1,,0.0,,True
2768,CBF,10,1,0.1,,0.0,,True
2768,UBCF,10,1,0.1,,0.0,,True
2769,CBF,10,3,0.3,17.422387190708463,34.844774381416926,13.984483048124067,True
2769,UBCF,10,2,0.2,10.351160117462083,10.351160117462083,5.175580061801435,True
2770,CBF,10,2,0.2,27.972552036849212,27.972552036849212,13.986278905543603,True
2770,UBCF,10,1,0.1,,0.0,,True
2771,CBF,10,1,0.1,,0.0,,True
2771,UBCF,10,1,0.1,,0.0,,True
2772,CBF,10,1,0.1,,0.0,,True
2772,UBCF,10,2,0.2,37.90428148972095,37.90428148972095,18.95215698491864,True
2773,CBF,10,3,0.3,33.20085757433042,66.40171514866084,23.427638132482766,True
2773,UBCF,10,1,0.1,,0.0,,True
2774,CBF,10,1,0.1,,0.0,,True
2774,UBCF,10,1,0.1,,0.0,,True
2775,CBF,10,3,0.3,32.68800499296552,65.37600998593103,23.093036659052,True
2775,UBCF,10,1,0.1,,0.0,,True
2776,CBF,10,3,0.3,31.730134896007094,63.46026979201419,23.446819041658188,True
2776,UBCF,10,1,0.1,,0.0,,True
2777,CBF,10,1,0.1,,0.0,,True
2777,UBCF,10,1,0.1,,0.0,,True
2778,CBF,10,2,0.2,16.039800087006007,16.039800087006007,8.019900878279927,True
2778,UBCF,10,1,0.1,,0.0,,True
2779,CBF,10,3,0.3,38.018461444091116,76.03692288818223,24.94602623208985,True
2779,UBCF,10,1,0.1,,0.0,,True
2780,CBF,10,1,0.1,,0.0,,True
2780,UBCF,10,1,0.1,,0.0,,True
2781,CBF,10,1,0.1,,0.0,,True
2781,UBCF,10,1,0.1,,0.0,,True
2782,CBF,10,1,0.1,,0.0,,True
2782,UBCF,10,1,0.1,,0.0,,True
2783,CBF,10,2,0.2,43.262588299701214,43.262588299701214,21.631301429361923,True
2783,UBCF,10,1,0.1,,0.0,,True
2784,CBF,10,1,0.1,,0.0,,True
2784,UBCF,10,1,0.1,,0.0,,True
2785,CBF,10,2,0.2,1.4317359571066377,1.4317359571066377,0.7158679788583666,True
2785,UBCF,10,1,0.1,,0.0,,True
2786,CBF,10,2,0.2,47.2904786604151,47.2904786604151,23.645251826609766,True
2786,UBCF,10,2,0.2,10.351160117462083,10.351160117462083,5.175580061801435,True
2787,CBF,10,1,0.1,,0.0,,True
2787,UBCF,10,1,0.1,,0.0,,True
2788,CBF,10,2,0.2,35.047699610959974,35.047699610959974,17.52385828960975,True
2788,UBCF,10,1,0.1,,0.0,,True
2789,CBF,10,1,0.1,,0.0,,True
2789,UBCF,10,1,0.1,,0.0,,True
2790,CBF,10,2,0.2,39.131166621556076,39.131166621556076,19.565591509610922,True
2790,UBCF,10,1,0.1,,0.0,,True
2791,CBF,10,1,0.1,,0.0,,True
2791,UBCF,10,1,0.1,,0.0,,True
2792,CBF,10,2,0.2,43.07938720561975,43.07938720561975,21.53969449295095,True
2792,UBCF,10,1,0.1,,0.0,,True
2793,CBF,10,1,0.1,,0.0,,True
2793,UBCF,10,1,0.1,,0.0,,True
2794,CBF,10,1,0.1,,0.0,,True
2794,UBCF,10,1,0.1,,0.0,,True
2795,CBF,10,4,0.4,22.328899971465518,66.98669991439655,20.997982841365136,True
2795,UBCF,10,1,0.1,,0.0,,True
2796,CBF,10,3,0.3,40.1017895644717,80.2035791289434,28.25891576673595,True
2796,UBCF,10,1,0.1,,0.0,,True
2797,CBF,10,1,0.1,,0.0,,True
2797,UBCF,10,1,0.1,,0.0,,True
2798,CBF,10,1,0.1,,0.0,,True
2798,UBCF,10,1,0.1,,0.0,,True
2799,CBF,10,4,0.4,26.7243388864777,80.1730166594331,20.997982841365136,True
2799,UBCF,10,1,0.1,,0.0,,True
2800,CBF,10,3,0.3,38.018461444091116,76.03692288818223,24.94602623208985,True
2800,UBCF,10,1,0.1,,0.0,,True
2801,CBF,10,1,0.1,,0.0,,True
2801,UBCF,10,1,0.1,,0.0,,True
2802,CBF,10,2,0.2,1.5156689175409355,1.5156689175409355,0.7578344591212706,True
2802,UBCF,10,2,0.2,37.90428148972095,37.90428148972095,18.95215698491864,True
2803,CBF,10,4,0.4,27.21897264474525,81.65691793423575,19.35103886034377,True
2803,UBCF,10,1,0.1,,0.0,,True
2804,CBF,10,1,0.1,,0.0,,True
2804,UBCF,10,2,0.2,37.90428148972095,37.90428148972095,18.95215698491864,True
2805,CBF,10,1,0.1,,0.0,,True
2805,UBCF,10,1,0.1,,0.0,,True
2806,CBF,10,2,0.2,1.4317359571066377,1.4317359571066377,0.7158679788583666,True
2806,UBCF,10,1,0.1,,0.0,,True
2807,CBF,10,2,0.2,23.42832637973626,23.42832637973626,11.71416658667128,True
2807,UBCF,10,1,0.1,,0.0,,True
2808,CBF,10,2,0.2,1.851196413912366,1.851196413912366,0.9255982080141867,True
2808,UBCF,10,1,0.1,,0.0,,True
2809,CBF,10,1,0.1,,0.0,,True
2809,UBCF,10,2,0.2,10.351160117462083,10.351160117462083,5.175580061801435,True
2810,CBF,10,1,0.1,,0.0,,True
2810,UBCF,10,1,0.1,,0.0,,True
2811,CBF,10,2,0.2,8.966796178516137,8.966796178516137,4.483398160676603,True
2811,UBCF,10,1,0.1,,0.0,,True
2812,CBF,10,2,0.2,37.90428148972095,37.90428148972095,18.95215698491864,True
2812,UBCF,10,1,0.1,,0.0,,True
2813,CBF,10,2,0.2,1.4317359571066377,1.4317359571066377,0.7158679788583666,True
2813,UBCF,10,1,0.1,,0.0,,True
2814,CBF,10,1,0.1,,0.0,,True
2814,UBCF,10,1,0.1,,0.0,,True
2815,CBF,10,2,0.2,43.07938720561975,43.07938720561975,21.53969449295095,True
2815,UBCF,10,1,0.1,,0.0,,True
2816,CBF,10,2,0.2,1.4317359571066377,1.4317359571066377,0.7158679788583666,True
2816,UBCF,10,1,0.1,,0.0,,True
2817,CBF,10,4,0.4,22.328899971465518,66.98669991439655,20.997982841365136,True
2817,UBCF,10,1,0.1,,0.0,,True
2818,CBF,10,2,0.2,1.851196413912366,1.851196413912366,0.9255982080141867,True
2818,UBCF,10,1,0.1,,0.0,,True
2819,CBF,10,1,0.1,,0.0,,True
2819,UBCF,10,2,0.2,37.90428148972095,37.90428148972095,18.95215698491864,True
2820,CBF,10,1,0.1,,0.0,,True
2820,UBCF,10,1,0.1,,0.0,,True
2821,CBF,10,4,0.4,21.040532767148616,63.12159830144584,20.485977205069496,True
2821,UBCF,10,1,0.1,,0.0,,True
2822,CBF,10,2,0.2,28.163648891291636,28.163648891291636,14.081829185081,True
2822,UBCF,10,1,0.1,,0.0,,True
2823,CBF,10,1,0.1,,0.0,,True
2823,UBCF,10,2,0.2,31.43542951846135,31.43542951846135,15.717719488393843,True
2824,CBF,10,1,0.1,,0.0,,True
2824,UBCF,10,1,0.1,,0.0,,True
2825,CBF,10,2,0.2,43.262588299701214,43.262588299701214,21.631301429361923,True
2825,UBCF,10,1,0.1,,0.0,,True
2826,CBF,10,2,0.2,0.618187081322193,0.618187081322193,0.3090935406794648,True
2826,UBCF,10,1,0.1,,0.0,,True
2827,CBF,10,2,0.2,2.3181081257908294,2.3181081257908294,1.1590540648649006,True
2827,UBCF,10,1,0.1,,0.0,,True
2828,CBF,10,2,0.2,43.262588299701214,43.262588299701214,21.631301429361923,True
2828,UBCF,10,1,0.1,,0.0,,True
2829,CBF,10,1,0.1,,0.0,,True
2829,UBCF,10,1,0.1,,0.0,,True
2830,CBF,10,2,0.2,28.163648891291636,28.163648891291636,14.081829185081,True
2830,UBCF,10,2,0.2,32.52874473344892,32.52874473344892,16.264373376438158,True
2831,CBF,10,2,0.2,48.66648335156169,48.66648335156169,24.3332554239185,True
2831,UBCF,10,1,0.1,,0.0,,True
2832,CBF,10,2,0.2,27.972552036849212,27.972552036849212,13.986278905543603,True
2832,UBCF,10,1,0.1,,0.0,,True
2833,CBF,10,4,0.4,18.883377793392786,56.65013338017836,17.827079243963855,True
2833,UBCF,10,1,0.1,,0.0,,True
2834,CBF,10,1,0.1,,0.0,,True
2834,UBCF,10,1,0.1,,0.0,,True
2835,CBF,10,4,0.4,21.245376837363374,63.73613051209012,20.767912736138523,True
2835,UBCF,10,1,0.1,,0.0,,True
2836,CBF,10,1,0.1,,0.0,,True
2836,UBCF,10,1,0.1,,0.0,,True
2837,CBF,10,4,0.4,36.25394183619542,108.76182550858627,20.806901713499663,True
2837,UBCF,10,1,0.1,,0.0,,True
2838,CBF,10,1,0.1,,0.0,,True
2838,UBCF,10,1,0.1,,0.0,,True
2839,CBF,10,1,0.1,,0.0,,True
2839,UBCF,10,1,0.1,,0.0,,True
2840,CBF,10,2,0.2,1.4317359571066377,1.4317359571066377,0.7158679788583666,True
2840,UBCF,10,2,0.2,32.52874473344892,32.52874473344892,16.264373376438158,True
2841,CBF,10,1,0.1,,0.0,,True
2841,UBCF,10,1,0.1,,0.0,,True
2842,CBF,10,2,0.2,39.245429755089575,39.245429755089575,19.622723579412103,True
2842,UBCF,10,2,0.2,37.90428148972095,37.90428148972095,18.95215698491864,True
2843,CBF,10,2,0.2,43.50817815473331,43.50817815473331,21.754100831478382,True
2843,UBCF,10,1,0.1,,0.0,,True
2844,CBF,10,2,0.2,28.163648891291636,28.163648891291636,14.081829185081,True
2844,UBCF,10,1,0.1,,0.0,,True
2845,CBF,10,1,0.1,,0.0,,True
2845,UBCF,10,1,0.1,,0.0,,True
2846,CBF,10,1,0.1,,0.0,,True
2846,UBCF,10,1,0.1,,0.0,,True
2847,CBF,10,2,0.2,28.163648891291636,28.163648891291636,14.081829185081,True
2847,UBCF,10,1,0.1,,0.0,,True
2848,CBF,10,1,0.1,,0.0,,True
2848,UBCF,10,1,0.1,,0.0,,True
2849,CBF,10,1,0.1,,0.0,,True
2849,UBCF,10,1,0.1,,0.0,,True
2850,CBF,10,1,0.1,,0.0,,True
2850,UBCF,10,1,0.1,,0.0,,True
2851,CBF,10,1,0.1,,0.0,,True
2851,UBCF,10,1,0.1,,0.0,,True
2852,CBF,10,3,0.3,38.81877516953293,77.63755033906585,27.314473332598265,True
2852,UBCF,10,1,0.1,,0.0,,True
2853,CBF,10,2,0.2,27.972552036849212,27.972552036849212,13.986278905543603,True
2853,UBCF,10,2,0.2,37.90428148972095,37.90428148972095,18.95215698491864,True
2854,CBF,10,1,0.1,,0.0,,True
2854,UBCF,10,1,0.1,,0.0,,True
2855,CBF,10,2,0.2,18.063673535690604,18.063673535690604,9.031838163077367,True
2855,UBCF,10,1,0.1,,0.0,,True
2856,CBF,10,1,0.1,,0.0,,True
2856,UBCF,10,1,0.1,,0.0,,True
2857,CBF,10,2,0.2,33.67692365322722,33.67692365322722,16.838466700408475,True
2857,UBCF,10,1,0.1,,0.0,,True
2858,CBF,10,3,0.3,16.661937939696955,33.32387587939391,14.670392701795173,True
2858,UBCF,10,1,0.1,,0.0,,True
2859,CBF,10,1,0.1,,0.0,,True
2859,UBCF,10,2,0.2,19.380806902927784,19.380806902927784,9.690404897837317,True
2860,CBF,10,1,0.1,,0.0,,True
2860,UBCF,10,1,0.1,,0.0,,True
2861,CBF,10,2,0.2,1.4317359571066377,1.4317359571066377,0.7158679788583666,True
2861,UBCF,10,1,0.1,,0.0,,True
2862,CBF,10,2,0.2,28.163648891291636,28.163648891291636,14.081829185081,True
2862,UBCF,10,1,0.1,,0.0,,True
2863,CBF,10,1,0.1,,0.0,,True
2863,UBCF,10,1,0.1,,0.0,,True
2864,CBF,10,1,0.1,,0.0,,True
2864,UBCF,10,1,0.1,,0.0,,True
2865,CBF,10,1,0.1,,0.0,,True
2865,UBCF,10,2,0.2,11.749728398231753,11.749728398231753,5.874864397864018,True
2866,CBF,10,2,0.2,8.492806526192252,8.492806526192252,4.246403326945568,True
2866,UBCF,10,1,0.1,,0.0,,True
2867,CBF,10,3,0.3,23.65047280094464,47.30094560188928,19.13558213387149,True
2867,UBCF,10,1,0.1,,0.0,,True
2868,CBF,10,2,0.2,39.245429755089575,39.245429755089575,19.622723579412103,True
2868,UBCF,10,1,0.1,,0.0,,True
2869,CBF,10,1,0.1,,0.0,,True
2869,UBCF,10,2,0.2,10.351160117462083,10.351160117462083,5.175580061801435,True
2870,CBF,10,1,0.1,,0.0,,True
2870,UBCF,10,1,0.1,,0.0,,True
2871,CBF,10,1,0.1,,0.0,,True
2871,UBCF,10,2,0.2,10.351160117462083,10.351160117462083,5.175580061801435,True
2872,CBF,10,1,0.1,,0.0,,True
2872,UBCF,10,1,0.1,,0.0,,True
2874,CBF,10,2,0.2,30.24333887820839,30.24333887820839,15.121672607071922,True
2874,UBCF,10,1,0.1,,0.0,,True
2875,CBF,10,1,0.1,,0.0,,True
2875,UBCF,10,1,0.1,,0.0,,True
2876,CBF,10,2,0.2,20.357530189223063,20.357530189223063,10.178765101099387,True
2876,UBCF,10,1,0.1,,0.0,,True
2877,CBF,10,2,0.2,8.412640195690354,8.412640195690354,4.206320154926033,True
2877,UBCF,10,1,0.1,,0.0,,True
2878,CBF,10,1,0.1,,0.0,,True
2878,UBCF,10,1,0.1,,0.0,,True
2879,CBF,10,2,0.2,33.67692365322722,33.67692365322722,16.838466700408475,True
2879,UBCF,10,1,0.1,,0.0,,True
2880,CBF,10,1,0.1,,0.0,,True
2880,UBCF,10,1,0.1,,0.0,,True
2881,CBF,10,1,0.1,,0.0,,True
2881,UBCF,10,2,0.2,37.90428148972095,37.90428148972095,18.95215698491864,True
2882,CBF,10,2,0.2,1.4317359571066377,1.4317359571066377,0.7158679788583666,True
2882,UBCF,10,1,0.1,,0.0,,True
2883,CBF,10,2,0.2,1.5156689175409355,1.5156689175409355,0.7578344591212706,True
2883,UBCF,10,1,0.1,,0.0,,True
2884,CBF,10,1,0.1,,0.0,,True
2884,UBCF,10,1,0.1,,0.0,,True
2885,CBF,10,2,0.2,4.127413100707732,4.127413100707732,2.063706557612347,True
2885,UBCF,10,1,0.1,,0.0,,True
2886,CBF,10,2,0.2,32.70568879807172,32.70568879807172,16.352846904750777,True
2886,UBCF,10,1,0.1,,0.0,,True
2887,CBF,10,1,0.1,,0.0,,True
2887,UBCF,10,1,0.1,,0.0,,True
2888,CBF,10,2,0.2,27.972552036849212,27.972552036849212,13.986278905543603,True
2888,UBCF,10,1,0.1,,0.0,,True
2889,CBF,10,1,0.1,,0.0,,True
2889,UBCF,10,1,0.1,,0.0,,True
2890,CBF,10,2,0.2,1.5156689175409355,1.5156689175409355,0.7578344591212706,True
2890,UBCF,10,2,0.2,37.90428148972095,37.90428148972095,18.95215698491864,True
2891,CBF,10,2,0.2,27.972552036849212,27.972552036849212,13.986278905543603,True
2891,UBCF,10,1,0.1,,0.0,,True
2892,CBF,10,2,0.2,48.66648335156169,48.66648335156169,24.3332554239185,True
2892,UBCF,10,1,0.1,,0.0,,True
2893,CBF,10,2,0.2,21.49728874955651,21.49728874955651,10.748644375108986,True
2893,UBCF,10,1,0.1,,0.0,,True
2894,CBF,10,1,0.1,,0.0,,True
2894,UBCF,10,1,0.1,,0.0,,True
2895,CBF,10,1,0.1,,0.0,,True
2895,UBCF,10,1,0.1,,0.0,,True
2896,CBF,10,4,0.4,26.644494393162542,79.93348317948762,22.674719564418574,True
2896,UBCF,10,1,0.1,,0.0,,True
2897,CBF,10,1,0.1,,0.0,,True
2897,UBCF,10,1,0.1,,0.0,,True
2898,CBF,10,1,0.1,,0.0,,True
2898,UBCF,10,1,0.1,,0.0,,True
2899,CBF,10,1,0.1,,0.0,,True
2899,UBCF,10,1,0.1,,0.0,,True
2900,CBF,10,4,0.4,24.019045158685444,72.05713547605633,24.192985851838642,True
2900,UBCF,10,2,0.2,37.90428148972095,37.90428148972095,18.95215698491864,True
2901,CBF,10,2,0.2,43.262588299701214,43.262588299701214,21.631301429361923,True
2901,UBCF,10,1,0.1,,0.0,,True
2902,CBF,10,4,0.4,8.450340451133783,25.35102135340135,6.053342118066845,True
2902,UBCF,10,1,0.1,,0.0,,True
2903,CBF,10,1,0.1,,0.0,,True
2903,UBCF,10,1,0.1,,0.0,,True
2904,CBF,10,2,0.2,39.89544829710059,39.89544829710059,19.947732443611972,True
2904,UBCF,10,1,0.1,,0.0,,True
2905,CBF,10,2,0.2,27.972552036849212,27.972552036849212,13.986278905543603,True
2905,UBCF,10,1,0.1,,0.0,,True
2906,CBF,10,2,0.2,0.7696634962100063,0.7696634962100063,0.38483174829812516,True
2906,UBCF,10,2,0.2,32.52874473344892,32.52874473344892,16.264373376438158,True
2907,CBF,10,1,0.1,,0.0,,True
2907,UBCF,10,1,0.1,,0.0,,True
2908,CBF,10,1,0.1,,0.0,,True
2908,UBCF,10,1,0.1,,0.0,,True
2909,CBF,10,1,0.1,,0.0,,True
2909,UBCF,10,1,0.1,,0.0,,True
2910,CBF,10,2,0.2,18.063673535690604,18.063673535690604,9.031838163077367,True
2910,UBCF,10,2,0.2,32.156236140329234,32.156236140329234,16.078123042774006,True
2911,CBF,10,1,0.1,,0.0,,True
2911,UBCF,10,1,0.1,,0.0,,True
2912,CBF,10,4,0.4,11.161951546266764,33.48585463880029,9.11525090622656,True
2912,UBCF,10,1,0.1,,0.0,,True
2913,CBF,10,2,0.2,28.163648891291636,28.163648891291636,14.081829185081,True
2913,UBCF,10,1,0.1,,0.0,,True
2914,CBF,10,2,0.2,38.54334327738816,38.54334327738816,19.27168404100997,True
2914,UBCF,10,1,0.1,,0.0,,True
2915,CBF,10,1,0.1,,0.0,,True
2915,UBCF,10,1,0.1,,0.0,,True
2916,CBF,10,2,0.2,43.07938720561975,43.07938720561975,21.53969449295095,True
2916,UBCF,10,1,0.1,,0.0,,True
2917,CBF,10,2,0.2,28.163648891291636,28.163648891291636,14.081829185081,True
2917,UBCF,10,1,0.1,,0.0,,True
2918,CBF,10,2,0.2,27.972552036849212,27.972552036849212,13.986278905543603,True
2918,UBCF,10,1,0.1,,0.0,,True
2919,CBF,10,2,0.2,39.884336960417365,39.884336960417365,19.94216859195539,True
2919,UBCF,10,1,0.1,,0.0,,True
2920,CBF,10,2,0.2,1.5431923121318396,1.5431923121318396,0.7715961563145184,True
2920,UBCF,10,1,0.1,,0.0,,True
2921,CBF,10,1,0.1,,0.0,,True
2921,UBCF,10,1,0.1,,0.0,,True
2922,CBF,10,1,0.1,,0.0,,True
2922,UBCF,10,1,0.1,,0.0,,True
2923,CBF,10,3,0.3,31.083350173618644,62.16670034723729,21.32895967861381,True
2923,UBCF,10,1,0.1,,0.0,,True
2924,CBF,10,2,0.2,19.747511248130476,19.747511248130476,9.873756747959575,True
2924,UBCF,10,1,0.1,,0.0,,True
2925,CBF,10,2,0.2,1.4317359571066377,1.4317359571066377,0.7158679788583666,True
2925,UBCF,10,2,0.2,43.06789496829618,43.06789496829618,21.53394824722954,True
2926,CBF,10,2,0.2,2.3181081257908294,2.3181081257908294,1.1590540648649006,True
2926,UBCF,10,1,0.1,,0.0,,True
2927,CBF,10,1,0.1,,0.0,,True
2927,UBCF,10,1,0.1,,0.0,,True
2928,CBF,10,2,0.2,1.4317359571066377,1.4317359571066377,0.7158679788583666,True
2928,UBCF,10,1,0.1,,0.0,,True
2929,CBF,10,2,0.2,28.163648891291636,28.163648891291636,14.081829185081,True
2929,UBCF,10,1,0.1,,0.0,,True
2930,CBF,10,3,0.3,54.20315480682549,108.40630961365098,26.65203969884985,True
2930,UBCF,10,1,0.1,,0.0,,True
2931,CBF,10,4,0.4,6.735149768205858,20.205449304617574,5.3464163036884464,True
2931,UBCF,10,3,0.3,34.57603632648781,69.15207265297562,24.390092677772042,True
2932,CBF,10,2,0.2,1.4317359571066377,1.4317359571066377,0.7158679788583666,True
2932,UBCF,10,1,0.1,,0.0,,True
2933,CBF,10,1,0.1,,0.0,,True
2933,UBCF,10,1,0.1,,0.0,,True
2934,CBF,10,2,0.2,17.82423193742532,17.82423193742532,8.912116066560213,True
2934,UBCF,10,2,0.2,10.351160117462083,10.351160117462083,5.175580061801435,True
2935,CBF,10,1,0.1,,0.0,,True
2935,UBCF,10,1,0.1,,0.0,,True
2936,CBF,10,1,0.1,,0.0,,True
2936,UBCF,10,1,0.1,,0.0,,True
2937,CBF,10,2,0.2,1.5431923121318396,1.5431923121318396,0.7715961563145184,True
2937,UBCF,10,1,0.1,,0.0,,True
2938,CBF,10,2,0.2,8.966796178516137,8.966796178516137,4.483398160676603,True
2938,UBCF,10,1,0.1,,0.0,,True
2939,CBF,10,3,0.3,29.79220952565796,59.58441905131592,17.513509954850523,True
2939,UBCF,10,1,0.1,,0.0,,True
2940,CBF,10,2,0.2,13.448383851462852,13.448383851462852,6.724192680672757,True
2940,UBCF,10,1,0.1,,0.0,,True
2941,CBF,10,4,0.4,22.328899971465518,66.98669991439655,20.997982841365136,True
2941,UBCF,10,1,0.1,,0.0,,True
2942,CBF,10,2,0.2,1.4317359571066377,1.4317359571066377,0.7158679788583666,True
2942,UBCF,10,1,0.1,,0.0,,True
2944,CBF,10,2,0.2,3.6850055948208023,3.6850055948208023,1.8425028001825163,True
2944,UBCF,10,1,0.1,,0.0,,True
2945,CBF,10,2,0.2,29.15869940542207,29.15869940542207,14.579355363761266,True
2945,UBCF,10,2,0.2,42.31944671414057,42.31944671414057,21.159730993153076,True
2946,CBF,10,2,0.2,29.15869940542207,29.15869940542207,14.579355363761266,True
2946,UBCF,10,2,0.2,10.351160117462083,10.351160117462083,5.175580061801435,True
2947,CBF,10,1,0.1,,0.0,,True
2947,UBCF,10,2,0.2,20.56227028829262,20.56227028829262,10.281135193399617,True
2948,CBF,10,1,0.1,,0.0,,True
2948,UBCF,10,1,0.1,,0.0,,True
2949,CBF,10,2,0.2,43.07938720561975,43.07938720561975,21.53969449295095,True
2949,UBCF,10,1,0.1,,0.0,,True
2950,CBF,10,3,0.3,29.551415178475974,59.10283035695195,23.225886950306606,True
2950,UBCF,10,1,0.1,,0.0,,True
2951,CBF,10,2,0.2,33.67692365322722,33.67692365322722,16.838466700408475,True
2951,UBCF,10,1,0.1,,0.0,,True
2952,CBF,10,2,0.2,42.58985072810587,42.58985072810587,21.294941911813737,True
2952,UBCF,10,1,0.1,,0.0,,True
2953,CBF,10,1,0.1,,0.0,,True
2953,UBCF,10,1,0.1,,0.0,,True
2954,CBF,10,1,0.1,,0.0,,True
2954,UBCF,10,1,0.1,,0.0,,True
2955,CBF,10,2,0.2,28.163648891291636,28.163648891291636,14.081829185081,True
2955,UBCF,10,1,0.1,,0.0,,True
2956,CBF,10,2,0.2,33.67692365322722,33.67692365322722,16.838466700408475,True
2956,UBCF,10,1,0.1,,0.0,,True
2957,CBF,10,1,0.1,,0.0,,True
2957,UBCF,10,1,0.1,,0.0,,True
2958,CBF,10,3,0.3,16.661937939696955,33.32387587939391,14.670392701795173,True
2958,UBCF,10,1,0.1,,0.0,,True
2959,CBF,10,1,0.1,,0.0,,True
2959,UBCF,10,1,0.1,,0.0,,True
2960,CBF,10,1,0.1,,0.0,,True
2960,UBCF,10,2,0.2,37.90428148972095,37.90428148972095,18.95215698491864,True
2961,CBF,10,1,0.1,,0.0,,True
2961,UBCF,10,1,0.1,,0.0,,True
2962,CBF,10,1,0.1,,0.0,,True
2962,UBCF,10,1,0.1,,0.0,,True
2963,CBF,10,2,0.2,29.15869940542207,29.15869940542207,14.579355363761266,True
2963,UBCF,10,1,0.1,,0.0,,True
2964,CBF,10,1,0.1,,0.0,,True
2964,UBCF,10,2,0.2,20.56227028829262,20.56227028829262,10.281135193399617,True
2965,CBF,10,1,0.1,,0.0,,True
2965,UBCF,10,2,0.2,37.90428148972095,37.90428148972095,18.95215698491864,True
2966,CBF,10,1,0.1,,0.0,,True
2966,UBCF,10,1,0.1,,0.0,,True
2967,CBF,10,2,0.2,19.115645729916185,19.115645729916185,9.557823552471355,True
2967,UBCF,10,1,0.1,,0.0,,True
2968,CBF,10,1,0.1,,0.0,,True
2968,UBCF,10,1,0.1,,0.0,,True
2969,CBF,10,1,0.1,,0.0,,True
2969,UBCF,10,1,0.1,,0.0,,True
2970,CBF,10,2,0.2,43.262588299701214,43.262588299701214,21.631301429361923,True
2970,UBCF,10,1,0.1,,0.0,,True
2971,CBF,10,4,0.4,4.900960343100987,14.702881029302961,4.47460918021922,True
2971,UBCF,10,1,0.1,,0.0,,True
2972,CBF,10,2,0.2,28.163648891291636,28.163648891291636,14.081829185081,True
2972,UBCF,10,1,0.1,,0.0,,True
2973,CBF,10,1,0.1,,0.0,,True
2973,UBCF,10,2,0.2,32.52874473344892,32.52874473344892,16.264373376438158,True
2974,CBF,10,1,0.1,,0.0,,True
2974,UBCF,10,2,0.2,42.31944671414057,42.31944671414057,21.159730993153076,True
2975,CBF,10,1,0.1,,0.0,,True
2975,UBCF,10,1,0.1,,0.0,,True
2976,CBF,10,1,0.1,,0.0,,True
2976,UBCF,10,1,0.1,,0.0,,True
2977,CBF,10,1,0.1,,0.0,,True
2977,UBCF,10,1,0.1,,0.0,,True
2978,CBF,10,2,0.2,28.163648891291636,28.163648891291636,14.081829185081,True
2978,UBCF,10,1,0.1,,0.0,,True
2979,CBF,10,2,0.2,43.262588299701214,43.262588299701214,21.631301429361923,True
2979,UBCF,10,1,0.1,,0.0,,True
2980,CBF,10,2,0.2,5.859110933607617,5.859110933607617,2.929555475275662,True
2980,UBCF,10,1,0.1,,0.0,,True
2981,CBF,10,2,0.2,1.5431923121318396,1.5431923121318396,0.7715961563145184,True
2981,UBCF,10,1,0.1,,0.0,,True
2982,CBF,10,2,0.2,27.972552036849212,27.972552036849212,13.986278905543603,True
2982,UBCF,10,1,0.1,,0.0,,True
2983,CBF,10,1,0.1,,0.0,,True
2983,UBCF,10,2,0.2,10.351160117462083,10.351160117462083,5.175580061801435,True
2984,CBF,10,1,0.1,,0.0,,True
2984,UBCF,10,1,0.1,,0.0,,True
2985,CBF,10,2,0.2,27.972552036849212,27.972552036849212,13.986278905543603,True
2985,UBCF,10,2,0.2,32.501727533605106,32.501727533605106,16.250863767116847,True
2986,CBF,10,1,0.1,,0.0,,True
2986,UBCF,10,2,0.2,27.972552036849212,27.972552036849212,13.986278905543603,True
2987,CBF,10,1,0.1,,0.0,,True
2987,UBCF,10,1,0.1,,0.0,,True
2988,CBF,10,2,0.2,28.163648891291636,28.163648891291636,14.081829185081,True
2988,UBCF,10,1,0.1,,0.0,,True
2989,CBF,10,1,0.1,,0.0,,True
2989,UBCF,10,1,0.1,,0.0,,True
2990,CBF,10,2,0.2,15.331600980045696,15.331600980045696,7.665801087987717,True
2990,UBCF,10,1,0.1,,0.0,,True
2991,CBF,10,1,0.1,,0.0,,True
2991,UBCF,10,1,0.1,,0.0,,True
2992,CBF,10,2,0.2,28.163648891291636,28.163648891291636,14.081829185081,True
2992,UBCF,10,1,0.1,,0.0,,True
2993,CBF,10,1,0.1,,0.0,,True
2993,UBCF,10,1,0.1,,0.0,,True
2994,CBF,10,1,0.1,,0.0,,True
2994,UBCF,10,1,0.1,,0.0,,True
2995,CBF,10,1,0.1,,0.0,,True
2995,UBCF,10,1,0.1,,0.0,,True
2996,CBF,10,1,0.1,,0.0,,True
2996,UBCF,10,2,0.2,32.52874473344892,32.52874473344892,16.264373376438158,True
2997,CBF,10,1,0.1,,0.0,,True
2997,UBCF,10,1,0.1,,0.0,,True
2998,CBF,10,1,0.1,,0.0,,True
2998,UBCF,10,1,0.1,,0.0,,True
2999,CBF,10,2,0.2,1.4317359571066377,1.4317359571066377,0.7158679788583666,True
2999,UBCF,10,1,0.1,,0.0,,True
3000,CBF,10,1,0.1,,0.0,,True
3000,UBCF,10,1,0.1,,0.0,,True
3001,CBF,10,2,0.2,39.131166621556076,39.131166621556076,19.565591509610922,True
3001,UBCF,10,1,0.1,,0.0,,True
3002,CBF,10,1,0.1,,0.0,,True
3002,UBCF,10,1,0.1,,0.0,,True
3003,CBF,10,1,0.1,,0.0,,True
3003,UBCF,10,1,0.1,,0.0,,True
3004,CBF,10,1,0.1,,0.0,,True
3004,UBCF,10,1,0.1,,0.0,,True
3005,CBF,10,2,0.2,24.475756360953795,24.475756360953795,12.237881850962218,True
3005,UBCF,10,2,0.2,37.90428148972095,37.90428148972095,18.95215698491864,True
3006,CBF,10,1,0.1,,0.0,,True
3006,UBCF,10,2,0.2,19.380806902927784,19.380806902927784,9.690404897837317,True
3007,CBF,10,2,0.2,43.262588299701214,43.262588299701214,21.631301429361923,True
3007,UBCF,10,1,0.1,,0.0,,True
3008,CBF,10,1,0.1,,0.0,,True
3008,UBCF,10,1,0.1,,0.0,,True
3009,CBF,10,1,0.1,,0.0,,True
3009,UBCF,10,1,0.1,,0.0,,True
3010,CBF,10,1,0.1,,0.0,,True
3010,UBCF,10,2,0.2,32.52874473344892,32.52874473344892,16.264373376438158,True
3011,CBF,10,1,0.1,,0.0,,True
3011,UBCF,10,2,0.2,28.023986357443068,28.023986357443068,14.01199605679436,True
3012,CBF,10,2,0.2,33.67692365322722,33.67692365322722,16.838466700408475,True
3012,UBCF,10,1,0.1,,0.0,,True
3013,CBF,10,2,0.2,27.972552036849212,27.972552036849212,13.986278905543603,True
3013,UBCF,10,2,0.2,32.52874473344892,32.52874473344892,16.264373376438158,True
3014,CBF,10,1,0.1,,0.0,,True
3014,UBCF,10,1,0.1,,0.0,,True
3015,CBF,10,1,0.1,,0.0,,True
3015,UBCF,10,2,0.2,37.90428148972095,37.90428148972095,18.95215698491864,True
3016,CBF,10,2,0.2,28.163648891291636,28.163648891291636,14.081829185081,True
3016,UBCF,10,1,0.1,,0.0,,True
3017,CBF,10,2,0.2,1.5431923121318396,1.5431923121318396,0.7715961563145184,True
3017,UBCF,10,1,0.1,,0.0,,True
3018,CBF,10,1,0.1,,0.0,,True
3018,UBCF,10,1,0.1,,0.0,,True
3019,CBF,10,3,0.3,27.785394217400885,55.57078843480177,16.782978067037174,True
3019,UBCF,10,1,0.1,,0.0,,True
3020,CBF,10,2,0.2,39.68146350068155,39.68146350068155,19.840734382814126,True
3020,UBCF,10,1,0.1,,0.0,,True
3021,CBF,10,1,0.1,,0.0,,True
3021,UBCF,10,1,0.1,,0.0,,True
3022,CBF,10,2,0.2,2.5420414357668193,2.5420414357668193,1.271020718894901,True
3022,UBCF,10,1,0.1,,0.0,,True
3023,CBF,10,2,0.2,43.262588299701214,43.262588299701214,21.631301429361923,True
3023,UBCF,10,1,0.1,,0.0,,True
3024,CBF,10,1,0.1,,0.0,,True
3024,UBCF,10,1,0.1,,0.0,,True
3025,CBF,10,2,0.2,1.5431923121318396,1.5431923121318396,0.7715961563145184,True
3025,UBCF,10,1,0.1,,0.0,,True
3026,CBF,10,3,0.3,46.391897658889384,92.78379531777877,28.335316861706,True
3026,UBCF,10,1,0.1,,0.0,,True
3027,CBF,10,3,0.3,29.551415178475974,59.10283035695195,23.225886950306606,True
3027,UBCF,10,1,0.1,,0.0,,True
3028,CBF,10,2,0.2,28.163648891291636,28.163648891291636,14.081829185081,True
3028,UBCF,10,1,0.1,,0.0,,True
3029,CBF,10,2,0.2,28.163648891291636,28.163648891291636,14.081829185081,True
3029,UBCF,10,1,0.1,,0.0,,True
3030,CBF,10,2,0.2,39.245429755089575,39.245429755089575,19.622723579412103,True
3030,UBCF,10,1,0.1,,0.0,,True
3031,CBF,10,2,0.2,1.4317359571066377,1.4317359571066377,0.7158679788583666,True
3031,UBCF,10,1,0.1,,0.0,,True
3032,CBF,10,1,0.1,,0.0,,True
3032,UBCF,10,1,0.1,,0.0,,True
3033,CBF,10,2,0.2,39.245429755089575,39.245429755089575,19.622723579412103,True
3033,UBCF,10,1,0.1,,0.0,,True
3034,CBF,10,2,0.2,9.002139463378297,9.002139463378297,4.501069834931309,True
3034,UBCF,10,1,0.1,,0.0,,True
3035,CBF,10,4,0.4,29.15024928466957,87.45074785400871,19.71693182555296,True
3035,UBCF,10,1,0.1,,0.0,,True
3036,CBF,10,1,0.1,,0.0,,True
3036,UBCF,10,1,0.1,,0.0,,True
3037,CBF,10,2,0.2,1.4520848238930628,1.4520848238930628,0.7260424121934375,True
3037,UBCF,10,1,0.1,,0.0,,True
3038,CBF,10,2,0.2,0.618187081322193,0.618187081322193,0.3090935406794648,True
3038,UBCF,10,1,0.1,,0.0,,True
3039,CBF,10,3,0.3,26.091810477000088,52.183620954000176,15.833112457947399,True
3039,UBCF,10,1,0.1,,0.0,,True
3040,CBF,10,1,0.1,,0.0,,True
3040,UBCF,10,1,0.1,,0.0,,True
3041,CBF,10,1,0.1,,0.0,,True
3041,UBCF,10,1,0.1,,0.0,,True
3043,CBF,10,1,0.1,,0.0,,True
3043,UBCF,10,2,0.2,20.56227028829262,20.56227028829262,10.281135193399617,True
3044,CBF,10,2,0.2,39.68146350068155,39.68146350068155,19.840734382814126,True
3044,UBCF,10,1,0.1,,0.0,,True
3045,CBF,10,2,0.2,39.131166621556076,39.131166621556076,19.565591509610922,True
3045,UBCF,10,3,0.3,31.982087125955132,63.964174251910265,22.491845482861294,True
3046,CBF,10,2,0.2,1.4317359571066377,1.4317359571066377,0.7158679788583666,True
3046,UBCF,10,1,0.1,,0.0,,True
3047,CBF,10,3,0.3,8.187350185428986,16.374700370857973,6.221461723858849,True
3047,UBCF,10,1,0.1,,0.0,,True
3048,CBF,10,1,0.1,,0.0,,True
3048,UBCF,10,1,0.1,,0.0,,True
3049,CBF,10,1,0.1,,0.0,,True
3049,UBCF,10,2,0.2,42.31944671414057,42.31944671414057,21.159730993153076,True
3050,CBF,10,2,0.2,1.4317359571066377,1.4317359571066377,0.7158679788583666,True
3050,UBCF,10,1,0.1,,0.0,,True
3051,CBF,10,1,0.1,,0.0,,True
3051,UBCF,10,1,0.1,,0.0,,True
3052,CBF,10,2,0.2,1.4317359571066377,1.4317359571066377,0.7158679788583666,True
3052,UBCF,10,1,0.1,,0.0,,True
3053,CBF,10,1,0.1,,0.0,,True
3053,UBCF,10,1,0.1,,0.0,,True
3054,CBF,10,4,0.4,26.7243388864777,80.1730166594331,20.997982841365136,True
3054,UBCF,10,1,0.1,,0.0,,True
3055,CBF,10,4,0.4,41.24034221254036,123.7210266376211,22.29489869174447,True
3055,UBCF,10,1,0.1,,0.0,,True
3057,CBF,10,2,0.2,49.470537526762,49.470537526762,24.735268777162105,True
3057,UBCF,10,1,0.1,,0.0,,True
3058,CBF,10,2,0.2,33.307372647861015,33.307372647861015,16.653688974915404,True
3058,UBCF,10,1,0.1,,0.0,,True
3059,CBF,10,2,0.2,24.475756360953795,24.475756360953795,12.237881850962218,True
3059,UBCF,10,1,0.1,,0.0,,True
3060,CBF,10,2,0.2,39.68146350068155,39.68146350068155,19.840734382814126,True
3060,UBCF,10,1,0.1,,0.0,,True
3061,CBF,10,2,0.2,2.5420414357668193,2.5420414357668193,1.271020718894901,True
3061,UBCF,10,1,0.1,,0.0,,True
3062,CBF,10,2,0.2,23.42832637973626,23.42832637973626,11.71416658667128,True
3062,UBCF,10,1,0.1,,0.0,,True
3063,CBF,10,1,0.1,,0.0,,True
3063,UBCF,10,1,0.1,,0.0,,True
3064,CBF,10,1,0.1,,0.0,,True
3064,UBCF,10,2,0.2,37.90428148972095,37.90428148972095,18.95215698491864,True
3065,CBF,10,2,0.2,5.859110933607617,5.859110933607617,2.929555475275662,True
3065,UBCF,10,1,0.1,,0.0,,True
3066,CBF,10,2,0.2,32.70568879807172,32.70568879807172,16.352846904750777,True
3066,UBCF,10,1,0.1,,0.0,,True
3067,CBF,10,2,0.2,42.58985072810587,42.58985072810587,21.294941911813737,True
3067,UBCF,10,1,0.1,,0.0,,True
3068,CBF,10,4,0.4,21.076747819219893,63.23024345765968,20.997982841365133,True
3068,UBCF,10,1,0.1,,0.0,,True
3069,CBF,10,1,0.1,,0.0,,True
3069,UBCF,10,1,0.1,,0.0,,True
3070,CBF,10,2,0.2,1.4317359571066377,1.4317359571066377,0.7158679788583666,True
3070,UBCF,10,1,0.1,,0.0,,True
3071,CBF,10,1,0.1,,0.0,,True
3071,UBCF,10,1,0.1,,0.0,,True
3072,CBF,10,1,0.1,,0.0,,True
3072,UBCF,10,1,0.1,,0.0,,True
3073,CBF,10,1,0.1,,0.0,,True
3073,UBCF,10,1,0.1,,0.0,,True
3074,CBF,10,2,0.2,5.859110933607617,5.859110933607617,2.929555475275662,True
3074,UBCF,10,1,0.1,,0.0,,True
3075,CBF,10,2,0.2,1.4317359571066377,1.4317359571066377,0.7158679788583666,True
3075,UBCF,10,1,0.1,,0.0,,True
3076,CBF,10,2,0.2,27.972552036849212,27.972552036849212,13.986278905543603,True
3076,UBCF,10,1,0.1,,0.0,,True
3077,CBF,10,2,0.2,1.5431923121318396,1.5431923121318396,0.7715961563145184,True
3077,UBCF,10,1,0.1,,0.0,,True
3078,CBF,10,2,0.2,1.851196413912366,1.851196413912366,0.9255982080141867,True
3078,UBCF,10,1,0.1,,0.0,,True
3079,CBF,10,2,0.2,33.67692365322722,33.67692365322722,16.838466700408475,True
3079,UBCF,10,1,0.1,,0.0,,True
3080,CBF,10,3,0.3,2.049357792874203,4.098715585748406,1.2849855010841953,True
3080,UBCF,10,1,0.1,,0.0,,True
3081,CBF,10,2,0.2,27.972552036849212,27.972552036849212,13.986278905543603,True
3081,UBCF,10,1,0.1,,0.0,,True
3082,CBF,10,2,0.2,27.972552036849212,27.972552036849212,13.986278905543603,True
3082,UBCF,10,1,0.1,,0.0,,True
3083,CBF,10,1,0.1,,0.0,,True
3083,UBCF,10,1,0.1,,0.0,,True
3084,CBF,10,2,0.2,1.851196413912366,1.851196413912366,0.9255982080141867,True
3084,UBCF,10,1,0.1,,0.0,,True
3085,CBF,10,1,0.1,,0.0,,True
3085,UBCF,10,1,0.1,,0.0,,True
3086,CBF,10,2,0.2,43.262588299701214,43.262588299701214,21.631301429361923,True
3086,UBCF,10,1,0.1,,0.0,,True
3087,CBF,10,1,0.1,,0.0,,True
3087,UBCF,10,1,0.1,,0.0,,True
3088,CBF,10,2,0.2,27.972552036849212,27.972552036849212,13.986278905543603,True
3088,UBCF,10,2,0.2,37.90428148972095,37.90428148972095,18.95215698491864,True
3089,CBF,10,1,0.1,,0.0,,True
3089,UBCF,10,2,0.2,40.809454731877814,40.809454731877814,20.404728867764554,True
3090,CBF,10,1,0.1,,0.0,,True
3090,UBCF,10,1,0.1,,0.0,,True
3091,CBF,10,1,0.1,,0.0,,True
3091,UBCF,10,1,0.1,,0.0,,True
3092,CBF,10,1,0.1,,0.0,,True
3092,UBCF,10,2,0.2,37.90428148972095,37.90428148972095,18.95215698491864,True
3093,CBF,10,3,0.3,16.962779864591603,33.925559729183206,14.670392701795173,True
3093,UBCF,10,2,0.2,10.351160117462083,10.351160117462083,5.175580061801435,True
3094,CBF,10,2,0.2,39.89544829710059,39.89544829710059,19.947732443611972,True
3094,UBCF,10,1,0.1,,0.0,,True
3095,CBF,10,2,0.2,1.5156689175409355,1.5156689175409355,0.7578344591212706,True
3095,UBCF,10,1,0.1,,0.0,,True
3096,CBF,10,1,0.1,,0.0,,True
3096,UBCF,10,3,0.3,8.488770665688321,16.977541331376642,6.171028395258797,True
3097,CBF,10,1,0.1,,0.0,,True
3097,UBCF,10,2,0.2,27.972552036849212,27.972552036849212,13.986278905543603,True
3098,CBF,10,1,0.1,,0.0,,True
3098,UBCF,10,2,0.2,42.31944671414057,42.31944671414057,21.159730993153076,True
3099,CBF,10,1,0.1,,0.0,,True
3099,UBCF,10,2,0.2,37.90428148972095,37.90428148972095,18.95215698491864,True
3100,CBF,10,2,0.2,1.4317359571066377,1.4317359571066377,0.7158679788583666,True
3100,UBCF,10,1,0.1,,0.0,,True
3101,CBF,10,4,0.4,26.7243388864777,80.1730166594331,20.997982841365136,True
3101,UBCF,10,1,0.1,,0.0,,True
3102,CBF,10,2,0.2,27.972552036849212,27.972552036849212,13.986278905543603,True
3102,UBCF,10,1,0.1,,0.0,,True
3103,CBF,10,2,0.2,39.68146350068155,39.68146350068155,19.840734382814126,True
3103,UBCF,10,1,0.1,,0.0,,True
3104,CBF,10,1,0.1,,0.0,,True
3104,UBCF,10,1,0.1,,0.0,,True
3105,CBF,10,2,0.2,40.228672888954705,40.228672888954705,20.11434745585511,True
3105,UBCF,10,1,0.1,,0.0,,True
3106,CBF,10,3,0.3,40.494634821868374,80.98926964373675,24.940244259224546,True
3106,UBCF,10,1,0.1,,0.0,,True
3107,CBF,10,1,0.1,,0.0,,True
3107,UBCF,10,1,0.1,,0.0,,True
3108,CBF,10,2,0.2,28.163648891291636,28.163648891291636,14.081829185081,True
3108,UBCF,10,1,0.1,,0.0,,True
3109,CBF,10,2,0.2,1.4520848238930628,1.4520848238930628,0.7260424121934375,True
3109,UBCF,10,1,0.1,,0.0,,True
3110,CBF,10,1,0.1,,0.0,,True
3110,UBCF,10,1,0.1,,0.0,,True
3111,CBF,10,1,0.1,,0.0,,True
3111,UBCF,10,1,0.1,,0.0,,True
3112,CBF,10,1,0.1,,0.0,,True
3112,UBCF,10,1,0.1,,0.0,,True
3113,CBF,10,2,0.2,9.46923141650165,9.46923141650165,4.734615761799725,True
3113,UBCF,10,1,0.1,,0.0,,True
3114,CBF,10,3,0.3,33.20085757433042,66.40171514866084,23.427638132482766,True
3114,UBCF,10,1,0.1,,0.0,,True
3115,CBF,10,1,0.1,,0.0,,True
3115,UBCF,10,1,0.1,,0.0,,True
3116,CBF,10,1,0.1,,0.0,,True
3116,UBCF,10,1,0.1,,0.0,,True
3117,CBF,10,1,0.1,,0.0,,True
3117,UBCF,10,1,0.1,,0.0,,True
3118,CBF,10,1,0.1,,0.0,,True
3118,UBCF,10,1,0.1,,0.0,,True
3119,CBF,10,1,0.1,,0.0,,True
3119,UBCF,10,2,0.2,31.43542951846135,31.43542951846135,15.717719488393843,True
3120,CBF,10,1,0.1,,0.0,,True
3120,UBCF,10,1,0.1,,0.0,,True
3121,CBF,10,1,0.1,,0.0,,True
3121,UBCF,10,1,0.1,,0.0,,True
3122,CBF,10,1,0.1,,0.0,,True
3122,UBCF,10,1,0.1,,0.0,,True
3123,CBF,10,2,0.2,13.958251911822991,13.958251911822991,6.979126071192706,True
3123,UBCF,10,1,0.1,,0.0,,True
3124,CBF,10,1,0.1,,0.0,,True
3124,UBCF,10,1,0.1,,0.0,,True
3125,CBF,10,1,0.1,,0.0,,True
3125,UBCF,10,1,0.1,,0.0,,True
3126,CBF,10,2,0.2,27.972552036849212,27.972552036849212,13.986278905543603,True
3126,UBCF,10,1,0.1,,0.0,,True
3127,CBF,10,1,0.1,,0.0,,True
3127,UBCF,10,1,0.1,,0.0,,True
3128,CBF,10,2,0.2,0.618187081322193,0.618187081322193,0.3090935406794648,True
3128,UBCF,10,2,0.2,37.90428148972095,37.90428148972095,18.95215698491864,True
3129,CBF,10,2,0.2,33.67692365322722,33.67692365322722,16.838466700408475,True
3129,UBCF,10,1,0.1,,0.0,,True
3130,CBF,10,1,0.1,,0.0,,True
3130,UBCF,10,1,0.1,,0.0,,True
3131,CBF,10,1,0.1,,0.0,,True
3131,UBCF,10,1,0.1,,0.0,,True
3132,CBF,10,1,0.1,,0.0,,True
3132,UBCF,10,1,0.1,,0.0,,True
3133,CBF,10,3,0.3,17.422387190708463,34.844774381416926,13.984483048123929,True
3133,UBCF,10,1,0.1,,0.0,,True
3134,CBF,10,1,0.1,,0.0,,True
3134,UBCF,10,1,0.1,,0.0,,True
3135,CBF,10,2,0.2,6.964936102434067,6.964936102434067,3.482468107029675,True
3135,UBCF,10,1,0.1,,0.0,,True
3136,CBF,10,2,0.2,1.4317359571066377,1.4317359571066377,0.7158679788583666,True
3136,UBCF,10,2,0.2,49.275736069938816,49.275736069938816,24.637873287036427,True
3137,CBF,10,3,0.3,49.062098857169865,98.12419771433973,25.580385211226197,True
3137,UBCF,10,2,0.2,10.351160117462083,10.351160117462083,5.175580061801435,True
3138,CBF,10,1,0.1,,0.0,,True
3138,UBCF,10,2,0.2,37.90428148972095,37.90428148972095,18.95215698491864,True
3139,CBF,10,2,0.2,7.90812379907292,7.90812379907292,3.954061946399003,True
3139,UBCF,10,1,0.1,,0.0,,True
3140,CBF,10,1,0.1,,0.0,,True
3140,UBCF,10,1,0.1,,0.0,,True
3141,CBF,10,3,0.3,12.426764073373096,24.853528146746193,9.141407590967168,True
3141,UBCF,10,1,0.1,,0.0,,True
3142,CBF,10,2,0.2,1.5156689175409355,1.5156689175409355,0.7578344591212706,True
3142,UBCF,10,1,0.1,,0.0,,True
3143,CBF,10,1,0.1,,0.0,,True
3143,UBCF,10,1,0.1,,0.0,,True
3144,CBF,10,1,0.1,,0.0,,True
3144,UBCF,10,1,0.1,,0.0,,True
3145,CBF,10,2,0.2,39.68146350068155,39.68146350068155,19.840734382814126,True
3145,UBCF,10,1,0.1,,0.0,,True
3146,CBF,10,1,0.1,,0.0,,True
3146,UBCF,10,1,0.1,,0.0,,True
3147,CBF,10,1,0.1,,0.0,,True
3147,UBCF,10,1,0.1,,0.0,,True
3148,CBF,10,4,0.4,34.166823640204974,102.50047092061492,28.733320743258666,True
3148,UBCF,10,1,0.1,,0.0,,True
3149,CBF,10,2,0.2,32.70568879807172,32.70568879807172,16.352846904750777,True
3149,UBCF,10,1,0.1,,0.0,,True
3150,CBF,10,1,0.1,,0.0,,True
3150,UBCF,10,2,0.2,27.972552036849212,27.972552036849212,13.986278905543603,True
3151,CBF,10,2,0.2,2.3181081257908294,2.3181081257908294,1.1590540648649006,True
3151,UBCF,10,1,0.1,,0.0,,True
3152,CBF,10,1,0.1,,0.0,,True
3152,UBCF,10,1,0.1,,0.0,,True
3153,CBF,10,2,0.2,28.163648891291636,28.163648891291636,14.081829185081,True
3153,UBCF,10,1,0.1,,0.0,,True
3154,CBF,10,4,0.4,37.8240617579212,113.4721852737636,21.84363787962784,True
3154,UBCF,10,1,0.1,,0.0,,True
3155,CBF,10,1,0.1,,0.0,,True
3155,UBCF,10,1,0.1,,0.0,,True
3156,CBF,10,2,0.2,47.42548488878177,47.42548488878177,23.712758341755357,True
3156,UBCF,10,1,0.1,,0.0,,True
3157,CBF,10,3,0.3,23.75719678120229,47.51439356240458,20.972883933930742,True
3157,UBCF,10,1,0.1,,0.0,,True
3158,CBF,10,2,0.2,1.5431923121318396,1.5431923121318396,0.7715961563145184,True
3158,UBCF,10,2,0.2,20.56227028829262,20.56227028829262,10.281135193399617,True
3159,CBF,10,1,0.1,,0.0,,True
3159,UBCF,10,1,0.1,,0.0,,True
3160,CBF,10,2,0.2,33.307372647861015,33.307372647861015,16.653688974915404,True
3160,UBCF,10,1,0.1,,0.0,,True
3161,CBF,10,1,0.1,,0.0,,True
3161,UBCF,10,2,0.2,37.90428148972095,37.90428148972095,18.95215698491864,True
3162,CBF,10,1,0.1,,0.0,,True
3162,UBCF,10,1,0.1,,0.0,,True
3163,CBF,10,1,0.1,,0.0,,True
3163,UBCF,10,1,0.1,,0.0,,True
3164,CBF,10,1,0.1,,0.0,,True
3164,UBCF,10,1,0.1,,0.0,,True
3165,CBF,10,1,0.1,,0.0,,True
3165,UBCF,10,1,0.1,,0.0,,True
3166,CBF,10,2,0.2,1.4317359571066377,1.4317359571066377,0.7158679788583666,True
3166,UBCF,10,1,0.1,,0.0,,True
3167,CBF,10,1,0.1,,0.0,,True
3167,UBCF,10,2,0.2,19.380806902927784,19.380806902927784,9.690404897837317,True
3168,CBF,10,3,0.3,45.75651513281865,91.5130302656373,22.86411905158417,True
3168,UBCF,10,1,0.1,,0.0,,True
3169,CBF,10,2,0.2,43.262588299701214,43.262588299701214,21.631301429361923,True
3169,UBCF,10,1,0.1,,0.0,,True
3170,CBF,10,1,0.1,,0.0,,True
3170,UBCF,10,1,0.1,,0.0,,True
3171,CBF,10,4,0.4,10.351142805446075,31.053428416338225,9.168335956807377,True
3171,UBCF,10,1,0.1,,0.0,,True
3172,CBF,10,1,0.1,,0.0,,True
3172,UBCF,10,2,0.2,19.380806902927784,19.380806902927784,9.690404897837317,True
3173,CBF,10,2,0.2,43.262588299701214,43.262588299701214,21.631301429361923,True
3173,UBCF,10,1,0.1,,0.0,,True
3174,CBF,10,1,0.1,,0.0,,True
3174,UBCF,10,1,0.1,,0.0,,True
3175,CBF,10,1,0.1,,0.0,,True
3175,UBCF,10,1,0.1,,0.0,,True
3176,CBF,10,4,0.4,26.7243388864777,80.1730166594331,20.997982841365136,True
3176,UBCF,10,1,0.1,,0.0,,True
3177,CBF,10,2,0.2,35.047699610959974,35.047699610959974,17.52385828960975,True
3177,UBCF,10,1,0.1,,0.0,,True
3178,CBF,10,1,0.1,,0.0,,True
3178,UBCF,10,1,0.1,,0.0,,True
3179,CBF,10,1,0.1,,0.0,,True
3179,UBCF,10,1,0.1,,0.0,,True
3180,CBF,10,2,0.2,1.4520848238930628,1.4520848238930628,0.7260424121934375,True
3180,UBCF,10,1,0.1,,0.0,,True
3181,CBF,10,2,0.2,1.4317359571066377,1.4317359571066377,0.7158679788583666,True
3181,UBCF,10,1,0.1,,0.0,,True
3182,CBF,10,1,0.1,,0.0,,True
3182,UBCF,10,2,0.2,11.749728398231753,11.749728398231753,5.874864397864018,True
3183,CBF,10,1,0.1,,0.0,,True
3183,UBCF,10,1,0.1,,0.0,,True
3184,CBF,10,1,0.1,,0.0,,True
3184,UBCF,10,1,0.1,,0.0,,True
3185,CBF,10,2,0.2,19.380806902927784,19.380806902927784,9.690404897837317,True
3185,UBCF,10,1,0.1,,0.0,,True
3186,CBF,10,1,0.1,,0.0,,True
3186,UBCF,10,1,0.1,,0.0,,True
3187,CBF,10,2,0.2,33.307372647861015,33.307372647861015,16.653688974915404,True
3187,UBCF,10,1,0.1,,0.0,,True
3188,CBF,10,1,0.1,,0.0,,True
3188,UBCF,10,2,0.2,37.90428148972095,37.90428148972095,18.95215698491864,True
3189,CBF,10,1,0.1,,0.0,,True
3189,UBCF,10,2,0.2,20.56227028829262,20.56227028829262,10.281135193399617,True
3190,CBF,10,2,0.2,43.262588299701214,43.262588299701214,21.631301429361923,True
3190,UBCF,10,1,0.1,,0.0,,True
3191,CBF,10,1,0.1,,0.0,,True
3191,UBCF,10,2,0.2,42.31944671414057,42.31944671414057,21.159730993153076,True
3192,CBF,10,1,0.1,,0.0,,True
3192,UBCF,10,2,0.2,27.972552036849212,27.972552036849212,13.986278905543603,True
3193,CBF,10,2,0.2,16.290572651640527,16.290572651640527,8.145286821625284,True
3193,UBCF,10,1,0.1,,0.0,,True
3194,CBF,10,3,0.3,29.551415178475974,59.10283035695195,23.225886950306606,True
3194,UBCF,10,1,0.1,,0.0,,True
3195,CBF,10,2,0.2,27.972552036849212,27.972552036849212,13.986278905543603,True
3195,UBCF,10,1,0.1,,0.0,,True
3196,CBF,10,2,0.2,27.972552036849212,27.972552036849212,13.986278905543603,True
3196,UBCF,10,2,0.2,42.31944671414057,42.31944671414057,21.159730993153076,True
3197,CBF,10,1,0.1,,0.0,,True
3197,UBCF,10,1,0.1,,0.0,,True
3198,CBF,10,1,0.1,,0.0,,True
3198,UBCF,10,1,0.1,,0.0,,True
3199,CBF,10,2,0.2,28.163648891291636,28.163648891291636,14.081829185081,True
3199,UBCF,10,1,0.1,,0.0,,True
3200,CBF,10,1,0.1,,0.0,,True
3200,UBCF,10,2,0.2,37.90428148972095,37.90428148972095,18.95215698491864,True
3201,CBF,10,2,0.2,33.307372647861015,33.307372647861015,16.653688974915404,True
3201,UBCF,10,1,0.1,,0.0,,True
3202,CBF,10,1,0.1,,0.0,,True
3202,UBCF,10,1,0.1,,0.0,,True
3203,CBF,10,1,0.1,,0.0,,True
3203,UBCF,10,1,0.1,,0.0,,True
3204,CBF,10,2,0.2,1.4317359571066377,1.4317359571066377,0.7158679788583666,True
3204,UBCF,10,1,0.1,,0.0,,True
3205,CBF,10,1,0.1,,0.0,,True
3205,UBCF,10,1,0.1,,0.0,,True
3206,CBF,10,2,0.2,32.70568879807172,32.70568879807172,16.352846904750777,True
3206,UBCF,10,2,0.2,42.31944671414057,42.31944671414057,21.159730993153076,True
3207,CBF,10,2,0.2,1.4317359571066377,1.4317359571066377,0.7158679788583666,True
3207,UBCF,10,1,0.1,,0.0,,True
3208,CBF,10,2,0.2,28.163648891291636,28.163648891291636,14.081829185081,True
3208,UBCF,10,1,0.1,,0.0,,True
3209,CBF,10,2,0.2,39.68146350068155,39.68146350068155,19.840734382814126,True
3209,UBCF,10,1,0.1,,0.0,,True
3210,CBF,10,1,0.1,,0.0,,True
3210,UBCF,10,1,0.1,,0.0,,True
3211,CBF,10,2,0.2,1.5156689175409355,1.5156689175409355,0.7578344591212706,True
3211,UBCF,10,2,0.2,32.52874473344892,32.52874473344892,16.264373376438158,True
3212,CBF,10,2,0.2,2.3181081257908294,2.3181081257908294,1.1590540648649006,True
3212,UBCF,10,1,0.1,,0.0,,True
3213,CBF,10,2,0.2,1.5431923121318396,1.5431923121318396,0.7715961563145184,True
3213,UBCF,10,1,0.1,,0.0,,True
3214,CBF,10,2,0.2,17.82423193742532,17.82423193742532,8.912116066560213,True
3214,UBCF,10,1,0.1,,0.0,,True
3215,CBF,10,2,0.2,10.062667778519382,10.062667778519382,5.031333957572499,True
3215,UBCF,10,1,0.1,,0.0,,True
3216,CBF,10,3,0.3,33.20085757433042,66.40171514866084,23.427638132482766,True
3216,UBCF,10,1,0.1,,0.0,,True
3217,CBF,10,2,0.2,17.82423193742532,17.82423193742532,8.912116066560213,True
3217,UBCF,10,1,0.1,,0.0,,True
3218,CBF,10,4,0.4,46.28945424002319,138.86836272006957,28.733320743258666,True
3218,UBCF,10,1,0.1,,0.0,,True
3219,CBF,10,1,0.1,,0.0,,True
3219,UBCF,10,1,0.1,,0.0,,True
3220,CBF,10,1,0.1,,0.0,,True
3220,UBCF,10,2,0.2,20.56227028829262,20.56227028829262,10.281135193399617,True
3221,CBF,10,2,0.2,1.4317359571066377,1.4317359571066377,0.7158679788583666,True
3221,UBCF,10,1,0.1,,0.0,,True
3222,CBF,10,2,0.2,1.5156689175409355,1.5156689175409355,0.7578344591212706,True
3222,UBCF,10,1,0.1,,0.0,,True
3223,CBF,10,2,0.2,32.70568879807172,32.70568879807172,16.352846904750777,True
3223,UBCF,10,1,0.1,,0.0,,True
3224,CBF,10,4,0.4,21.076747819219893,63.23024345765968,20.997982841365136,True
3224,UBCF,10,1,0.1,,0.0,,True
3225,CBF,10,1,0.1,,0.0,,True
3225,UBCF,10,1,0.1,,0.0,,True
3226,CBF,10,3,0.3,16.661937939696955,33.32387587939391,14.670392701795173,True
3226,UBCF,10,1,0.1,,0.0,,True
3227,CBF,10,1,0.1,,0.0,,True
3227,UBCF,10,1,0.1,,0.0,,True
3228,CBF,10,1,0.1,,0.0,,True
3228,UBCF,10,1,0.1,,0.0,,True
3229,CBF,10,1,0.1,,0.0,,True
3229,UBCF,10,1,0.1,,0.0,,True
3230,CBF,10,2,0.2,43.262588299701214,43.262588299701214,21.631301429361923,True
3230,UBCF,10,1,0.1,,0.0,,True
3231,CBF,10,2,0.2,0.618187081322193,0.618187081322193,0.3090935406794648,True
3231,UBCF,10,1,0.1,,0.0,,True
3232,CBF,10,2,0.2,4.127413100707732,4.127413100707732,2.063706557612347,True
3232,UBCF,10,1,0.1,,0.0,,True
3233,CBF,10,1,0.1,,0.0,,True
3233,UBCF,10,1,0.1,,0.0,,True
3234,CBF,10,1,0.1,,0.0,,True
3234,UBCF,10,1,0.1,,0.0,,True
3235,CBF,10,2,0.2,2.3181081257908294,2.3181081257908294,1.1590540648649006,True
3235,UBCF,10,1,0.1,,0.0,,True
3236,CBF,10,2,0.2,29.15869940542207,29.15869940542207,14.579355363761266,True
3236,UBCF,10,1,0.1,,0.0,,True
3237,CBF,10,3,0.3,36.01495180206175,72.0299036041235,23.225886950306606,True
3237,UBCF,10,1,0.1,,0.0,,True
3238,CBF,10,2,0.2,1.5156689175409355,1.5156689175409355,0.7578344591212706,True
3238,UBCF,10,1,0.1,,0.0,,True
3239,CBF,10,1,0.1,,0.0,,True
3239,UBCF,10,1,0.1,,0.0,,True
3240,CBF,10,2,0.2,47.42548488878177,47.42548488878177,23.712758341755357,True
3240,UBCF,10,1,0.1,,0.0,,True
3241,CBF,10,1,0.1,,0.0,,True
3241,UBCF,10,1,0.1,,0.0,,True
3242,CBF,10,1,0.1,,0.0,,True
3242,UBCF,10,1,0.1,,0.0,,True
3243,CBF,10,1,0.1,,0.0,,True
3243,UBCF,10,1,0.1,,0.0,,True
3244,CBF,10,1,0.1,,0.0,,True
3244,UBCF,10,1,0.1,,0.0,,True
3245,CBF,10,1,0.1,,0.0,,True
3245,UBCF,10,1,0.1,,0.0,,True
3246,CBF,10,2,0.2,27.972552036849212,27.972552036849212,13.986278905543603,True
3246,UBCF,10,1,0.1,,0.0,,True
3247,CBF,10,2,0.2,1.5156689175409355,1.5156689175409355,0.7578344591212706,True
3247,UBCF,10,1,0.1,,0.0,,True
3248,CBF,10,2,0.2,32.156236140329234,32.156236140329234,16.078123042774006,True
3248,UBCF,10,2,0.2,31.43542951846135,31.43542951846135,15.717719488393843,True
3249,CBF,10,1,0.1,,0.0,,True
3249,UBCF,10,1,0.1,,0.0,,True
3250,CBF,10,2,0.2,8.966796178516137,8.966796178516137,4.483398160676603,True
3250,UBCF,10,1,0.1,,0.0,,True
3251,CBF,10,3,0.3,48.888559208414186,97.77711841682837,23.966360451009013,True
3251,UBCF,10,2,0.2,10.351160117462083,10.351160117462083,5.175580061801435,True
3252,CBF,10,2,0.2,43.262588299701214,43.262588299701214,21.631301429361923,True
3252,UBCF,10,1,0.1,,0.0,,True
3253,CBF,10,2,0.2,39.89544829710059,39.89544829710059,19.947732443611972,True
3253,UBCF,10,1,0.1,,0.0,,True
3254,CBF,10,2,0.2,39.884336960417365,39.884336960417365,19.94216859195539,True
3254,UBCF,10,1,0.1,,0.0,,True
3255,CBF,10,1,0.1,,0.0,,True
3255,UBCF,10,1,0.1,,0.0,,True
3256,CBF,10,2,0.2,2.3181081257908294,2.3181081257908294,1.1590540648649006,True
3256,UBCF,10,1,0.1,,0.0,,True
3257,CBF,10,1,0.1,,0.0,,True
3257,UBCF,10,1,0.1,,0.0,,True
3258,CBF,10,2,0.2,33.67692365322722,33.67692365322722,16.838466700408475,True
3258,UBCF,10,1,0.1,,0.0,,True
3259,CBF,10,1,0.1,,0.0,,True
3259,UBCF,10,1,0.1,,0.0,,True
3260,CBF,10,2,0.2,3.7905621299963252,3.7905621299963252,1.895281068401572,True
3260,UBCF,10,1,0.1,,0.0,,True
3261,CBF,10,2,0.2,19.747511248130476,19.747511248130476,9.873756747959575,True
3261,UBCF,10,2,0.2,37.90428148972095,37.90428148972095,18.95215698491864,True
3262,CBF,10,2,0.2,2.3181081257908294,2.3181081257908294,1.1590540648649006,True
3262,UBCF,10,1,0.1,,0.0,,True
3263,CBF,10,2,0.2,1.4317359571066377,1.4317359571066377,0.7158679788583666,True
3263,UBCF,10,1,0.1,,0.0,,True
3264,CBF,10,1,0.1,,0.0,,True
3264,UBCF,10,1,0.1,,0.0,,True
3265,CBF,10,1,0.1,,0.0,,True
3265,UBCF,10,1,0.1,,0.0,,True
3266,CBF,10,1,0.1,,0.0,,True
3266,UBCF,10,1,0.1,,0.0,,True
3267,CBF,10,2,0.2,1.5156689175409355,1.5156689175409355,0.7578344591212706,True
3267,UBCF,10,2,0.2,27.972552036849212,27.972552036849212,13.986278905543603,True
3268,CBF,10,2,0.2,1.4317359571066377,1.4317359571066377,0.7158679788583666,True
3268,UBCF,10,1,0.1,,0.0,,True
3269,CBF,10,2,0.2,1.4520848238930628,1.4520848238930628,0.7260424121934375,True
3269,UBCF,10,1,0.1,,0.0,,True
3270,CBF,10,2,0.2,39.245429755089575,39.245429755089575,19.622723579412103,True
3270,UBCF,10,1,0.1,,0.0,,True
3271,CBF,10,1,0.1,,0.0,,True
3271,UBCF,10,1,0.1,,0.0,,True
3272,CBF,10,1,0.1,,0.0,,True
3272,UBCF,10,1,0.1,,0.0,,True
3273,CBF,10,2,0.2,2.3181081257908294,2.3181081257908294,1.1590540648649006,True
3273,UBCF,10,1,0.1,,0.0,,True
3274,CBF,10,1,0.1,,0.0,,True
3274,UBCF,10,1,0.1,,0.0,,True
3275,CBF,10,1,0.1,,0.0,,True
3275,UBCF,10,1,0.1,,0.0,,True
3276,CBF,10,1,0.1,,0.0,,True
3276,UBCF,10,1,0.1,,0.0,,True
3277,CBF,10,1,0.1,,0.0,,True
3277,UBCF,10,1,0.1,,0.0,,True
3278,CBF,10,1,0.1,,0.0,,True
3278,UBCF,10,1,0.1,,0.0,,True
3279,CBF,10,1,0.1,,0.0,,True
3279,UBCF,10,1,0.1,,0.0,,True
3280,CBF,10,2,0.2,2.3181081257908294,2.3181081257908294,1.1590540648649006,True
3280,UBCF,10,1,0.1,,0.0,,True
3281,CBF,10,2,0.2,1.4317359571066377,1.4317359571066377,0.7158679788583666,True
3281,UBCF,10,1,0.1,,0.0,,True
3282,CBF,10,1,0.1,,0.0,,True
3282,UBCF,10,1,0.1,,0.0,,True
3283,CBF,10,1,0.1,,0.0,,True
3283,UBCF,10,1,0.1,,0.0,,True
3284,CBF,10,2,0.2,33.307372647861015,33.307372647861015,16.653688974915404,True
3284,UBCF,10,1,0.1,,0.0,,True
3285,CBF,10,2,0.2,1.4520848238930628,1.4520848238930628,0.7260424121934375,True
3285,UBCF,10,1,0.1,,0.0,,True
3286,CBF,10,2,0.2,7.90812379907292,7.90812379907292,3.954061946399003,True
3286,UBCF,10,1,0.1,,0.0,,True
3287,CBF,10,3,0.3,16.661937939696955,33.32387587939391,14.670392701795173,True
3287,UBCF,10,2,0.2,6.271109147198457,6.271109147198457,3.1355545981176123,True
3288,CBF,10,1,0.1,,0.0,,True
3288,UBCF,10,1,0.1,,0.0,,True
3289,CBF,10,1,0.1,,0.0,,True
3289,UBCF,10,1,0.1,,0.0,,True
3290,CBF,10,1,0.1,,0.0,,True
3290,UBCF,10,1,0.1,,0.0,,True
3291,CBF,10,1,0.1,,0.0,,True
3291,UBCF,10,1,0.1,,0.0,,True
3292,CBF,10,1,0.1,,0.0,,True
3292,UBCF,10,1,0.1,,0.0,,True
3293,CBF,10,1,0.1,,0.0,,True
3293,UBCF,10,1,0.1,,0.0,,True
3294,CBF,10,2,0.2,19.497269115870157,19.497269115870157,9.748635732271069,True
3294,UBCF,10,1,0.1,,0.0,,True
3295,CBF,10,2,0.2,28.163648891291636,28.163648891291636,14.081829185081,True
3295,UBCF,10,1,0.1,,0.0,,True
3296,CBF,10,3,0.3,19.86916854607542,39.73833709215084,13.812411814634183,True
3296,UBCF,10,1,0.1,,0.0,,True
3297,CBF,10,3,0.3,2.814839401694581,5.629678803389162,1.5794521525871865,True
3297,UBCF,10,1,0.1,,0.0,,True
3298,CBF,10,2,0.2,27.972552036849212,27.972552036849212,13.986278905543603,True
3298,UBCF,10,2,0.2,43.06789496829618,43.06789496829618,21.53394824722954,True
3299,CBF,10,1,0.1,,0.0,,True
3299,UBCF,10,1,0.1,,0.0,,True
3300,CBF,10,3,0.3,16.661937939696955,33.32387587939391,14.670392701795173,True
3300,UBCF,10,1,0.1,,0.0,,True
3301,CBF,10,2,0.2,1.5156689175409355,1.5156689175409355,0.7578344591212706,True
3301,UBCF,10,1,0.1,,0.0,,True
3302,CBF,10,1,0.1,,0.0,,True
3302,UBCF,10,1,0.1,,0.0,,True
3303,CBF,10,2,0.2,1.4317359571066377,1.4317359571066377,0.7158679788583666,True
3303,UBCF,10,1,0.1,,0.0,,True
3304,CBF,10,2,0.2,27.972552036849212,27.972552036849212,13.986278905543603,True
3304,UBCF,10,1,0.1,,0.0,,True
3305,CBF,10,2,0.2,1.4520848238930628,1.4520848238930628,0.7260424121934375,True
3305,UBCF,10,1,0.1,,0.0,,True
3306,CBF,10,1,0.1,,0.0,,True
3306,UBCF,10,1,0.1,,0.0,,True
3307,CBF,10,2,0.2,32.70568879807172,32.70568879807172,16.352846904750777,True
3307,UBCF,10,1,0.1,,0.0,,True
3308,CBF,10,3,0.3,37.74275346153303,75.48550692306605,26.65203969884985,True
3308,UBCF,10,1,0.1,,0.0,,True
3309,CBF,10,3,0.3,16.154443496202042,32.308886992404084,12.488880916996427,True
3309,UBCF,10,2,0.2,37.90428148972095,37.90428148972095,18.95215698491864,True
3310,CBF,10,2,0.2,34.72149846976685,34.72149846976685,17.360758094044108,True
3310,UBCF,10,2,0.2,37.90428148972095,37.90428148972095,18.95215698491864,True
3311,CBF,10,2,0.2,33.307372647861015,33.307372647861015,16.653688974915404,True
3311,UBCF,10,1,0.1,,0.0,,True
3312,CBF,10,4,0.4,7.766246085891645,23.298738257674934,6.937769198140473,True
3312,UBCF,10,1,0.1,,0.0,,True
3313,CBF,10,1,0.1,,0.0,,True
3313,UBCF,10,1,0.1,,0.0,,True
3314,CBF,10,1,0.1,,0.0,,True
3314,UBCF,10,2,0.2,20.56227028829262,20.56227028829262,10.281135193399617,True
3315,CBF,10,2,0.2,1.851196413912366,1.851196413912366,0.9255982080141867,True
3315,UBCF,10,1,0.1,,0.0,,True
3316,CBF,10,4,0.4,21.076747819219893,63.23024345765968,20.997982841365136,True
3316,UBCF,10,1,0.1,,0.0,,True
3317,CBF,10,1,0.1,,0.0,,True
3317,UBCF,10,1,0.1,,0.0,,True
3318,CBF,10,2,0.2,6.7248568044950225,6.7248568044950225,3.3624284085941114,True
3318,UBCF,10,2,0.2,10.351160117462083,10.351160117462083,5.175580061801435,True
3319,CBF,10,1,0.1,,0.0,,True
3319,UBCF,10,1,0.1,,0.0,,True
3320,CBF,10,2,0.2,15.615557281864454,15.615557281864454,7.807779207932764,True
3320,UBCF,10,1,0.1,,0.0,,True
3321,CBF,10,2,0.2,1.5156689175409355,1.5156689175409355,0.7578344591212706,True
3321,UBCF,10,1,0.1,,0.0,,True
3322,CBF,10,1,0.1,,0.0,,True
3322,UBCF,10,1,0.1,,0.0,,True
3323,CBF,10,1,0.1,,0.0,,True
3323,UBCF,10,1,0.1,,0.0,,True
3324,CBF,10,1,0.1,,0.0,,True
3324,UBCF,10,1,0.1,,0.0,,True
3325,CBF,10,1,0.1,,0.0,,True
3325,UBCF,10,1,0.1,,0.0,,True
3326,CBF,10,1,0.1,,0.0,,True
3326,UBCF,10,1,0.1,,0.0,,True
3327,CBF,10,1,0.1,,0.0,,True
3327,UBCF,10,1,0.1,,0.0,,True
3328,CBF,10,2,0.2,19.747511248130476,19.747511248130476,9.873756747959575,True
3328,UBCF,10,1,0.1,,0.0,,True
3329,CBF,10,1,0.1,,0.0,,True
3329,UBCF,10,1,0.1,,0.0,,True
3330,CBF,10,2,0.2,1.4317359571066377,1.4317359571066377,0.7158679788583666,True
3330,UBCF,10,1,0.1,,0.0,,True
3331,CBF,10,1,0.1,,0.0,,True
3331,UBCF,10,1,0.1,,0.0,,True
3332,CBF,10,2,0.2,44.6387353025896,44.6387353025896,22.319382584751814,True
3332,UBCF,10,1,0.1,,0.0,,True
3333,CBF,10,1,0.1,,0.0,,True
3333,UBCF,10,1,0.1,,0.0,,True
3334,CBF,10,1,0.1,,0.0,,True
3334,UBCF,10,1,0.1,,0.0,,True
3335,CBF,10,2,0.2,4.127413100707732,4.127413100707732,2.063706557612347,True
3335,UBCF,10,1,0.1,,0.0,,True
3336,CBF,10,3,0.3,26.091810477000088,52.183620954000176,15.833112457947399,True
3336,UBCF,10,1,0.1,,0.0,,True
3337,CBF,10,2,0.2,42.46063206005696,42.46063206005696,21.230322245394014,True
3337,UBCF,10,1,0.1,,0.0,,True
3338,CBF,10,2,0.2,1.4317359571066377,1.4317359571066377,0.7158679788583666,True
3338,UBCF,10,1,0.1,,0.0,,True
3339,CBF,10,1,0.1,,0.0,,True
3339,UBCF,10,1,0.1,,0.0,,True
3340,CBF,10,2,0.2,4.127413100707732,4.127413100707732,2.063706557612347,True
3340,UBCF,10,1,0.1,,0.0,,True
3341,CBF,10,2,0.2,8.966796178516137,8.966796178516137,4.483398160676603,True
3341,UBCF,10,2,0.2,27.972552036849212,27.972552036849212,13.986278905543603,True
3342,CBF,10,1,0.1,,0.0,,True
3342,UBCF,10,1,0.1,,0.0,,True
3343,CBF,10,3,0.3,8.787898476085292,17.575796952170585,6.855558252398129,True
3343,UBCF,10,1,0.1,,0.0,,True
3344,CBF,10,4,0.4,22.328899971465518,66.98669991439655,20.997982841365136,True
3344,UBCF,10,1,0.1,,0.0,,True
3345,CBF,10,1,0.1,,0.0,,True
3345,UBCF,10,1,0.1,,0.0,,True
3346,CBF,10,4,0.4,20.43932791311023,61.317983739330685,20.261094096195606,True
3346,UBCF,10,1,0.1,,0.0,,True
3347,CBF,10,1,0.1,,0.0,,True
3347,UBCF,10,1,0.1,,0.0,,True
3348,CBF,10,4,0.4,21.076747819219893,63.23024345765968,20.997982841365136,True
3348,UBCF,10,1,0.1,,0.0,,True
3349,CBF,10,4,0.4,7.191132435511647,21.57339730653494,6.053342118066844,True
3349,UBCF,10,1,0.1,,0.0,,True
3350,CBF,10,1,0.1,,0.0,,True
3350,UBCF,10,1,0.1,,0.0,,True
3351,CBF,10,1,0.1,,0.0,,True
3351,UBCF,10,1,0.1,,0.0,,True
3352,CBF,10,2,0.2,28.163648891291636,28.163648891291636,14.081829185081,True
3352,UBCF,10,1,0.1,,0.0,,True
3353,CBF,10,2,0.2,47.42548488878177,47.42548488878177,23.712758341755357,True
3353,UBCF,10,2,0.2,31.43542951846135,31.43542951846135,15.717719488393843,True
3354,CBF,10,2,0.2,43.07938720561975,43.07938720561975,21.53969449295095,True
3354,UBCF,10,1,0.1,,0.0,,True
3355,CBF,10,4,0.4,7.191132435511648,21.573397306534943,6.053342118066845,True
3355,UBCF,10,1,0.1,,0.0,,True
3356,CBF,10,2,0.2,43.262588299701214,43.262588299701214,21.631301429361923,True
3356,UBCF,10,1,0.1,,0.0,,True
3357,CBF,10,2,0.2,28.163648891291636,28.163648891291636,14.081829185081,True
3357,UBCF,10,1,0.1,,0.0,,True
3358,CBF,10,2,0.2,43.262588299701214,43.262588299701214,21.631301429361923,True
3358,UBCF,10,1,0.1,,0.0,,True
3359,CBF,10,1,0.1,,0.0,,True
3359,UBCF,10,2,0.2,19.380806902927784,19.380806902927784,9.690404897837317,True
3360,CBF,10,1,0.1,,0.0,,True
3360,UBCF,10,2,0.2,19.380806902927784,19.380806902927784,9.690404897837317,True
3361,CBF,10,2,0.2,8.966796178516137,8.966796178516137,4.483398160676603,True
3361,UBCF,10,1,0.1,,0.0,,True
3362,CBF,10,1,0.1,,0.0,,True
3362,UBCF,10,2,0.2,19.380806902927784,19.380806902927784,9.690404897837317,True
3363,CBF,10,2,0.2,27.972552036849212,27.972552036849212,13.986278905543603,True
3363,UBCF,10,1,0.1,,0.0,,True
3364,CBF,10,2,0.2,33.67692365322722,33.67692365322722,16.838466700408475,True
3364,UBCF,10,1,0.1,,0.0,,True
3365,CBF,10,2,0.2,1.4317359571066377,1.4317359571066377,0.7158679788583666,True
3365,UBCF,10,1,0.1,,0.0,,True
3366,CBF,10,1,0.1,,0.0,,True
3366,UBCF,10,1,0.1,,0.0,,True
3367,CBF,10,2,0.2,29.15869940542207,29.15869940542207,14.579355363761266,True
3367,UBCF,10,1,0.1,,0.0,,True
3368,CBF,10,1,0.1,,0.0,,True
3368,UBCF,10,1,0.1,,0.0,,True
3369,CBF,10,2,0.2,1.4317359571066377,1.4317359571066377,0.7158679788583666,True
3369,UBCF,10,1,0.1,,0.0,,True
3370,CBF,10,3,0.3,8.787898476085292,17.575796952170585,6.855558252398272,True
3370,UBCF,10,1,0.1,,0.0,,True
3371,CBF,10,2,0.2,2.3181081257908294,2.3181081257908294,1.1590540648649006,True
3371,UBCF,10,1,0.1,,0.0,,True
3372,CBF,10,1,0.1,,0.0,,True
3372,UBCF,10,1,0.1,,0.0,,True
3373,CBF,10,1,0.1,,0.0,,True
3373,UBCF,10,1,0.1,,0.0,,True
3374,CBF,10,2,0.2,47.42548488878177,47.42548488878177,23.712758341755357,True
3374,UBCF,10,1,0.1,,0.0,,True
3375,CBF,10,2,0.2,28.163648891291636,28.163648891291636,14.081829185081,True
3375,UBCF,10,1,0.1,,0.0,,True
3376,CBF,10,1,0.1,,0.0,,True
3376,UBCF,10,2,0.2,37.90428148972095,37.90428148972095,18.95215698491864,True
3377,CBF,10,1,0.1,,0.0,,True
3377,UBCF,10,1,0.1,,0.0,,True
3378,CBF,10,2,0.2,7.90812379907292,7.90812379907292,3.954061946399003,True
3378,UBCF,10,2,0.2,37.90428148972095,37.90428148972095,18.95215698491864,True
3379,CBF,10,1,0.1,,0.0,,True
3379,UBCF,10,1,0.1,,0.0,,True
3380,CBF,10,2,0.2,2.3181081257908294,2.3181081257908294,1.1590540648649006,True
3380,UBCF,10,1,0.1,,0.0,,True
3381,CBF,10,1,0.1,,0.0,,True
3381,UBCF,10,1,0.1,,0.0,,True
3382,CBF,10,1,0.1,,0.0,,True
3382,UBCF,10,1,0.1,,0.0,,True
3384,CBF,10,1,0.1,,0.0,,True
3384,UBCF,10,2,0.2,10.351160117462083,10.351160117462083,5.175580061801435,True
3385,CBF,10,1,0.1,,0.0,,True
3385,UBCF,10,1,0.1,,0.0,,True
3386,CBF,10,2,0.2,2.3181081257908294,2.3181081257908294,1.1590540648649006,True
3386,UBCF,10,1,0.1,,0.0,,True
3387,CBF,10,1,0.1,,0.0,,True
3387,UBCF,10,1,0.1,,0.0,,True
3388,CBF,10,3,0.3,14.569364031562456,29.138728063124912,12.386229006732073,True
3388,UBCF,10,2,0.2,10.351160117462083,10.351160117462083,5.175580061801435,True
3389,CBF,10,2,0.2,32.52874473344892,32.52874473344892,16.264373376438158,True
3389,UBCF,10,1,0.1,,0.0,,True
3390,CBF,10,2,0.2,38.97541147027279,38.97541147027279,19.487708880396617,True
3390,UBCF,10,1,0.1,,0.0,,True
3391,CBF,10,1,0.1,,0.0,,True
3391,UBCF,10,1,0.1,,0.0,,True
3392,CBF,10,1,0.1,,0.0,,True
3392,UBCF,10,1,0.1,,0.0,,True
3393,CBF,10,2,0.2,38.97541147027279,38.97541147027279,19.487708880396617,True
3393,UBCF,10,1,0.1,,0.0,,True
3394,CBF,10,2,0.2,8.966796178516137,8.966796178516137,4.483398160676603,True
3394,UBCF,10,1,0.1,,0.0,,True
3395,CBF,10,3,0.3,16.962779864591603,33.925559729183206,14.670392701795173,True
3395,UBCF,10,1,0.1,,0.0,,True
3396,CBF,10,1,0.1,,0.0,,True
3396,UBCF,10,1,0.1,,0.0,,True
3397,CBF,10,4,0.4,8.408161596905684,25.22448479071705,9.168335956807377,True
3397,UBCF,10,1,0.1,,0.0,,True
3398,CBF,10,1,0.1,,0.0,,True
3398,UBCF,10,1,0.1,,0.0,,True
3399,CBF,10,2,0.2,47.2904786604151,47.2904786604151,23.645251826609766,True
3399,UBCF,10,2,0.2,10.351160117462083,10.351160117462083,5.175580061801435,True
3400,CBF,10,1,0.1,,0.0,,True
3400,UBCF,10,1,0.1,,0.0,,True
3401,CBF,10,1,0.1,,0.0,,True
3401,UBCF,10,1,0.1,,0.0,,True
3402,CBF,10,2,0.2,16.36414581336663,16.36414581336663,8.182073605008515,True
3402,UBCF,10,1,0.1,,0.0,,True
3403,CBF,10,3,0.3,31.598254744333804,63.19650948866761,21.212851599467935,True
3403,UBCF,10,1,0.1,,0.0,,True
3404,CBF,10,2,0.2,1.4317359571066377,1.4317359571066377,0.7158679788583666,True
3404,UBCF,10,1,0.1,,0.0,,True
3405,CBF,10,2,0.2,19.380806902927784,19.380806902927784,9.690404897837317,True
3405,UBCF,10,1,0.1,,0.0,,True
3406,CBF,10,1,0.1,,0.0,,True
3406,UBCF,10,1,0.1,,0.0,,True
3407,CBF,10,1,0.1,,0.0,,True
3407,UBCF,10,1,0.1,,0.0,,True
3408,CBF,10,2,0.2,1.851196413912366,1.851196413912366,0.9255982080141867,True
3408,UBCF,10,1,0.1,,0.0,,True
3409,CBF,10,2,0.2,24.475756360953795,24.475756360953795,12.237881850962218,True
3409,UBCF,10,1,0.1,,0.0,,True
3410,CBF,10,4,0.4,19.99095772117264,59.972873163517924,16.1460946368772,True
3410,UBCF,10,1,0.1,,0.0,,True
3411,CBF,10,1,0.1,,0.0,,True
3411,UBCF,10,1,0.1,,0.0,,True
3412,CBF,10,2,0.2,27.972552036849212,27.972552036849212,13.986278905543603,True
3412,UBCF,10,2,0.2,37.90428148972095,37.90428148972095,18.95215698491864,True
3413,CBF,10,1,0.1,,0.0,,True
3413,UBCF,10,1,0.1,,0.0,,True
3414,CBF,10,2,0.2,39.89544829710059,39.89544829710059,19.947732443611972,True
3414,UBCF,10,1,0.1,,0.0,,True
3415,CBF,10,2,0.2,27.972552036849212,27.972552036849212,13.986278905543603,True
3415,UBCF,10,1,0.1,,0.0,,True
3416,CBF,10,1,0.1,,0.0,,True
3416,UBCF,10,1,0.1,,0.0,,True
3417,CBF,10,1,0.1,,0.0,,True
3417,UBCF,10,1,0.1,,0.0,,True
3418,CBF,10,2,0.2,27.972552036849212,27.972552036849212,13.986278905543603,True
3418,UBCF,10,1,0.1,,0.0,,True
3419,CBF,10,2,0.2,17.82423193742532,17.82423193742532,8.912116066560213,True
3419,UBCF,10,1,0.1,,0.0,,True
3420,CBF,10,1,0.1,,0.0,,True
3420,UBCF,10,1,0.1,,0.0,,True
3421,CBF,10,1,0.1,,0.0,,True
3421,UBCF,10,1,0.1,,0.0,,True
3422,CBF,10,4,0.4,36.94911958271873,110.84735874815618,20.806901713499663,True
3422,UBCF,10,1,0.1,,0.0,,True
3423,CBF,10,1,0.1,,0.0,,True
3423,UBCF,10,1,0.1,,0.0,,True
3424,CBF,10,1,0.1,,0.0,,True
3424,UBCF,10,1,0.1,,0.0,,True
3425,CBF,10,1,0.1,,0.0,,True
3425,UBCF,10,1,0.1,,0.0,,True
3426,CBF,10,1,0.1,,0.0,,True
3426,UBCF,10,2,0.2,32.52874473344892,32.52874473344892,16.264373376438158,True
3427,CBF,10,2,0.2,28.163648891291636,28.163648891291636,14.081829185081,True
3427,UBCF,10,1,0.1,,0.0,,True
3428,CBF,10,2,0.2,1.5431923121318396,1.5431923121318396,0.7715961563145184,True
3428,UBCF,10,1,0.1,,0.0,,True
3429,CBF,10,1,0.1,,0.0,,True
3429,UBCF,10,1,0.1,,0.0,,True
3430,CBF,10,2,0.2,28.163648891291636,28.163648891291636,14.081829185081,True
3430,UBCF,10,1,0.1,,0.0,,True
3432,CBF,10,2,0.2,27.972552036849212,27.972552036849212,13.986278905543603,True
3432,UBCF,10,1,0.1,,0.0,,True
3433,CBF,10,1,0.1,,0.0,,True
3433,UBCF,10,1,0.1,,0.0,,True
3434,CBF,10,2,0.2,1.4317359571066377,1.4317359571066377,0.7158679788583666,True
3434,UBCF,10,1,0.1,,0.0,,True
3435,CBF,10,1,0.1,,0.0,,True
3435,UBCF,10,1,0.1,,0.0,,True
3436,CBF,10,2,0.2,1.4317359571066377,1.4317359571066377,0.7158679788583666,True
3436,UBCF,10,1,0.1,,0.0,,True
3437,CBF,10,1,0.1,,0.0,,True
3437,UBCF,10,1,0.1,,0.0,,True
3438,CBF,10,2,0.2,38.54334327738816,38.54334327738816,19.27168404100997,True
3438,UBCF,10,2,0.2,37.90428148972095,37.90428148972095,18.95215698491864,True
3439,CBF,10,2,0.2,27.972552036849212,27.972552036849212,13.986278905543603,True
3439,UBCF,10,2,0.2,37.90428148972095,37.90428148972095,18.95215698491864,True
3440,CBF,10,1,0.1,,0.0,,True
3440,UBCF,10,1,0.1,,0.0,,True
3441,CBF,10,2,0.2,32.70568879807172,32.70568879807172,16.352846904750777,True
3441,UBCF,10,1,0.1,,0.0,,True
3442,CBF,10,2,0.2,1.5431923121318396,1.5431923121318396,0.7715961563145184,True
3442,UBCF,10,1,0.1,,0.0,,True
3443,CBF,10,2,0.2,27.972552036849212,27.972552036849212,13.986278905543603,True
3443,UBCF,10,1,0.1,,0.0,,True
3444,CBF,10,3,0.3,16.661937939696955,33.32387587939391,14.670392701795173,True
3444,UBCF,10,1,0.1,,0.0,,True
3445,CBF,10,1,0.1,,0.0,,True
3445,UBCF,10,1,0.1,,0.0,,True
3446,CBF,10,1,0.1,,0.0,,True
3446,UBCF,10,1,0.1,,0.0,,True
3447,CBF,10,1,0.1,,0.0,,True
3447,UBCF,10,1,0.1,,0.0,,True
3448,CBF,10,2,0.2,28.163648891291636,28.163648891291636,14.081829185081,True
3448,UBCF,10,1,0.1,,0.0,,True
3449,CBF,10,1,0.1,,0.0,,True
3449,UBCF,10,1,0.1,,0.0,,True
3450,CBF,10,1,0.1,,0.0,,True
3450,UBCF,10,1,0.1,,0.0,,True
3451,CBF,10,2,0.2,1.4520848238930628,1.4520848238930628,0.7260424121934375,True
3451,UBCF,10,2,0.2,6.324005324956843,6.324005324956843,3.162002681399092,True
3452,CBF,10,4,0.4,19.90256498765533,59.707694962965995,16.083995679345257,True
3452,UBCF,10,1,0.1,,0.0,,True
3453,CBF,10,2,0.2,1.4317359571066377,1.4317359571066377,0.7158679788583666,True
3453,UBCF,10,1,0.1,,0.0,,True
3454,CBF,10,3,0.3,15.733591411112258,31.467182822224515,12.498526438558054,True
3454,UBCF,10,1,0.1,,0.0,,True
3455,CBF,10,1,0.1,,0.0,,True
3455,UBCF,10,1,0.1,,0.0,,True
3456,CBF,10,3,0.3,16.661937939696955,33.32387587939391,14.670392701795173,True
3456,UBCF,10,2,0.2,32.52874473344892,32.52874473344892,16.264373376438158,True
3457,CBF,10,1,0.1,,0.0,,True
3457,UBCF,10,1,0.1,,0.0,,True
3458,CBF,10,1,0.1,,0.0,,True
3458,UBCF,10,1,0.1,,0.0,,True
3459,CBF,10,2,0.2,28.163648891291636,28.163648891291636,14.081829185081,True
3459,UBCF,10,1,0.1,,0.0,,True
3460,CBF,10,2,0.2,8.412640195690354,8.412640195690354,4.206320154926033,True
3460,UBCF,10,1,0.1,,0.0,,True
3461,CBF,10,2,0.2,1.4317359571066377,1.4317359571066377,0.7158679788583666,True
3461,UBCF,10,1,0.1,,0.0,,True
3462,CBF,10,1,0.1,,0.0,,True
3462,UBCF,10,1,0.1,,0.0,,True
3463,CBF,10,1,0.1,,0.0,,True
3463,UBCF,10,1,0.1,,0.0,,True
3464,CBF,10,2,0.2,1.5431923121318396,1.5431923121318396,0.7715961563145184,True
3464,UBCF,10,1,0.1,,0.0,,True
3465,CBF,10,1,0.1,,0.0,,True
3465,UBCF,10,1,0.1,,0.0,,True
3466,CBF,10,3,0.3,16.962779864591603,33.925559729183206,14.670392701795173,True
3466,UBCF,10,1,0.1,,0.0,,True
3467,CBF,10,1,0.1,,0.0,,True
3467,UBCF,10,1,0.1,,0.0,,True
3468,CBF,10,1,0.1,,0.0,,True
3468,UBCF,10,1,0.1,,0.0,,True
3469,CBF,10,2,0.2,28.163648891291636,28.163648891291636,14.081829185081,True
3469,UBCF,10,2,0.2,19.380806902927784,19.380806902927784,9.690404897837317,True
3470,CBF,10,1,0.1,,0.0,,True
3470,UBCF,10,1,0.1,,0.0,,True
3471,CBF,10,2,0.2,28.163648891291636,28.163648891291636,14.081829185081,True
3471,UBCF,10,1,0.1,,0.0,,True
3472,CBF,10,1,0.1,,0.0,,True
3472,UBCF,10,1,0.1,,0.0,,True
3473,CBF,10,1,0.1,,0.0,,True
3473,UBCF,10,1,0.1,,0.0,,True
3474,CBF,10,2,0.2,7.90812379907292,7.90812379907292,3.954061946399003,True
3474,UBCF,10,1,0.1,,0.0,,True
3475,CBF,10,3,0.3,39.90103000773112,79.80206001546225,24.100304972323233,True
3475,UBCF,10,1,0.1,,0.0,,True
3476,CBF,10,1,0.1,,0.0,,True
3476,UBCF,10,1,0.1,,0.0,,True
3477,CBF,10,2,0.2,1.4317359571066377,1.4317359571066377,0.7158679788583666,True
3477,UBCF,10,1,0.1,,0.0,,True
3478,CBF,10,1,0.1,,0.0,,True
3478,UBCF,10,2,0.2,37.90428148972095,37.90428148972095,18.95215698491864,True
3479,CBF,10,2,0.2,1.4317359571066377,1.4317359571066377,0.7158679788583666,True
3479,UBCF,10,1,0.1,,0.0,,True
3480,CBF,10,1,0.1,,0.0,,True
3480,UBCF,10,1,0.1,,0.0,,True
3481,CBF,10,2,0.2,31.35401553770087,31.35401553770087,15.677013546193354,True
3481,UBCF,10,1,0.1,,0.0,,True
3482,CBF,10,2,0.2,38.97541147027279,38.97541147027279,19.487708880396617,True
3482,UBCF,10,1,0.1,,0.0,,True
3483,CBF,10,1,0.1,,0.0,,True
3483,UBCF,10,1,0.1,,0.0,,True
3484,CBF,10,2,0.2,1.4317359571066377,1.4317359571066377,0.7158679788583666,True
3484,UBCF,10,1,0.1,,0.0,,True
3485,CBF,10,1,0.1,,0.0,,True
3485,UBCF,10,1,0.1,,0.0,,True
3486,CBF,10,2,0.2,39.68146350068155,39.68146350068155,19.840734382814126,True
3486,UBCF,10,1,0.1,,0.0,,True
3488,CBF,10,3,0.3,16.661937939696955,33.32387587939391,14.670392701795173,True
3488,UBCF,10,1,0.1,,0.0,,True
3489,CBF,10,1,0.1,,0.0,,True
3489,UBCF,10,1,0.1,,0.0,,True
3490,CBF,10,2,0.2,30.609509272558906,30.609509272558906,15.304757029726051,True
3490,UBCF,10,1,0.1,,0.0,,True
3491,CBF,10,1,0.1,,0.0,,True
3491,UBCF,10,2,0.2,37.90428148972095,37.90428148972095,18.95215698491864,True
3492,CBF,10,2,0.2,1.4317359571066377,1.4317359571066377,0.7158679788583666,True
3492,UBCF,10,1,0.1,,0.0,,True
3493,CBF,10,4,0.4,26.7243388864777,80.1730166594331,20.997982841365136,True
3493,UBCF,10,1,0.1,,0.0,,True
3494,CBF,10,2,0.2,1.4317359571066377,1.4317359571066377,0.7158679788583666,True
3494,UBCF,10,1,0.1,,0.0,,True
3495,CBF,10,1,0.1,,0.0,,True
3495,UBCF,10,1,0.1,,0.0,,True
3496,CBF,10,1,0.1,,0.0,,True
3496,UBCF,10,1,0.1,,0.0,,True
3497,CBF,10,3,0.3,50.955202211758824,101.91040442351765,25.47925704214642,True
3497,UBCF,10,2,0.2,31.43542951846135,31.43542951846135,15.717719488393843,True
3498,CBF,10,1,0.1,,0.0,,True
3498,UBCF,10,1,0.1,,0.0,,True
3499,CBF,10,1,0.1,,0.0,,True
3499,UBCF,10,1,0.1,,0.0,,True
3500,CBF,10,2,0.2,1.4520848238930628,1.4520848238930628,0.7260424121934375,True
3500,UBCF,10,1,0.1,,0.0,,True
3501,CBF,10,2,0.2,29.15869940542207,29.15869940542207,14.579355363761266,True
3501,UBCF,10,1,0.1,,0.0,,True
3502,CBF,10,3,0.3,33.20085757433042,66.40171514866084,23.427638132482766,True
3502,UBCF,10,2,0.2,31.993726726368138,31.993726726368138,15.996867434446186,True
3503,CBF,10,2,0.2,1.4317359571066377,1.4317359571066377,0.7158679788583666,True
3503,UBCF,10,1,0.1,,0.0,,True
3504,CBF,10,1,0.1,,0.0,,True
3504,UBCF,10,1,0.1,,0.0,,True
3505,CBF,10,2,0.2,1.5156689175409355,1.5156689175409355,0.7578344591212706,True
3505,UBCF,10,1,0.1,,0.0,,True
3506,CBF,10,2,0.2,4.127413100707732,4.127413100707732,2.063706557612347,True
3506,UBCF,10,1,0.1,,0.0,,True
3507,CBF,10,3,0.3,40.09597640915462,80.19195281830925,28.38158110644572,True
3507,UBCF,10,1,0.1,,0.0,,True
3508,CBF,10,1,0.1,,0.0,,True
3508,UBCF,10,1,0.1,,0.0,,True
3509,CBF,10,2,0.2,39.884336960417365,39.884336960417365,19.94216859195539,True
3509,UBCF,10,1,0.1,,0.0,,True
3510,CBF,10,2,0.2,28.163648891291636,28.163648891291636,14.081829185081,True
3510,UBCF,10,1,0.1,,0.0,,True
3511,CBF,10,1,0.1,,0.0,,True
3511,UBCF,10,1,0.1,,0.0,,True
3512,CBF,10,2,0.2,27.972552036849212,27.972552036849212,13.986278905543603,True
3512,UBCF,10,1,0.1,,0.0,,True
3513,CBF,10,2,0.2,1.4317359571066377,1.4317359571066377,0.7158679788583666,True
3513,UBCF,10,1,0.1,,0.0,,True
3514,CBF,10,1,0.1,,0.0,,True
3514,UBCF,10,1,0.1,,0.0,,True
3515,CBF,10,4,0.4,24.019045158685444,72.05713547605633,24.19298585183889,True
3515,UBCF,10,1,0.1,,0.0,,True
3516,CBF,10,2,0.2,1.5156689175409355,1.5156689175409355,0.7578344591212706,True
3516,UBCF,10,2,0.2,45.85743379833855,45.85743379833855,22.92871906581808,True
3517,CBF,10,2,0.2,15.331600980045696,15.331600980045696,7.665801087987717,True
3517,UBCF,10,1,0.1,,0.0,,True
3518,CBF,10,2,0.2,33.67692365322722,33.67692365322722,16.838466700408475,True
3518,UBCF,10,1,0.1,,0.0,,True
3519,CBF,10,1,0.1,,0.0,,True
3519,UBCF,10,1,0.1,,0.0,,True
3520,CBF,10,1,0.1,,0.0,,True
3520,UBCF,10,1,0.1,,0.0,,True
3521,CBF,10,1,0.1,,0.0,,True
3521,UBCF,10,1,0.1,,0.0,,True
3522,CBF,10,1,0.1,,0.0,,True
3522,UBCF,10,1,0.1,,0.0,,True
3523,CBF,10,2,0.2,13.448383851462852,13.448383851462852,6.724192680672757,True
3523,UBCF,10,1,0.1,,0.0,,True
3524,CBF,10,1,0.1,,0.0,,True
3524,UBCF,10,2,0.2,37.90428148972095,37.90428148972095,18.95215698491864,True
3525,CBF,10,2,0.2,43.262588299701214,43.262588299701214,21.631301429361923,True
3525,UBCF,10,1,0.1,,0.0,,True
3526,CBF,10,2,0.2,1.4520848238930628,1.4520848238930628,0.7260424121934375,True
3526,UBCF,10,1,0.1,,0.0,,True
3527,CBF,10,2,0.2,1.5156689175409355,1.5156689175409355,0.7578344591212706,True
3527,UBCF,10,1,0.1,,0.0,,True
3528,CBF,10,2,0.2,17.82423193742532,17.82423193742532,8.912116066560213,True
3528,UBCF,10,1,0.1,,0.0,,True
3529,CBF,10,2,0.2,1.4520848238930628,1.4520848238930628,0.7260424121934375,True
3529,UBCF,10,1,0.1,,0.0,,True
3530,CBF,10,4,0.4,20.966020536458412,62.89806160937523,16.083995679345115,True
3530,UBCF,10,1,0.1,,0.0,,True
3531,CBF,10,3,0.3,5.2094405012046,10.4188810024092,3.7734193919112045,True
3531,UBCF,10,1,0.1,,0.0,,True
3532,CBF,10,3,0.3,21.34118158837688,42.68236317675376,15.833112457946735,True
3532,UBCF,10,1,0.1,,0.0,,True
3533,CBF,10,1,0.1,,0.0,,True
3533,UBCF,10,1,0.1,,0.0,,True
3534,CBF,10,2,0.2,32.70568879807172,32.70568879807172,16.352846904750777,True
3534,UBCF,10,1,0.1,,0.0,,True
3535,CBF,10,2,0.2,43.262588299701214,43.262588299701214,21.631301429361923,True
3535,UBCF,10,2,0.2,37.90428148972095,37.90428148972095,18.95215698491864,True
3536,CBF,10,1,0.1,,0.0,,True
3536,UBCF,10,1,0.1,,0.0,,True
3537,CBF,10,2,0.2,29.15869940542207,29.15869940542207,14.579355363761266,True
3537,UBCF,10,1,0.1,,0.0,,True
3538,CBF,10,2,0.2,19.380806902927784,19.380806902927784,9.690404897837317,True
3538,UBCF,10,1,0.1,,0.0,,True
3539,CBF,10,2,0.2,29.15869940542207,29.15869940542207,14.579355363761266,True
3539,UBCF,10,2,0.2,32.52874473344892,32.52874473344892,16.264373376438158,True
3540,CBF,10,2,0.2,27.972552036849212,27.972552036849212,13.986278905543603,True
3540,UBCF,10,1,0.1,,0.0,,True
3541,CBF,10,1,0.1,,0.0,,True
3541,UBCF,10,1,0.1,,0.0,,True
3542,CBF,10,1,0.1,,0.0,,True
3542,UBCF,10,1,0.1,,0.0,,True
3543,CBF,10,1,0.1,,0.0,,True
3543,UBCF,10,1,0.1,,0.0,,True
3544,CBF,10,2,0.2,27.972552036849212,27.972552036849212,13.986278905543603,True
3544,UBCF,10,1,0.1,,0.0,,True
3545,CBF,10,1,0.1,,0.0,,True
3545,UBCF,10,1,0.1,,0.0,,True
3546,CBF,10,2,0.2,43.262588299701214,43.262588299701214,21.631301429361923,True
3546,UBCF,10,1,0.1,,0.0,,True
3547,CBF,10,4,0.4,35.18049500053849,105.54148500161548,27.566183111834416,True
3547,UBCF,10,1,0.1,,0.0,,True
3548,CBF,10,3,0.3,38.018461444091116,76.03692288818223,24.94602623208985,True
3548,UBCF,10,2,0.2,28.023986357443068,28.023986357443068,14.01199605679436,True
3549,CBF,10,2,0.2,39.68146350068155,39.68146350068155,19.840734382814126,True
3549,UBCF,10,2,0.2,10.351160117462083,10.351160117462083,5.175580061801435,True
3550,CBF,10,1,0.1,,0.0,,True
3550,UBCF,10,1,0.1,,0.0,,True
3551,CBF,10,1,0.1,,0.0,,True
3551,UBCF,10,1,0.1,,0.0,,True
3552,CBF,10,2,0.2,1.4317359571066377,1.4317359571066377,0.7158679788583666,True
3552,UBCF,10,1,0.1,,0.0,,True
3553,CBF,10,4,0.4,21.076747819219893,63.23024345765968,20.997982841365133,True
3553,UBCF,10,1,0.1,,0.0,,True
3554,CBF,10,1,0.1,,0.0,,True
3554,UBCF,10,1,0.1,,0.0,,True
3555,CBF,10,2,0.2,8.966796178516137,8.966796178516137,4.483398160676603,True
3555,UBCF,10,1,0.1,,0.0,,True
3556,CBF,10,1,0.1,,0.0,,True
3556,UBCF,10,1,0.1,,0.0,,True
3557,CBF,10,2,0.2,43.262588299701214,43.262588299701214,21.631301429361923,True
3557,UBCF,10,1,0.1,,0.0,,True
3558,CBF,10,1,0.1,,0.0,,True
3558,UBCF,10,1,0.1,,0.0,,True
3559,CBF,10,2,0.2,39.884336960417365,39.884336960417365,19.94216859195539,True
3559,UBCF,10,2,0.2,37.90428148972095,37.90428148972095,18.95215698491864,True
3560,CBF,10,2,0.2,39.884336960417365,39.884336960417365,19.94216859195539,True
3560,UBCF,10,1,0.1,,0.0,,True
3561,CBF,10,2,0.2,1.4317359571066377,1.4317359571066377,0.7158679788583666,True
3561,UBCF,10,1,0.1,,0.0,,True
3562,CBF,10,2,0.2,39.884336960417365,39.884336960417365,19.94216859195539,True
3562,UBCF,10,1,0.1,,0.0,,True
3563,CBF,10,1,0.1,,0.0,,True
3563,UBCF,10,1,0.1,,0.0,,True
3564,CBF,10,3,0.3,19.86916854607542,39.73833709215084,13.812411814634183,True
3564,UBCF,10,1,0.1,,0.0,,True
3565,CBF,10,2,0.2,1.4520848238930628,1.4520848238930628,0.7260424121934375,True
3565,UBCF,10,1,0.1,,0.0,,True
3566,CBF,10,2,0.2,43.262588299701214,43.262588299701214,21.631301429361923,True
3566,UBCF,10,1,0.1,,0.0,,True
3567,CBF,10,3,0.3,17.422387190708463,34.844774381416926,13.984483048124067,True
3567,UBCF,10,1,0.1,,0.0,,True
3568,CBF,10,2,0.2,39.68146350068155,39.68146350068155,19.840734382814126,True
3568,UBCF,10,1,0.1,,0.0,,True
3569,CBF,10,1,0.1,,0.0,,True
3569,UBCF,10,1,0.1,,0.0,,True
3570,CBF,10,1,0.1,,0.0,,True
3570,UBCF,10,1,0.1,,0.0,,True
3571,CBF,10,1,0.1,,0.0,,True
3571,UBCF,10,1,0.1,,0.0,,True
3572,CBF,10,1,0.1,,0.0,,True
3572,UBCF,10,1,0.1,,0.0,,True
3573,CBF,10,1,0.1,,0.0,,True
3573,UBCF,10,1,0.1,,0.0,,True
3574,CBF,10,1,0.1,,0.0,,True
3574,UBCF,10,1,0.1,,0.0,,True
3575,CBF,10,2,0.2,8.966796178516137,8.966796178516137,4.483398160676603,True
3575,UBCF,10,1,0.1,,0.0,,True
3576,CBF,10,4,0.4,24.019045158685444,72.05713547605633,24.19298585183889,True
3576,UBCF,10,1,0.1,,0.0,,True
3577,CBF,10,4,0.4,22.328899971465518,66.98669991439655,20.997982841365136,True
3577,UBCF,10,1,0.1,,0.0,,True
3578,CBF,10,1,0.1,,0.0,,True
3578,UBCF,10,1,0.1,,0.0,,True
3579,CBF,10,1,0.1,,0.0,,True
3579,UBCF,10,2,0.2,37.90428148972095,37.90428148972095,18.95215698491864,True
3580,CBF,10,1,0.1,,0.0,,True
3580,UBCF,10,1,0.1,,0.0,,True
3581,CBF,10,1,0.1,,0.0,,True
3581,UBCF,10,1,0.1,,0.0,,True
3582,CBF,10,1,0.1,,0.0,,True
3582,UBCF,10,1,0.1,,0.0,,True
3583,CBF,10,2,0.2,2.3181081257908294,2.3181081257908294,1.1590540648649006,True
3583,UBCF,10,1,0.1,,0.0,,True
3584,CBF,10,2,0.2,10.062667778519382,10.062667778519382,5.031333957572499,True
3584,UBCF,10,1,0.1,,0.0,,True
3585,CBF,10,3,0.3,43.12277045346657,86.24554090693314,24.94602623208985,True
3585,UBCF,10,1,0.1,,0.0,,True
3586,CBF,10,1,0.1,,0.0,,True
3586,UBCF,10,1,0.1,,0.0,,True
3587,CBF,10,4,0.4,21.0334769037721,63.10043071131631,20.485977205069496,True
3587,UBCF,10,1,0.1,,0.0,,True
3588,CBF,10,2,0.2,38.97541147027279,38.97541147027279,19.487708880396617,True
3588,UBCF,10,2,0.2,37.90428148972095,37.90428148972095,18.95215698491864,True
3589,CBF,10,2,0.2,2.3181081257908294,2.3181081257908294,1.1590540648649006,True
3589,UBCF,10,1,0.1,,0.0,,True
3590,CBF,10,2,0.2,33.307372647861015,33.307372647861015,16.653688974915404,True
3590,UBCF,10,1,0.1,,0.0,,True
3591,CBF,10,2,0.2,28.163648891291636,28.163648891291636,14.081829185081,True
3591,UBCF,10,1,0.1,,0.0,,True
3592,CBF,10,1,0.1,,0.0,,True
3592,UBCF,10,1,0.1,,0.0,,True
3593,CBF,10,1,0.1,,0.0,,True
3593,UBCF,10,1,0.1,,0.0,,True
3594,CBF,10,1,0.1,,0.0,,True
3594,UBCF,10,1,0.1,,0.0,,True
3595,CBF,10,4,0.4,12.716102770783268,38.148308312349805,15.630429077008305,True
3595,UBCF,10,1,0.1,,0.0,,True
3596,CBF,10,2,0.2,1.4520848238930628,1.4520848238930628,0.7260424121934375,True
3596,UBCF,10,1,0.1,,0.0,,True
3597,CBF,10,3,0.3,24.05222555077986,48.10445110155972,20.972883933930742,True
3597,UBCF,10,1,0.1,,0.0,,True
3598,CBF,10,1,0.1,,0.0,,True
3598,UBCF,10,1,0.1,,0.0,,True
3599,CBF,10,2,0.2,28.163648891291636,28.163648891291636,14.081829185081,True
3599,UBCF,10,1,0.1,,0.0,,True
3600,CBF,10,1,0.1,,0.0,,True
3600,UBCF,10,2,0.2,27.972552036849212,27.972552036849212,13.986278905543603,True
3601,CBF,10,1,0.1,,0.0,,True
3601,UBCF,10,2,0.2,42.31944671414057,42.31944671414057,21.159730993153076,True
3602,CBF,10,1,0.1,,0.0,,True
3602,UBCF,10,1,0.1,,0.0,,True
3603,CBF,10,2,0.2,32.52874473344892,32.52874473344892,16.264373376438158,True
3603,UBCF,10,2,0.2,37.90428148972095,37.90428148972095,18.95215698491864,True
3604,CBF,10,1,0.1,,0.0,,True
3604,UBCF,10,1,0.1,,0.0,,True
3605,CBF,10,1,0.1,,0.0,,True
3605,UBCF,10,1,0.1,,0.0,,True
3606,CBF,10,1,0.1,,0.0,,True
3606,UBCF,10,1,0.1,,0.0,,True
3607,CBF,10,2,0.2,19.380806902927784,19.380806902927784,9.690404897837317,True
3607,UBCF,10,1,0.1,,0.0,,True
3608,CBF,10,2,0.2,1.6088959018523994,1.6088959018523994,0.8044479514933658,True
3608,UBCF,10,1,0.1,,0.0,,True
3609,CBF,10,2,0.2,39.884336960417365,39.884336960417365,19.94216859195539,True
3609,UBCF,10,1,0.1,,0.0,,True
3610,CBF,10,2,0.2,28.163648891291636,28.163648891291636,14.081829185081,True
3610,UBCF,10,1,0.1,,0.0,,True
3611,CBF,10,2,0.2,28.163648891291636,28.163648891291636,14.081829185081,True
3611,UBCF,10,1,0.1,,0.0,,True
3612,CBF,10,1,0.1,,0.0,,True
3612,UBCF,10,1,0.1,,0.0,,True
3613,CBF,10,2,0.2,38.97541147027279,38.97541147027279,19.487708880396617,True
3613,UBCF,10,1,0.1,,0.0,,True
3614,CBF,10,1,0.1,,0.0,,True
3614,UBCF,10,1,0.1,,0.0,,True
3615,CBF,10,2,0.2,43.098489680004235,43.098489680004235,21.549260507591605,True
3615,UBCF,10,1,0.1,,0.0,,True
3616,CBF,10,1,0.1,,0.0,,True
3616,UBCF,10,1,0.1,,0.0,,True
3617,CBF,10,2,0.2,38.97541147027279,38.97541147027279,19.487708880396617,True
3617,UBCF,10,1,0.1,,0.0,,True
3618,CBF,10,2,0.2,18.063673535690604,18.063673535690604,9.031838163077367,True
3618,UBCF,10,1,0.1,,0.0,,True
3619,CBF,10,3,0.3,16.661937939696955,33.32387587939391,14.670392701795173,True
3619,UBCF,10,1,0.1,,0.0,,True
3620,CBF,10,1,0.1,,0.0,,True
3620,UBCF,10,2,0.2,37.90428148972095,37.90428148972095,18.95215698491864,True
3621,CBF,10,1,0.1,,0.0,,True
3621,UBCF,10,1,0.1,,0.0,,True
3622,CBF,10,2,0.2,33.67692365322722,33.67692365322722,16.838466700408475,True
3622,UBCF,10,1,0.1,,0.0,,True
3623,CBF,10,4,0.4,32.78094957085625,98.34284871256875,24.733580429023867,True
3623,UBCF,10,1,0.1,,0.0,,True
3624,CBF,10,1,0.1,,0.0,,True
3624,UBCF,10,1,0.1,,0.0,,True
3625,CBF,10,2,0.2,1.4317359571066377,1.4317359571066377,0.7158679788583666,True
3625,UBCF,10,1,0.1,,0.0,,True
3626,CBF,10,2,0.2,39.884336960417365,39.884336960417365,19.94216859195539,True
3626,UBCF,10,1,0.1,,0.0,,True
3627,CBF,10,1,0.1,,0.0,,True
3627,UBCF,10,1,0.1,,0.0,,True
3628,CBF,10,2,0.2,1.4317359571066377,1.4317359571066377,0.7158679788583666,True
3628,UBCF,10,1,0.1,,0.0,,True
3629,CBF,10,1,0.1,,0.0,,True
3629,UBCF,10,1,0.1,,0.0,,True
3630,CBF,10,2,0.2,4.115414145613661,4.115414145613661,2.057707089564682,True
3630,UBCF,10,1,0.1,,0.0,,True
3631,CBF,10,1,0.1,,0.0,,True
3631,UBCF,10,1,0.1,,0.0,,True
3632,CBF,10,2,0.2,13.951181278181624,13.951181278181624,6.975591474797855,True
3632,UBCF,10,1,0.1,,0.0,,True
3633,CBF,10,1,0.1,,0.0,,True
3633,UBCF,10,1,0.1,,0.0,,True
3634,CBF,10,2,0.2,33.67692365322722,33.67692365322722,16.838466700408475,True
3634,UBCF,10,1,0.1,,0.0,,True
3635,CBF,10,4,0.4,50.94146121457599,152.82438364372797,28.238143733334315,True
3635,UBCF,10,2,0.2,37.716643134514264,37.716643134514264,18.8583301894921,True
3636,CBF,10,1,0.1,,0.0,,True
3636,UBCF,10,2,0.2,43.06789496829618,43.06789496829618,21.53394824722954,True
3637,CBF,10,1,0.1,,0.0,,True
3637,UBCF,10,1,0.1,,0.0,,True
3638,CBF,10,2,0.2,27.972552036849212,27.972552036849212,13.986278905543603,True
3638,UBCF,10,1,0.1,,0.0,,True
3639,CBF,10,3,0.3,1.2937418702284034,2.5874837404568067,1.0857956522152026,True
3639,UBCF,10,1,0.1,,0.0,,True
3640,CBF,10,1,0.1,,0.0,,True
3640,UBCF,10,1,0.1,,0.0,,True
3641,CBF,10,3,0.3,4.680104311482991,9.360208622965983,3.7734193919112045,True
3641,UBCF,10,1,0.1,,0.0,,True
3642,CBF,10,2,0.2,31.35401553770087,31.35401553770087,15.677013546193354,True
3642,UBCF,10,2,0.2,31.43542951846135,31.43542951846135,15.717719488393843,True
3643,CBF,10,1,0.1,,0.0,,True
3643,UBCF,10,1,0.1,,0.0,,True
3644,CBF,10,2,0.2,27.972552036849212,27.972552036849212,13.986278905543603,True
3644,UBCF,10,1,0.1,,0.0,,True
3645,CBF,10,1,0.1,,0.0,,True
3645,UBCF,10,1,0.1,,0.0,,True
3646,CBF,10,1,0.1,,0.0,,True
3646,UBCF,10,1,0.1,,0.0,,True
3648,CBF,10,2,0.2,45.76874505995922,45.76874505995922,22.88438506416864,True
3648,UBCF,10,2,0.2,27.972552036849212,27.972552036849212,13.986278905543603,True
3649,CBF,10,1,0.1,,0.0,,True
3649,UBCF,10,2,0.2,37.90428148972095,37.90428148972095,18.95215698491864,True
3650,CBF,10,1,0.1,,0.0,,True
3650,UBCF,10,1,0.1,,0.0,,True
3651,CBF,10,1,0.1,,0.0,,True
3651,UBCF,10,1,0.1,,0.0,,True
3652,CBF,10,2,0.2,33.67692365322722,33.67692365322722,16.838466700408475,True
3652,UBCF,10,1,0.1,,0.0,,True
3653,CBF,10,2,0.2,43.262588299701214,43.262588299701214,21.631301429361923,True
3653,UBCF,10,1,0.1,,0.0,,True
3654,CBF,10,2,0.2,17.82423193742532,17.82423193742532,8.912116066560213,True
3654,UBCF,10,1,0.1,,0.0,,True
3655,CBF,10,2,0.2,1.4520848238930628,1.4520848238930628,0.7260424121934375,True
3655,UBCF,10,1,0.1,,0.0,,True
3656,CBF,10,1,0.1,,0.0,,True
3656,UBCF,10,1,0.1,,0.0,,True
3657,CBF,10,2,0.2,38.97541147027279,38.97541147027279,19.487708880396617,True
3657,UBCF,10,1,0.1,,0.0,,True
3658,CBF,10,2,0.2,28.163648891291636,28.163648891291636,14.081829185081,True
3658,UBCF,10,1,0.1,,0.0,,True
3659,CBF,10,2,0.2,28.163648891291636,28.163648891291636,14.081829185081,True
3659,UBCF,10,1,0.1,,0.0,,True
3660,CBF,10,2,0.2,39.131166621556076,39.131166621556076,19.565591509610922,True
3660,UBCF,10,1,0.1,,0.0,,True
3661,CBF,10,4,0.4,23.061097379548556,69.18329213864567,20.767912736138523,True
3661,UBCF,10,1,0.1,,0.0,,True
3662,CBF,10,2,0.2,28.163648891291636,28.163648891291636,14.081829185081,True
3662,UBCF,10,1,0.1,,0.0,,True
3663,CBF,10,1,0.1,,0.0,,True
3663,UBCF,10,1,0.1,,0.0,,True
3664,CBF,10,3,0.3,10.66612670445373,21.33225340890746,6.855558252398129,True
3664,UBCF,10,1,0.1,,0.0,,True
3665,CBF,10,2,0.2,41.37743428253662,41.37743428253662,20.688728097251076,True
3665,UBCF,10,1,0.1,,0.0,,True
3666,CBF,10,2,0.2,16.039800087006007,16.039800087006007,8.019900878279927,True
3666,UBCF,10,1,0.1,,0.0,,True
3667,CBF,10,2,0.2,27.972552036849212,27.972552036849212,13.986278905543603,True
3667,UBCF,10,1,0.1,,0.0,,True
3668,CBF,10,1,0.1,,0.0,,True
3668,UBCF,10,2,0.2,31.43542951846135,31.43542951846135,15.717719488393843,True
3669,CBF,10,2,0.2,29.243994421759137,29.243994421759137,14.622005052302741,True
3669,UBCF,10,2,0.2,42.31944671414057,42.31944671414057,21.159730993153076,True
3670,CBF,10,1,0.1,,0.0,,True
3670,UBCF,10,1,0.1,,0.0,,True
3671,CBF,10,2,0.2,43.262588299701214,43.262588299701214,21.631301429361923,True
3671,UBCF,10,1,0.1,,0.0,,True
3672,CBF,10,2,0.2,1.5156689175409355,1.5156689175409355,0.7578344591212706,True
3672,UBCF,10,1,0.1,,0.0,,True
3673,CBF,10,2,0.2,27.972552036849212,27.972552036849212,13.986278905543603,True
3673,UBCF,10,1,0.1,,0.0,,True
3674,CBF,10,1,0.1,,0.0,,True
3674,UBCF,10,1,0.1,,0.0,,True
3675,CBF,10,2,0.2,43.262588299701214,43.262588299701214,21.631301429361923,True
3675,UBCF,10,1,0.1,,0.0,,True
3676,CBF,10,2,0.2,1.4317359571066377,1.4317359571066377,0.7158679788583666,True
3676,UBCF,10,1,0.1,,0.0,,True
3677,CBF,10,1,0.1,,0.0,,True
3677,UBCF,10,1,0.1,,0.0,,True
3678,CBF,10,2,0.2,2.3181081257908294,2.3181081257908294,1.1590540648649006,True
3678,UBCF,10,1,0.1,,0.0,,True
3679,CBF,10,1,0.1,,0.0,,True
3679,UBCF,10,1,0.1,,0.0,,True
3680,CBF,10,2,0.2,1.4317359571066377,1.4317359571066377,0.7158679788583666,True
3680,UBCF,10,1,0.1,,0.0,,True
3681,CBF,10,1,0.1,,0.0,,True
3681,UBCF,10,1,0.1,,0.0,,True
3682,CBF,10,2,0.2,1.4317359571066377,1.4317359571066377,0.7158679788583666,True
3682,UBCF,10,1,0.1,,0.0,,True
3683,CBF,10,1,0.1,,0.0,,True
3683,UBCF,10,1,0.1,,0.0,,True
3684,CBF,10,2,0.2,28.163648891291636,28.163648891291636,14.081829185081,True
3684,UBCF,10,1,0.1,,0.0,,True
3685,CBF,10,2,0.2,28.163648891291636,28.163648891291636,14.081829185081,True
3685,UBCF,10,1,0.1,,0.0,,True
3686,CBF,10,4,0.4,38.92376421647061,116.77129264941183,21.371268325252124,True
3686,UBCF,10,1,0.1,,0.0,,True
3687,CBF,10,1,0.1,,0.0,,True
3687,UBCF,10,1,0.1,,0.0,,True
3688,CBF,10,2,0.2,28.163648891291636,28.163648891291636,14.081829185081,True
3688,UBCF,10,1,0.1,,0.0,,True
3689,CBF,10,1,0.1,,0.0,,True
3689,UBCF,10,1,0.1,,0.0,,True
3690,CBF,10,2,0.2,1.4317359571066377,1.4317359571066377,0.7158679788583666,True
3690,UBCF,10,1,0.1,,0.0,,True
3691,CBF,10,1,0.1,,0.0,,True
3691,UBCF,10,1,0.1,,0.0,,True
3692,CBF,10,1,0.1,,0.0,,True
3692,UBCF,10,1,0.1,,0.0,,True
3693,CBF,10,2,0.2,1.4317359571066377,1.4317359571066377,0.7158679788583666,True
3693,UBCF,10,1,0.1,,0.0,,True
3694,CBF,10,2,0.2,1.4317359571066377,1.4317359571066377,0.7158679788583666,True
3694,UBCF,10,1,0.1,,0.0,,True
3695,CBF,10,1,0.1,,0.0,,True
3695,UBCF,10,1,0.1,,0.0,,True
3696,CBF,10,2,0.2,2.3181081257908294,2.3181081257908294,1.1590540648649006,True
3696,UBCF,10,1,0.1,,0.0,,True
3697,CBF,10,1,0.1,,0.0,,True
3697,UBCF,10,1,0.1,,0.0,,True
3698,CBF,10,2,0.2,43.262588299701214,43.262588299701214,21.631301429361923,True
3698,UBCF,10,2,0.2,32.52874473344892,32.52874473344892,16.264373376438158,True
3699,CBF,10,2,0.2,35.047699610959974,35.047699610959974,17.52385828960975,True
3699,UBCF,10,1,0.1,,0.0,,True
3700,CBF,10,1,0.1,,0.0,,True
3700,UBCF,10,1,0.1,,0.0,,True
3701,CBF,10,2,0.2,35.047699610959974,35.047699610959974,17.52385828960975,True
3701,UBCF,10,1,0.1,,0.0,,True
3702,CBF,10,2,0.2,28.163648891291636,28.163648891291636,14.081829185081,True
3702,UBCF,10,1,0.1,,0.0,,True
3703,CBF,10,2,0.2,39.884336960417365,39.884336960417365,19.94216859195539,True
3703,UBCF,10,1,0.1,,0.0,,True
3704,CBF,10,1,0.1,,0.0,,True
3704,UBCF,10,1,0.1,,0.0,,True
3705,CBF,10,2,0.2,1.4317359571066377,1.4317359571066377,0.7158679788583666,True
3705,UBCF,10,1,0.1,,0.0,,True
3706,CBF,10,2,0.2,29.243994421759137,29.243994421759137,14.622005052302741,True
3706,UBCF,10,1,0.1,,0.0,,True
3707,CBF,10,2,0.2,8.412640195690354,8.412640195690354,4.206320154926033,True
3707,UBCF,10,1,0.1,,0.0,,True
3708,CBF,10,1,0.1,,0.0,,True
3708,UBCF,10,1,0.1,,0.0,,True
3709,CBF,10,1,0.1,,0.0,,True
3709,UBCF,10,1,0.1,,0.0,,True
3710,CBF,10,1,0.1,,0.0,,True
3710,UBCF,10,2,0.2,37.90428148972095,37.90428148972095,18.95215698491864,True
3711,CBF,10,2,0.2,1.4317359571066377,1.4317359571066377,0.7158679788583666,True
3711,UBCF,10,1,0.1,,0.0,,True
3712,CBF,10,2,0.2,7.90812379907292,7.90812379907292,3.954061946399003,True
3712,UBCF,10,1,0.1,,0.0,,True
3713,CBF,10,2,0.2,29.15869940542207,29.15869940542207,14.579355363761266,True
3713,UBCF,10,1,0.1,,0.0,,True
3714,CBF,10,2,0.2,28.163648891291636,28.163648891291636,14.081829185081,True
3714,UBCF,10,1,0.1,,0.0,,True
3715,CBF,10,2,0.2,1.4317359571066377,1.4317359571066377,0.7158679788583666,True
3715,UBCF,10,1,0.1,,0.0,,True
3716,CBF,10,4,0.4,44.69270902734875,134.07812708204625,28.471112634775942,True
3716,UBCF,10,1,0.1,,0.0,,True
3717,CBF,10,1,0.1,,0.0,,True
3717,UBCF,10,1,0.1,,0.0,,True
3718,CBF,10,1,0.1,,0.0,,True
3718,UBCF,10,2,0.2,10.351160117462083,10.351160117462083,5.175580061801435,True
3719,CBF,10,1,0.1,,0.0,,True
3719,UBCF,10,1,0.1,,0.0,,True
3720,CBF,10,1,0.1,,0.0,,True
3720,UBCF,10,2,0.2,10.351160117462083,10.351160117462083,5.175580061801435,True
3721,CBF,10,2,0.2,1.5156689175409355,1.5156689175409355,0.7578344591212706,True
3721,UBCF,10,1,0.1,,0.0,,True
3722,CBF,10,1,0.1,,0.0,,True
3722,UBCF,10,1,0.1,,0.0,,True
3723,CBF,10,2,0.2,1.5156689175409355,1.5156689175409355,0.7578344591212706,True
3723,UBCF,10,1,0.1,,0.0,,True
3724,CBF,10,2,0.2,29.15869940542207,29.15869940542207,14.579355363761266,True
3724,UBCF,10,1,0.1,,0.0,,True
3725,CBF,10,3,0.3,10.66612670445373,21.33225340890746,6.855558252398129,True
3725,UBCF,10,1,0.1,,0.0,,True
3726,CBF,10,1,0.1,,0.0,,True
3726,UBCF,10,2,0.2,6.324005324956843,6.324005324956843,3.162002681399092,True
3727,CBF,10,2,0.2,27.972552036849212,27.972552036849212,13.986278905543603,True
3727,UBCF,10,1,0.1,,0.0,,True
3728,CBF,10,1,0.1,,0.0,,True
3728,UBCF,10,2,0.2,37.90428148972095,37.90428148972095,18.95215698491864,True
3729,CBF,10,2,0.2,16.36414581336663,16.36414581336663,8.182073605008515,True
3729,UBCF,10,1,0.1,,0.0,,True
3730,CBF,10,1,0.1,,0.0,,True
3730,UBCF,10,2,0.2,19.380806902927784,19.380806902927784,9.690404897837317,True
3731,CBF,10,1,0.1,,0.0,,True
3731,UBCF,10,1,0.1,,0.0,,True
3732,CBF,10,2,0.2,0.618187081322193,0.618187081322193,0.3090935406794648,True
3732,UBCF,10,2,0.2,27.972552036849212,27.972552036849212,13.986278905543603,True
3733,CBF,10,1,0.1,,0.0,,True
3733,UBCF,10,2,0.2,20.56227028829262,20.56227028829262,10.281135193399617,True
3734,CBF,10,2,0.2,28.163648891291636,28.163648891291636,14.081829185081,True
3734,UBCF,10,1,0.1,,0.0,,True
3735,CBF,10,1,0.1,,0.0,,True
3735,UBCF,10,1,0.1,,0.0,,True
3736,CBF,10,1,0.1,,0.0,,True
3736,UBCF,10,1,0.1,,0.0,,True
3737,CBF,10,1,0.1,,0.0,,True
3737,UBCF,10,2,0.2,10.351160117462083,10.351160117462083,5.175580061801435,True
3738,CBF,10,1,0.1,,0.0,,True
3738,UBCF,10,1,0.1,,0.0,,True
3739,CBF,10,2,0.2,28.163648891291636,28.163648891291636,14.081829185081,True
3739,UBCF,10,1,0.1,,0.0,,True
3740,CBF,10,1,0.1,,0.0,,True
3740,UBCF,10,1,0.1,,0.0,,True
3741,CBF,10,2,0.2,27.972552036849212,27.972552036849212,13.986278905543603,True
3741,UBCF,10,1,0.1,,0.0,,True
3742,CBF,10,1,0.1,,0.0,,True
3742,UBCF,10,1,0.1,,0.0,,True
3743,CBF,10,2,0.2,27.972552036849212,27.972552036849212,13.986278905543603,True
3743,UBCF,10,1,0.1,,0.0,,True
3744,CBF,10,2,0.2,18.063673535690604,18.063673535690604,9.031838163077367,True
3744,UBCF,10,1,0.1,,0.0,,True
3745,CBF,10,2,0.2,43.262588299701214,43.262588299701214,21.631301429361923,True
3745,UBCF,10,1,0.1,,0.0,,True
3746,CBF,10,2,0.2,15.331600980045696,15.331600980045696,7.665801087987717,True
3746,UBCF,10,1,0.1,,0.0,,True
3747,CBF,10,2,0.2,1.5431923121318396,1.5431923121318396,0.7715961563145184,True
3747,UBCF,10,1,0.1,,0.0,,True
3749,CBF,10,2,0.2,32.70568879807172,32.70568879807172,16.352846904750777,True
3749,UBCF,10,1,0.1,,0.0,,True
3750,CBF,10,1,0.1,,0.0,,True
3750,UBCF,10,1,0.1,,0.0,,True
3751,CBF,10,1,0.1,,0.0,,True
3751,UBCF,10,1,0.1,,0.0,,True
3752,CBF,10,2,0.2,33.67692365322722,33.67692365322722,16.838466700408475,True
3752,UBCF,10,1,0.1,,0.0,,True
3753,CBF,10,3,0.3,16.962779864591603,33.925559729183206,14.670392701795173,True
3753,UBCF,10,1,0.1,,0.0,,True
3754,CBF,10,2,0.2,3.8420770056466425,3.8420770056466425,1.9210385080692607,True
3754,UBCF,10,1,0.1,,0.0,,True
3755,CBF,10,2,0.2,28.163648891291636,28.163648891291636,14.081829185081,True
3755,UBCF,10,1,0.1,,0.0,,True
3756,CBF,10,1,0.1,,0.0,,True
3756,UBCF,10,1,0.1,,0.0,,True
3757,CBF,10,2,0.2,1.4317359571066377,1.4317359571066377,0.7158679788583666,True
3757,UBCF,10,1,0.1,,0.0,,True
3758,CBF,10,3,0.3,4.07309052260081,8.14618104520162,2.867061048300725,True
3758,UBCF,10,1,0.1,,0.0,,True
3759,CBF,10,1,0.1,,0.0,,True
3759,UBCF,10,2,0.2,42.31944671414057,42.31944671414057,21.159730993153076,True
3760,CBF,10,2,0.2,47.42548488878177,47.42548488878177,23.712758341755357,True
3760,UBCF,10,2,0.2,20.56227028829262,20.56227028829262,10.281135193399617,True
3761,CBF,10,2,0.2,1.4317359571066377,1.4317359571066377,0.7158679788583666,True
3761,UBCF,10,1,0.1,,0.0,,True
3762,CBF,10,1,0.1,,0.0,,True
3762,UBCF,10,1,0.1,,0.0,,True
3763,CBF,10,2,0.2,39.884336960417365,39.884336960417365,19.94216859195539,True
3763,UBCF,10,2,0.2,10.351160117462083,10.351160117462083,5.175580061801435,True
3764,CBF,10,2,0.2,29.15869940542207,29.15869940542207,14.579355363761266,True
3764,UBCF,10,2,0.2,11.749728398231753,11.749728398231753,5.874864397864018,True
3765,CBF,10,1,0.1,,0.0,,True
3765,UBCF,10,2,0.2,37.90428148972095,37.90428148972095,18.95215698491864,True
3766,CBF,10,2,0.2,43.262588299701214,43.262588299701214,21.631301429361923,True
3766,UBCF,10,1,0.1,,0.0,,True
3767,CBF,10,1,0.1,,0.0,,True
3767,UBCF,10,1,0.1,,0.0,,True
3768,CBF,10,1,0.1,,0.0,,True
3768,UBCF,10,1,0.1,,0.0,,True
3769,CBF,10,1,0.1,,0.0,,True
3769,UBCF,10,1,0.1,,0.0,,True
3770,CBF,10,4,0.4,23.326550246238934,69.9796507387168,22.92385358580202,True
3770,UBCF,10,2,0.2,37.90428148972095,37.90428148972095,18.95215698491864,True
3771,CBF,10,3,0.3,10.66612670445373,21.33225340890746,6.855558252398129,True
3771,UBCF,10,1,0.1,,0.0,,True
3772,CBF,10,1,0.1,,0.0,,True
3772,UBCF,10,2,0.2,20.56227028829262,20.56227028829262,10.281135193399617,True
3773,CBF,10,1,0.1,,0.0,,True
3773,UBCF,10,1,0.1,,0.0,,True
3774,CBF,10,1,0.1,,0.0,,True
3774,UBCF,10,1,0.1,,0.0,,True
3775,CBF,10,1,0.1,,0.0,,True
3775,UBCF,10,1,0.1,,0.0,,True
3776,CBF,10,2,0.2,28.163648891291636,28.163648891291636,14.081829185081,True
3776,UBCF,10,1,0.1,,0.0,,True
3777,CBF,10,4,0.4,22.328899971465518,66.98669991439655,20.997982841365136,True
3777,UBCF,10,1,0.1,,0.0,,True
3778,CBF,10,2,0.2,28.163648891291636,28.163648891291636,14.081829185081,True
3778,UBCF,10,1,0.1,,0.0,,True
3779,CBF,10,2,0.2,33.67692365322722,33.67692365322722,16.838466700408475,True
3779,UBCF,10,1,0.1,,0.0,,True
3780,CBF,10,2,0.2,38.97541147027279,38.97541147027279,19.487708880396617,True
3780,UBCF,10,1,0.1,,0.0,,True
3781,CBF,10,4,0.4,21.076747819219893,63.23024345765968,20.997982841365133,True
3781,UBCF,10,1,0.1,,0.0,,True
3782,CBF,10,2,0.2,32.70568879807172,32.70568879807172,16.352846904750777,True
3782,UBCF,10,1,0.1,,0.0,,True
3783,CBF,10,1,0.1,,0.0,,True
3783,UBCF,10,1,0.1,,0.0,,True
3784,CBF,10,2,0.2,1.4317359571066377,1.4317359571066377,0.7158679788583666,True
3784,UBCF,10,2,0.2,37.90428148972095,37.90428148972095,18.95215698491864,True
3785,CBF,10,2,0.2,27.972552036849212,27.972552036849212,13.986278905543603,True
3785,UBCF,10,1,0.1,,0.0,,True
3786,CBF,10,2,0.2,1.4317359571066377,1.4317359571066377,0.7158679788583666,True
3786,UBCF,10,1,0.1,,0.0,,True
3787,CBF,10,1,0.1,,0.0,,True
3787,UBCF,10,1,0.1,,0.0,,True
3788,CBF,10,2,0.2,1.4317359571066377,1.4317359571066377,0.7158679788583666,True
3788,UBCF,10,1,0.1,,0.0,,True
3789,CBF,10,2,0.2,25.290961626338287,25.290961626338287,12.6454809003117,True
3789,UBCF,10,1,0.1,,0.0,,True
3790,CBF,10,3,0.3,33.68745949665583,67.37491899331167,23.553950567232146,True
3790,UBCF,10,1,0.1,,0.0,,True
3791,CBF,10,2,0.2,0.618187081322193,0.618187081322193,0.3090935406794648,True
3791,UBCF,10,1,0.1,,0.0,,True
3792,CBF,10,1,0.1,,0.0,,True
3792,UBCF,10,2,0.2,10.351160117462083,10.351160117462083,5.175580061801435,True
3793,CBF,10,1,0.1,,0.0,,True
3793,UBCF,10,1,0.1,,0.0,,True
3794,CBF,10,1,0.1,,0.0,,True
3794,UBCF,10,1,0.1,,0.0,,True
3795,CBF,10,2,0.2,1.5156689175409355,1.5156689175409355,0.7578344591212706,True
3795,UBCF,10,1,0.1,,0.0,,True
3796,CBF,10,3,0.3,1.41637812681396,2.83275625362792,1.0857956522152026,True
3796,UBCF,10,1,0.1,,0.0,,True
3797,CBF,10,1,0.1,,0.0,,True
3797,UBCF,10,1,0.1,,0.0,,True
3798,CBF,10,2,0.2,18.063673535690604,18.063673535690604,9.031838163077367,True
3798,UBCF,10,1,0.1,,0.0,,True
3799,CBF,10,1,0.1,,0.0,,True
3799,UBCF,10,1,0.1,,0.0,,True
3800,CBF,10,2,0.2,43.262588299701214,43.262588299701214,21.631301429361923,True
3800,UBCF,10,1,0.1,,0.0,,True
3801,CBF,10,3,0.3,38.018461444091116,76.03692288818223,24.94602623208985,True
3801,UBCF,10,1,0.1,,0.0,,True
3802,CBF,10,2,0.2,1.5156689175409355,1.5156689175409355,0.7578344591212706,True
3802,UBCF,10,1,0.1,,0.0,,True
3803,CBF,10,3,0.3,33.20085757433042,66.40171514866084,23.427638132482766,True
3803,UBCF,10,1,0.1,,0.0,,True
3804,CBF,10,3,0.3,10.54853584500466,21.09707169000932,7.640762557925744,True
3804,UBCF,10,1,0.1,,0.0,,True
3805,CBF,10,2,0.2,27.972552036849212,27.972552036849212,13.986278905543603,True
3805,UBCF,10,1,0.1,,0.0,,True
3806,CBF,10,1,0.1,,0.0,,True
3806,UBCF,10,1,0.1,,0.0,,True
3807,CBF,10,4,0.4,21.497879994413818,64.49363998324145,19.190306008873637,True
3807,UBCF,10,1,0.1,,0.0,,True
3808,CBF,10,2,0.2,1.851196413912366,1.851196413912366,0.9255982080141867,True
3808,UBCF,10,1,0.1,,0.0,,True
3809,CBF,10,2,0.2,12.938191198910605,12.938191198910605,6.469095933147134,True
3809,UBCF,10,1,0.1,,0.0,,True
3810,CBF,10,1,0.1,,0.0,,True
3810,UBCF,10,1,0.1,,0.0,,True
3811,CBF,10,1,0.1,,0.0,,True
3811,UBCF,10,1,0.1,,0.0,,True
3812,CBF,10,2,0.2,33.67692365322722,33.67692365322722,16.838466700408475,True
3812,UBCF,10,1,0.1,,0.0,,True
3813,CBF,10,1,0.1,,0.0,,True
3813,UBCF,10,1,0.1,,0.0,,True
3814,CBF,10,1,0.1,,0.0,,True
3814,UBCF,10,2,0.2,37.90428148972095,37.90428148972095,18.95215698491864,True
3815,CBF,10,2,0.2,37.35741221002603,37.35741221002603,18.678713127900732,True
3815,UBCF,10,1,0.1,,0.0,,True
3816,CBF,10,2,0.2,39.304889873625584,39.304889873625584,19.65246355239085,True
3816,UBCF,10,1,0.1,,0.0,,True
3817,CBF,10,1,0.1,,0.0,,True
3817,UBCF,10,1,0.1,,0.0,,True
3818,CBF,10,2,0.2,43.07938720561975,43.07938720561975,21.53969449295095,True
3818,UBCF,10,1,0.1,,0.0,,True
3819,CBF,10,1,0.1,,0.0,,True
3819,UBCF,10,1,0.1,,0.0,,True
3820,CBF,10,2,0.2,1.5156689175409355,1.5156689175409355,0.7578344591212706,True
3820,UBCF,10,1,0.1,,0.0,,True
3821,CBF,10,2,0.2,40.228672888954705,40.228672888954705,20.11434745585511,True
3821,UBCF,10,1,0.1,,0.0,,True
3822,CBF,10,1,0.1,,0.0,,True
3822,UBCF,10,1,0.1,,0.0,,True
3823,CBF,10,3,0.3,23.10472483035326,46.20944966070652,18.420301812282833,True
3823,UBCF,10,1,0.1,,0.0,,True
3824,CBF,10,1,0.1,,0.0,,True
3824,UBCF,10,2,0.2,19.380806902927784,19.380806902927784,9.690404897837317,True
3825,CBF,10,1,0.1,,0.0,,True
3825,UBCF,10,1,0.1,,0.0,,True
3826,CBF,10,1,0.1,,0.0,,True
3826,UBCF,10,1,0.1,,0.0,,True
3828,CBF,10,2,0.2,27.972552036849212,27.972552036849212,13.986278905543603,True
3828,UBCF,10,1,0.1,,0.0,,True
3829,CBF,10,2,0.2,27.972552036849212,27.972552036849212,13.986278905543603,True
3829,UBCF,10,2,0.2,10.351160117462083,10.351160117462083,5.175580061801435,True
3830,CBF,10,1,0.1,,0.0,,True
3830,UBCF,10,1,0.1,,0.0,,True
3831,CBF,10,1,0.1,,0.0,,True
3831,UBCF,10,1,0.1,,0.0,,True
3832,CBF,10,2,0.2,27.972552036849212,27.972552036849212,13.986278905543603,True
3832,UBCF,10,1,0.1,,0.0,,True
3833,CBF,10,1,0.1,,0.0,,True
3833,UBCF,10,1,0.1,,0.0,,True
3834,CBF,10,1,0.1,,0.0,,True
3834,UBCF,10,1,0.1,,0.0,,True
3835,CBF,10,3,0.3,33.20085757433042,66.40171514866084,23.427638132482766,True
3835,UBCF,10,1,0.1,,0.0,,True
3836,CBF,10,2,0.2,43.262588299701214,43.262588299701214,21.631301429361923,True
3836,UBCF,10,1,0.1,,0.0,,True
3837,CBF,10,2,0.2,39.68146350068155,39.68146350068155,19.840734382814126,True
3837,UBCF,10,1,0.1,,0.0,,True
3838,CBF,10,1,0.1,,0.0,,True
3838,UBCF,10,1,0.1,,0.0,,True
3839,CBF,10,2,0.2,2.0913554586307774,2.0913554586307774,1.0456777322415718,True
3839,UBCF,10,1,0.1,,0.0,,True
3840,CBF,10,2,0.2,33.214895727349095,33.214895727349095,16.60744789747381,True
3840,UBCF,10,1,0.1,,0.0,,True
3841,CBF,10,2,0.2,28.163648891291636,28.163648891291636,14.081829185081,True
3841,UBCF,10,1,0.1,,0.0,,True
3842,CBF,10,2,0.2,1.4317359571066377,1.4317359571066377,0.7158679788583666,True
3842,UBCF,10,2,0.2,37.90428148972095,37.90428148972095,18.95215698491864,True
3843,CBF,10,3,0.3,38.018461444091116,76.03692288818223,24.94602623208985,True
3843,UBCF,10,2,0.2,37.90428148972095,37.90428148972095,18.95215698491864,True
3844,CBF,10,2,0.2,7.90812379907292,7.90812379907292,3.954061946399003,True
3844,UBCF,10,1,0.1,,0.0,,True
3845,CBF,10,1,0.1,,0.0,,True
3845,UBCF,10,1,0.1,,0.0,,True
3846,CBF,10,4,0.4,26.7243388864777,80.1730166594331,20.997982841365136,True
3846,UBCF,10,1,0.1,,0.0,,True
3847,CBF,10,1,0.1,,0.0,,True
3847,UBCF,10,1,0.1,,0.0,,True
3848,CBF,10,1,0.1,,0.0,,True
3848,UBCF,10,1,0.1,,0.0,,True
3849,CBF,10,1,0.1,,0.0,,True
3849,UBCF,10,1,0.1,,0.0,,True
3850,CBF,10,1,0.1,,0.0,,True
3850,UBCF,10,1,0.1,,0.0,,True
3851,CBF,10,3,0.3,33.20085757433042,66.40171514866084,23.427638132482766,True
3851,UBCF,10,1,0.1,,0.0,,True
3852,CBF,10,1,0.1,,0.0,,True
3852,UBCF,10,1,0.1,,0.0,,True
3853,CBF,10,3,0.3,54.20315480682549,108.40630961365098,26.65203969884985,True
3853,UBCF,10,1,0.1,,0.0,,True
3854,CBF,10,3,0.3,37.74275346153303,75.48550692306605,26.65203969884985,True
3854,UBCF,10,1,0.1,,0.0,,True
3855,CBF,10,1,0.1,,0.0,,True
3855,UBCF,10,1,0.1,,0.0,,True
3856,CBF,10,2,0.2,27.972552036849212,27.972552036849212,13.986278905543603,True
3856,UBCF,10,1,0.1,,0.0,,True
3857,CBF,10,1,0.1,,0.0,,True
3857,UBCF,10,1,0.1,,0.0,,True
3858,CBF,10,4,0.4,26.7243388864777,80.1730166594331,20.997982841365136,True
3858,UBCF,10,2,0.2,19.380806902927784,19.380806902927784,9.690404897837317,True
3859,CBF,10,1,0.1,,0.0,,True
3859,UBCF,10,1,0.1,,0.0,,True
3860,CBF,10,2,0.2,44.11069676254514,44.11069676254514,22.055355405612943,True
3860,UBCF,10,1,0.1,,0.0,,True
3861,CBF,10,2,0.2,42.58985072810587,42.58985072810587,21.294941911813737,True
3861,UBCF,10,1,0.1,,0.0,,True
3862,CBF,10,1,0.1,,0.0,,True
3862,UBCF,10,1,0.1,,0.0,,True
3863,CBF,10,1,0.1,,0.0,,True
3863,UBCF,10,1,0.1,,0.0,,True
3864,CBF,10,3,0.3,16.661937939696955,33.32387587939391,14.670392701795173,True
3864,UBCF,10,1,0.1,,0.0,,True
3865,CBF,10,2,0.2,9.5932089449933,9.5932089449933,4.7966045159470685,True
3865,UBCF,10,1,0.1,,0.0,,True
3866,CBF,10,2,0.2,27.972552036849212,27.972552036849212,13.986278905543603,True
3866,UBCF,10,1,0.1,,0.0,,True
3867,CBF,10,1,0.1,,0.0,,True
3867,UBCF,10,1,0.1,,0.0,,True
3868,CBF,10,1,0.1,,0.0,,True
3868,UBCF,10,1,0.1,,0.0,,True
3869,CBF,10,2,0.2,2.3181081257908294,2.3181081257908294,1.1590540648649006,True
3869,UBCF,10,1,0.1,,0.0,,True
3870,CBF,10,2,0.2,0.618187081322193,0.618187081322193,0.3090935406794648,True
3870,UBCF,10,1,0.1,,0.0,,True
3871,CBF,10,2,0.2,38.97541147027279,38.97541147027279,19.487708880396617,True
3871,UBCF,10,1,0.1,,0.0,,True
3872,CBF,10,2,0.2,27.972552036849212,27.972552036849212,13.986278905543603,True
3872,UBCF,10,2,0.2,10.351160117462083,10.351160117462083,5.175580061801435,True
3873,CBF,10,2,0.2,28.163648891291636,28.163648891291636,14.081829185081,True
3873,UBCF,10,2,0.2,20.56227028829262,20.56227028829262,10.281135193399617,True
3874,CBF,10,2,0.2,43.262588299701214,43.262588299701214,21.631301429361923,True
3874,UBCF,10,2,0.2,45.85743379833855,45.85743379833855,22.92871906581808,True
3875,CBF,10,1,0.1,,0.0,,True
3875,UBCF,10,1,0.1,,0.0,,True
3876,CBF,10,1,0.1,,0.0,,True
3876,UBCF,10,1,0.1,,0.0,,True
3877,CBF,10,2,0.2,1.4520848238930628,1.4520848238930628,0.7260424121934375,True
3877,UBCF,10,1,0.1,,0.0,,True
3878,CBF,10,1,0.1,,0.0,,True
3878,UBCF,10,1,0.1,,0.0,,True
3879,CBF,10,2,0.2,8.492806526192252,8.492806526192252,4.246403326945568,True
3879,UBCF,10,1,0.1,,0.0,,True
3880,CBF,10,3,0.3,38.018461444091116,76.03692288818223,24.94602623208985,True
3880,UBCF,10,1,0.1,,0.0,,True
3881,CBF,10,1,0.1,,0.0,,True
3881,UBCF,10,1,0.1,,0.0,,True
3882,CBF,10,2,0.2,43.262588299701214,43.262588299701214,21.631301429361923,True
3882,UBCF,10,1,0.1,,0.0,,True
3883,CBF,10,3,0.3,25.470518116635393,50.941036233270786,15.223148201525651,True
3883,UBCF,10,1,0.1,,0.0,,True
3884,CBF,10,2,0.2,1.5156689175409355,1.5156689175409355,0.7578344591212706,True
3884,UBCF,10,1,0.1,,0.0,,True
3885,CBF,10,1,0.1,,0.0,,True
3885,UBCF,10,1,0.1,,0.0,,True
3886,CBF,10,1,0.1,,0.0,,True
3886,UBCF,10,1,0.1,,0.0,,True
3887,CBF,10,1,0.1,,0.0,,True
3887,UBCF,10,1,0.1,,0.0,,True
3888,CBF,10,2,0.2,1.4317359571066377,1.4317359571066377,0.7158679788583666,True
3888,UBCF,10,1,0.1,,0.0,,True
3889,CBF,10,2,0.2,33.85474968413719,33.85474968413719,16.92737540235248,True
3889,UBCF,10,1,0.1,,0.0,,True
3890,CBF,10,3,0.3,10.66612670445373,21.33225340890746,6.855558252398129,True
3890,UBCF,10,1,0.1,,0.0,,True
3891,CBF,10,3,0.3,38.81877516953293,77.63755033906585,27.314473332598265,True
3891,UBCF,10,2,0.2,37.90428148972095,37.90428148972095,18.95215698491864,True
3892,CBF,10,2,0.2,27.972552036849212,27.972552036849212,13.986278905543603,True
3892,UBCF,10,1,0.1,,0.0,,True
3893,CBF,10,1,0.1,,0.0,,True
3893,UBCF,10,1,0.1,,0.0,,True
3894,CBF,10,1,0.1,,0.0,,True
3894,UBCF,10,2,0.2,28.023986357443068,28.023986357443068,14.01199605679436,True
3895,CBF,10,1,0.1,,0.0,,True
3895,UBCF,10,1,0.1,,0.0,,True
3896,CBF,10,1,0.1,,0.0,,True
3896,UBCF,10,1,0.1,,0.0,,True
3897,CBF,10,2,0.2,28.163648891291636,28.163648891291636,14.081829185081,True
3897,UBCF,10,1,0.1,,0.0,,True
3898,CBF,10,1,0.1,,0.0,,True
3898,UBCF,10,1,0.1,,0.0,,True
3899,CBF,10,1,0.1,,0.0,,True
3899,UBCF,10,1,0.1,,0.0,,True
3900,CBF,10,4,0.4,26.7243388864777,80.1730166594331,20.997982841365136,True
3900,UBCF,10,1,0.1,,0.0,,True
3901,CBF,10,1,0.1,,0.0,,True
3901,UBCF,10,1,0.1,,0.0,,True
3902,CBF,10,1,0.1,,0.0,,True
3902,UBCF,10,1,0.1,,0.0,,True
3903,CBF,10,2,0.2,1.4317359571066377,1.4317359571066377,0.7158679788583666,True
3903,UBCF,10,1,0.1,,0.0,,True
3904,CBF,10,2,0.2,39.131166621556076,39.131166621556076,19.565591509610922,True
3904,UBCF,10,1,0.1,,0.0,,True
3905,CBF,10,2,0.2,1.2294901081794265,1.2294901081794265,0.6147450544389285,True
3905,UBCF,10,1,0.1,,0.0,,True
3906,CBF,10,2,0.2,0.618187081322193,0.618187081322193,0.3090935406794648,True
3906,UBCF,10,2,0.2,28.023986357443068,28.023986357443068,14.01199605679436,True
3907,CBF,10,1,0.1,,0.0,,True
3907,UBCF,10,1,0.1,,0.0,,True
3908,CBF,10,1,0.1,,0.0,,True
3908,UBCF,10,1,0.1,,0.0,,True
3909,CBF,10,1,0.1,,0.0,,True
3909,UBCF,10,1,0.1,,0.0,,True
3910,CBF,10,2,0.2,6.681125490125292,6.681125490125292,3.3405628053226177,True
3910,UBCF,10,1,0.1,,0.0,,True
3911,CBF,10,2,0.2,42.58985072810587,42.58985072810587,21.294941911813737,True
3911,UBCF,10,1,0.1,,0.0,,True
3912,CBF,10,1,0.1,,0.0,,True
3912,UBCF,10,2,0.2,32.52874473344892,32.52874473344892,16.264373376438158,True
3913,CBF,10,1,0.1,,0.0,,True
3913,UBCF,10,2,0.2,27.972552036849212,27.972552036849212,13.986278905543603,True
3914,CBF,10,1,0.1,,0.0,,True
3914,UBCF,10,1,0.1,,0.0,,True
3915,CBF,10,1,0.1,,0.0,,True
3915,UBCF,10,1,0.1,,0.0,,True
3916,CBF,10,2,0.2,39.68146350068155,39.68146350068155,19.840734382814126,True
3916,UBCF,10,2,0.2,6.324005324956843,6.324005324956843,3.162002681399092,True
3917,CBF,10,2,0.2,43.262588299701214,43.262588299701214,21.631301429361923,True
3917,UBCF,10,1,0.1,,0.0,,True
3918,CBF,10,2,0.2,43.262588299701214,43.262588299701214,21.631301429361923,True
3918,UBCF,10,1,0.1,,0.0,,True
3919,CBF,10,3,0.3,19.86916854607542,39.73833709215084,13.812411814634183,True
3919,UBCF,10,1,0.1,,0.0,,True
3920,CBF,10,1,0.1,,0.0,,True
3920,UBCF,10,1,0.1,,0.0,,True
3921,CBF,10,2,0.2,8.412640195690354,8.412640195690354,4.206320154926033,True
3921,UBCF,10,2,0.2,10.351160117462083,10.351160117462083,5.175580061801435,True
3922,CBF,10,2,0.2,1.5431923121318396,1.5431923121318396,0.7715961563145184,True
3922,UBCF,10,1,0.1,,0.0,,True
3923,CBF,10,2,0.2,1.5431923121318396,1.5431923121318396,0.7715961563145184,True
3923,UBCF,10,2,0.2,37.90428148972095,37.90428148972095,18.95215698491864,True
3924,CBF,10,4,0.4,26.7243388864777,80.1730166594331,20.997982841365136,True
3924,UBCF,10,1,0.1,,0.0,,True
3925,CBF,10,3,0.3,38.018461444091116,76.03692288818223,24.94602623208985,True
3925,UBCF,10,1,0.1,,0.0,,True
3926,CBF,10,1,0.1,,0.0,,True
3926,UBCF,10,1,0.1,,0.0,,True
3927,CBF,10,2,0.2,39.68146350068155,39.68146350068155,19.840734382814126,True
3927,UBCF,10,1,0.1,,0.0,,True
3928,CBF,10,1,0.1,,0.0,,True
3928,UBCF,10,1,0.1,,0.0,,True
3929,CBF,10,2,0.2,7.90812379907292,7.90812379907292,3.954061946399003,True
3929,UBCF,10,1,0.1,,0.0,,True
3930,CBF,10,2,0.2,1.5431923121318396,1.5431923121318396,0.7715961563145184,True
3930,UBCF,10,1,0.1,,0.0,,True
3931,CBF,10,1,0.1,,0.0,,True
3931,UBCF,10,1,0.1,,0.0,,True
3932,CBF,10,1,0.1,,0.0,,True
3932,UBCF,10,1,0.1,,0.0,,True
3933,CBF,10,1,0.1,,0.0,,True
3933,UBCF,10,2,0.2,37.90428148972095,37.90428148972095,18.95215698491864,True
3934,CBF,10,2,0.2,28.163648891291636,28.163648891291636,14.081829185081,True
3934,UBCF,10,1,0.1,,0.0,,True
3935,CBF,10,1,0.1,,0.0,,True
3935,UBCF,10,3,0.3,46.742821673007626,93.48564334601525,22.491845482861294,True
3936,CBF,10,4,0.4,28.71032259433223,86.13096778299669,29.674094462460836,True
3936,UBCF,10,1,0.1,,0.0,,True
3937,CBF,10,1,0.1,,0.0,,True
3937,UBCF,10,1,0.1,,0.0,,True
3938,CBF,10,2,0.2,1.851196413912366,1.851196413912366,0.9255982080141867,True
3938,UBCF,10,2,0.2,42.31944671414057,42.31944671414057,21.159730993153076,True
3939,CBF,10,2,0.2,25.265185917494716,25.265185917494716,12.63259656129079,True
3939,UBCF,10,1,0.1,,0.0,,True
3940,CBF,10,2,0.2,45.85743379833855,45.85743379833855,22.92871906581808,True
3940,UBCF,10,1,0.1,,0.0,,True
3941,CBF,10,2,0.2,4.127413100707732,4.127413100707732,2.063706557612347,True
3941,UBCF,10,1,0.1,,0.0,,True
3942,CBF,10,1,0.1,,0.0,,True
3942,UBCF,10,1,0.1,,0.0,,True
3943,CBF,10,3,0.3,5.2094405012046,10.4188810024092,3.7734193919112045,True
3943,UBCF,10,1,0.1,,0.0,,True
3944,CBF,10,2,0.2,33.214895727349095,33.214895727349095,16.60744789747381,True
3944,UBCF,10,1,0.1,,0.0,,True
3945,CBF,10,2,0.2,33.67692365322722,33.67692365322722,16.838466700408475,True
3945,UBCF,10,1,0.1,,0.0,,True
3946,CBF,10,1,0.1,,0.0,,True
3946,UBCF,10,1,0.1,,0.0,,True
3947,CBF,10,1,0.1,,0.0,,True
3947,UBCF,10,2,0.2,32.52874473344892,32.52874473344892,16.264373376438158,True
3948,CBF,10,2,0.2,43.262588299701214,43.262588299701214,21.631301429361923,True
3948,UBCF,10,1,0.1,,0.0,,True
3949,CBF,10,2,0.2,1.4317359571066377,1.4317359571066377,0.7158679788583666,True
3949,UBCF,10,1,0.1,,0.0,,True
3950,CBF,10,2,0.2,1.4317359571066377,1.4317359571066377,0.7158679788583666,True
3950,UBCF,10,1,0.1,,0.0,,True
3951,CBF,10,1,0.1,,0.0,,True
3951,UBCF,10,1,0.1,,0.0,,True
3952,CBF,10,1,0.1,,0.0,,True
3952,UBCF,10,1,0.1,,0.0,,True
3953,CBF,10,1,0.1,,0.0,,True
3953,UBCF,10,1,0.1,,0.0,,True
3954,CBF,10,1,0.1,,0.0,,True
3954,UBCF,10,1,0.1,,0.0,,True
3955,CBF,10,1,0.1,,0.0,,True
3955,UBCF,10,1,0.1,,0.0,,True
3956,CBF,10,2,0.2,7.90812379907292,7.90812379907292,3.954061946399003,True
3956,UBCF,10,1,0.1,,0.0,,True
3957,CBF,10,1,0.1,,0.0,,True
3957,UBCF,10,1,0.1,,0.0,,True
3958,CBF,10,2,0.2,43.262588299701214,43.262588299701214,21.631301429361923,True
3958,UBCF,10,1,0.1,,0.0,,True
3959,CBF,10,2,0.2,1.4317359571066377,1.4317359571066377,0.7158679788583666,True
3959,UBCF,10,1,0.1,,0.0,,True
3960,CBF,10,3,0.3,29.551415178475974,59.10283035695195,23.225886950306606,True
3960,UBCF,10,1,0.1,,0.0,,True
3961,CBF,10,3,0.3,51.71236007998358,103.42472015996717,27.314473332598265,True
3961,UBCF,10,2,0.2,37.90428148972095,37.90428148972095,18.95215698491864,True
3962,CBF,10,2,0.2,43.262588299701214,43.262588299701214,21.631301429361923,True
3962,UBCF,10,1,0.1,,0.0,,True
3963,CBF,10,1,0.1,,0.0,,True
3963,UBCF,10,2,0.2,20.56227028829262,20.56227028829262,10.281135193399617,True
3964,CBF,10,1,0.1,,0.0,,True
3964,UBCF,10,1,0.1,,0.0,,True
3965,CBF,10,3,0.3,17.422387190708463,34.844774381416926,13.984483048124067,True
3965,UBCF,10,2,0.2,37.90428148972095,37.90428148972095,18.95215698491864,True
3966,CBF,10,1,0.1,,0.0,,True
3966,UBCF,10,2,0.2,32.52874473344892,32.52874473344892,16.264373376438158,True
3967,CBF,10,1,0.1,,0.0,,True
3967,UBCF,10,1,0.1,,0.0,,True
3968,CBF,10,2,0.2,43.262588299701214,43.262588299701214,21.631301429361923,True
3968,UBCF,10,1,0.1,,0.0,,True
3969,CBF,10,2,0.2,39.131166621556076,39.131166621556076,19.565591509610922,True
3969,UBCF,10,1,0.1,,0.0,,True
3970,CBF,10,4,0.4,8.492972126073521,25.478916378220564,5.660320165797156,True
3970,UBCF,10,2,0.2,43.06789496829618,43.06789496829618,21.53394824722954,True
3971,CBF,10,2,0.2,28.163648891291636,28.163648891291636,14.081829185081,True
3971,UBCF,10,1,0.1,,0.0,,True
3972,CBF,10,1,0.1,,0.0,,True
3972,UBCF,10,2,0.2,11.749728398231753,11.749728398231753,5.874864397864018,True
3973,CBF,10,1,0.1,,0.0,,True
3973,UBCF,10,1,0.1,,0.0,,True
3974,CBF,10,2,0.2,14.993686438360292,14.993686438360292,7.496844321734191,True
3974,UBCF,10,1,0.1,,0.0,,True
3975,CBF,10,1,0.1,,0.0,,True
3975,UBCF,10,2,0.2,10.351160117462083,10.351160117462083,5.175580061801435,True
3976,CBF,10,1,0.1,,0.0,,True
3976,UBCF,10,1,0.1,,0.0,,True
3977,CBF,10,1,0.1,,0.0,,True
3977,UBCF,10,1,0.1,,0.0,,True
3978,CBF,10,1,0.1,,0.0,,True
3978,UBCF,10,1,0.1,,0.0,,True
3979,CBF,10,2,0.2,1.4317359571066377,1.4317359571066377,0.7158679788583666,True
3979,UBCF,10,1,0.1,,0.0,,True
3980,CBF,10,1,0.1,,0.0,,True
3980,UBCF,10,1,0.1,,0.0,,True
3981,CBF,10,2,0.2,27.972552036849212,27.972552036849212,13.986278905543603,True
3981,UBCF,10,1,0.1,,0.0,,True
3982,CBF,10,2,0.2,0.618187081322193,0.618187081322193,0.3090935406794648,True
3982,UBCF,10,1,0.1,,0.0,,True
3983,CBF,10,1,0.1,,0.0,,True
3983,UBCF,10,1,0.1,,0.0,,True
3984,CBF,10,1,0.1,,0.0,,True
3984,UBCF,10,1,0.1,,0.0,,True
3985,CBF,10,1,0.1,,0.0,,True
3985,UBCF,10,1,0.1,,0.0,,True
3986,CBF,10,1,0.1,,0.0,,True
3986,UBCF,10,1,0.1,,0.0,,True
3987,CBF,10,1,0.1,,0.0,,True
3987,UBCF,10,1,0.1,,0.0,,True
3988,CBF,10,2,0.2,31.333619557003377,31.333619557003377,15.66681080952694,True
3988,UBCF,10,1,0.1,,0.0,,True
3989,CBF,10,2,0.2,1.4317359571066377,1.4317359571066377,0.7158679788583666,True
3989,UBCF,10,1,0.1,,0.0,,True
3990,CBF,10,2,0.2,33.67692365322722,33.67692365322722,16.838466700408475,True
3990,UBCF,10,1,0.1,,0.0,,True
3991,CBF,10,1,0.1,,0.0,,True
3991,UBCF,10,2,0.2,37.90428148972095,37.90428148972095,18.95215698491864,True
3992,CBF,10,1,0.1,,0.0,,True
3992,UBCF,10,1,0.1,,0.0,,True
3993,CBF,10,1,0.1,,0.0,,True
3993,UBCF,10,1,0.1,,0.0,,True
3994,CBF,10,2,0.2,43.262588299701214,43.262588299701214,21.631301429361923,True
3994,UBCF,10,1,0.1,,0.0,,True
3995,CBF,10,1,0.1,,0.0,,True
3995,UBCF,10,1,0.1,,0.0,,True
3997,CBF,10,2,0.2,28.163648891291636,28.163648891291636,14.081829185081,True
3997,UBCF,10,1,0.1,,0.0,,True
3998,CBF,10,2,0.2,1.5431923121318396,1.5431923121318396,0.7715961563145184,True
3998,UBCF,10,1,0.1,,0.0,,True
4000,CBF,10,2,0.2,38.54334327738816,38.54334327738816,19.27168404100997,True
4000,UBCF,10,1,0.1,,0.0,,True
4001,CBF,10,2,0.2,27.972552036849212,27.972552036849212,13.986278905543603,True
4001,UBCF,10,2,0.2,10.351160117462083,10.351160117462083,5.175580061801435,True
4002,CBF,10,2,0.2,27.972552036849212,27.972552036849212,13.986278905543603,True
4002,UBCF,10,1,0.1,,0.0,,True
4003,CBF,10,1,0.1,,0.0,,True
4003,UBCF,10,1,0.1,,0.0,,True
4004,CBF,10,2,0.2,19.747511248130476,19.747511248130476,9.873756747959575,True
4004,UBCF,10,1,0.1,,0.0,,True
4005,CBF,10,2,0.2,27.972552036849212,27.972552036849212,13.986278905543603,True
4005,UBCF,10,2,0.2,20.56227028829262,20.56227028829262,10.281135193399617,True
4006,CBF,10,4,0.4,41.24034221254036,123.7210266376211,22.29489869174447,True
4006,UBCF,10,2,0.2,32.156236140329234,32.156236140329234,16.078123042774006,True
4007,CBF,10,2,0.2,1.4520848238930628,1.4520848238930628,0.7260424121934375,True
4007,UBCF,10,1,0.1,,0.0,,True
4008,CBF,10,2,0.2,1.4317359571066377,1.4317359571066377,0.7158679788583666,True
4008,UBCF,10,1,0.1,,0.0,,True
4009,CBF,10,1,0.1,,0.0,,True
4009,UBCF,10,1,0.1,,0.0,,True
4010,CBF,10,3,0.3,10.66612670445373,21.33225340890746,6.855558252398129,True
4010,UBCF,10,1,0.1,,0.0,,True
4011,CBF,10,2,0.2,2.5220962677795558,2.5220962677795558,1.261048136979631,True
4011,UBCF,10,1,0.1,,0.0,,True
4012,CBF,10,2,0.2,23.42832637973626,23.42832637973626,11.71416658667128,True
4012,UBCF,10,1,0.1,,0.0,,True
4013,CBF,10,1,0.1,,0.0,,True
4013,UBCF,10,1,0.1,,0.0,,True
4015,CBF,10,2,0.2,1.4317359571066377,1.4317359571066377,0.7158679788583666,True
4015,UBCF,10,2,0.2,20.56227028829262,20.56227028829262,10.281135193399617,True
4016,CBF,10,4,0.4,26.7243388864777,80.1730166594331,20.997982841365136,True
4016,UBCF,10,1,0.1,,0.0,,True
4017,CBF,10,2,0.2,39.68146350068155,39.68146350068155,19.840734382814126,True
4017,UBCF,10,1,0.1,,0.0,,True
4018,CBF,10,2,0.2,27.656589283890874,27.656589283890874,13.828301855562042,True
4018,UBCF,10,1,0.1,,0.0,,True
4019,CBF,10,4,0.4,32.641037069523925,97.92311120857178,21.945326027907686,True
4019,UBCF,10,1,0.1,,0.0,,True
4020,CBF,10,2,0.2,27.972552036849212,27.972552036849212,13.986278905543603,True
4020,UBCF,10,1,0.1,,0.0,,True
4021,CBF,10,4,0.4,6.858506222543423,20.57551866763027,7.090586067054378,True
4021,UBCF,10,1,0.1,,0.0,,True
4022,CBF,10,1,0.1,,0.0,,True
4022,UBCF,10,1,0.1,,0.0,,True
4023,CBF,10,2,0.2,29.15869940542207,29.15869940542207,14.579355363761266,True
4023,UBCF,10,1,0.1,,0.0,,True
4024,CBF,10,1,0.1,,0.0,,True
4024,UBCF,10,1,0.1,,0.0,,True
4025,CBF,10,2,0.2,44.6387353025896,44.6387353025896,22.319382584751814,True
4025,UBCF,10,1,0.1,,0.0,,True
4026,CBF,10,2,0.2,1.4520848238930628,1.4520848238930628,0.7260424121934375,True
4026,UBCF,10,1,0.1,,0.0,,True
4027,CBF,10,1,0.1,,0.0,,True
4027,UBCF,10,1,0.1,,0.0,,True
4028,CBF,10,1,0.1,,0.0,,True
4028,UBCF,10,1,0.1,,0.0,,True
4029,CBF,10,1,0.1,,0.0,,True
4029,UBCF,10,2,0.2,37.90428148972095,37.90428148972095,18.95215698491864,True
4030,CBF,10,2,0.2,27.972552036849212,27.972552036849212,13.986278905543603,True
4030,UBCF,10,1,0.1,,0.0,,True
4031,CBF,10,2,0.2,35.32312498770699,35.32312498770699,17.661569595164398,True
4031,UBCF,10,1,0.1,,0.0,,True
4032,CBF,10,4,0.4,12.857815033638026,38.57344510091408,11.870524227910911,True
4032,UBCF,10,1,0.1,,0.0,,True
4033,CBF,10,2,0.2,39.884336960417365,39.884336960417365,19.94216859195539,True
4033,UBCF,10,2,0.2,37.90428148972095,37.90428148972095,18.95215698491864,True
4034,CBF,10,2,0.2,43.262588299701214,43.262588299701214,21.631301429361923,True
4034,UBCF,10,1,0.1,,0.0,,True
4035,CBF,10,3,0.3,17.422387190708463,34.844774381416926,13.984483048124067,True
4035,UBCF,10,1,0.1,,0.0,,True
4036,CBF,10,2,0.2,20.441397917095234,20.441397917095234,10.220701636237614,True
4036,UBCF,10,2,0.2,37.90428148972095,37.90428148972095,18.95215698491864,True
4037,CBF,10,3,0.3,36.01495180206175,72.0299036041235,23.225886950306606,True
4037,UBCF,10,1,0.1,,0.0,,True
4038,CBF,10,1,0.1,,0.0,,True
4038,UBCF,10,1,0.1,,0.0,,True
4039,CBF,10,2,0.2,1.4317359571066377,1.4317359571066377,0.7158679788583666,True
4039,UBCF,10,2,0.2,20.56227028829262,20.56227028829262,10.281135193399617,True
4040,CBF,10,1,0.1,,0.0,,True
4040,UBCF,10,2,0.2,27.972552036849212,27.972552036849212,13.986278905543603,True
4041,CBF,10,2,0.2,43.50817815473331,43.50817815473331,21.754100831478382,True
4041,UBCF,10,1,0.1,,0.0,,True
4042,CBF,10,2,0.2,27.972552036849212,27.972552036849212,13.986278905543603,True
4042,UBCF,10,1,0.1,,0.0,,True
4043,CBF,10,2,0.2,1.4520848238930628,1.4520848238930628,0.7260424121934375,True
4043,UBCF,10,1,0.1,,0.0,,True
4044,CBF,10,1,0.1,,0.0,,True
4044,UBCF,10,1,0.1,,0.0,,True
4045,CBF,10,2,0.2,15.615557281864454,15.615557281864454,7.807779207932764,True
4045,UBCF,10,1,0.1,,0.0,,True
4046,CBF,10,2,0.2,20.357530189223063,20.357530189223063,10.178765101099387,True
4046,UBCF,10,1,0.1,,0.0,,True
4047,CBF,10,2,0.2,36.24007716797648,36.24007716797648,18.12004609756425,True
4047,UBCF,10,1,0.1,,0.0,,True
4048,CBF,10,2,0.2,28.163648891291636,28.163648891291636,14.081829185081,True
4048,UBCF,10,2,0.2,42.31944671414057,42.31944671414057,21.159730993153076,True
4049,CBF,10,1,0.1,,0.0,,True
4049,UBCF,10,1,0.1,,0.0,,True
4050,CBF,10,1,0.1,,0.0,,True
4050,UBCF,10,2,0.2,37.90428148972095,37.90428148972095,18.95215698491864,True
4051,CBF,10,2,0.2,1.4317359571066377,1.4317359571066377,0.7158679788583666,True
4051,UBCF,10,1,0.1,,0.0,,True
4052,CBF,10,1,0.1,,0.0,,True
4052,UBCF,10,1,0.1,,0.0,,True
4053,CBF,10,1,0.1,,0.0,,True
4053,UBCF,10,1,0.1,,0.0,,True
4054,CBF,10,3,0.3,16.962779864591603,33.925559729183206,14.670392701795173,True
4054,UBCF,10,2,0.2,11.749728398231753,11.749728398231753,5.874864397864018,True
4055,CBF,10,2,0.2,32.501727533605106,32.501727533605106,16.250863767116847,True
4055,UBCF,10,1,0.1,,0.0,,True
4056,CBF,10,2,0.2,1.4317359571066377,1.4317359571066377,0.7158679788583666,True
4056,UBCF,10,1,0.1,,0.0,,True
4057,CBF,10,2,0.2,47.42548488878177,47.42548488878177,23.712758341755357,True
4057,UBCF,10,1,0.1,,0.0,,True
4058,CBF,10,2,0.2,1.5156689175409355,1.5156689175409355,0.7578344591212706,True
4058,UBCF,10,1,0.1,,0.0,,True
4059,CBF,10,4,0.4,20.200224948969797,60.60067484690939,20.68446155834047,True
4059,UBCF,10,1,0.1,,0.0,,True
4060,CBF,10,2,0.2,1.4520848238930628,1.4520848238930628,0.7260424121934375,True
4060,UBCF,10,1,0.1,,0.0,,True
4061,CBF,10,2,0.2,42.58985072810587,42.58985072810587,21.294941911813737,True
4061,UBCF,10,1,0.1,,0.0,,True
4062,CBF,10,3,0.3,10.66612670445373,21.33225340890746,6.855558252398129,True
4062,UBCF,10,1,0.1,,0.0,,True
4063,CBF,10,2,0.2,44.349603778744005,44.349603778744005,22.174804026425637,True
4063,UBCF,10,1,0.1,,0.0,,True
4064,CBF,10,2,0.2,1.5156689175409355,1.5156689175409355,0.7578344591212706,True
4064,UBCF,10,1,0.1,,0.0,,True
4065,CBF,10,1,0.1,,0.0,,True
4065,UBCF,10,1,0.1,,0.0,,True
4066,CBF,10,2,0.2,28.163648891291636,28.163648891291636,14.081829185081,True
4066,UBCF,10,1,0.1,,0.0,,True
4067,CBF,10,2,0.2,43.262588299701214,43.262588299701214,21.631301429361923,True
4067,UBCF,10,2,0.2,37.90428148972095,37.90428148972095,18.95215698491864,True
4068,CBF,10,2,0.2,29.15869940542207,29.15869940542207,14.579355363761266,True
4068,UBCF,10,2,0.2,27.972552036849212,27.972552036849212,13.986278905543603,True
4069,CBF,10,1,0.1,,0.0,,True
4069,UBCF,10,1,0.1,,0.0,,True
4070,CBF,10,3,0.3,25.208350045598984,50.41670009119797,17.776573050013106,True
4070,UBCF,10,1,0.1,,0.0,,True
4071,CBF,10,2,0.2,1.4317359571066377,1.4317359571066377,0.7158679788583666,True
4071,UBCF,10,1,0.1,,0.0,,True
4072,CBF,10,2,0.2,1.5431923121318396,1.5431923121318396,0.7715961563145184,True
4072,UBCF,10,1,0.1,,0.0,,True
4073,CBF,10,1,0.1,,0.0,,True
4073,UBCF,10,1,0.1,,0.0,,True
4074,CBF,10,1,0.1,,0.0,,True
4074,UBCF,10,1,0.1,,0.0,,True
4075,CBF,10,1,0.1,,0.0,,True
4075,UBCF,10,1,0.1,,0.0,,True
4076,CBF,10,1,0.1,,0.0,,True
4076,UBCF,10,1,0.1,,0.0,,True
4077,CBF,10,2,0.2,1.5431923121318396,1.5431923121318396,0.7715961563145184,True
4077,UBCF,10,1,0.1,,0.0,,True
4078,CBF,10,1,0.1,,0.0,,True
4078,UBCF,10,1,0.1,,0.0,,True
4079,CBF,10,2,0.2,33.67692365322722,33.67692365322722,16.838466700408475,True
4079,UBCF,10,1,0.1,,0.0,,True
4080,CBF,10,2,0.2,1.4317359571066377,1.4317359571066377,0.7158679788583666,True
4080,UBCF,10,1,0.1,,0.0,,True
4081,CBF,10,2,0.2,19.380806902927784,19.380806902927784,9.690404897837317,True
4081,UBCF,10,1,0.1,,0.0,,True
4082,CBF,10,2,0.2,28.163648891291636,28.163648891291636,14.081829185081,True
4082,UBCF,10,1,0.1,,0.0,,True
4083,CBF,10,4,0.4,21.145087507781753,63.43526252334526,22.31897476663167,True
4083,UBCF,10,1,0.1,,0.0,,True
4084,CBF,10,1,0.1,,0.0,,True
4084,UBCF,10,1,0.1,,0.0,,True
4085,CBF,10,3,0.3,12.426764073373096,24.853528146746193,9.141407590967168,True
4085,UBCF,10,1,0.1,,0.0,,True
4086,CBF,10,4,0.4,21.076747819219893,63.23024345765968,20.997982841365136,True
4086,UBCF,10,1,0.1,,0.0,,True
4087,CBF,10,2,0.2,28.163648891291636,28.163648891291636,14.081829185081,True
4087,UBCF,10,1,0.1,,0.0,,True
4088,CBF,10,2,0.2,27.972552036849212,27.972552036849212,13.986278905543603,True
4088,UBCF,10,1,0.1,,0.0,,True
4089,CBF,10,1,0.1,,0.0,,True
4089,UBCF,10,1,0.1,,0.0,,True
4090,CBF,10,1,0.1,,0.0,,True
4090,UBCF,10,2,0.2,27.972552036849212,27.972552036849212,13.986278905543603,True
4091,CBF,10,2,0.2,47.42548488878177,47.42548488878177,23.712758341755357,True
4091,UBCF,10,1,0.1,,0.0,,True
4092,CBF,10,4,0.4,26.7243388864777,80.1730166594331,20.997982841365136,True
4092,UBCF,10,1,0.1,,0.0,,True
4093,CBF,10,2,0.2,28.163648891291636,28.163648891291636,14.081829185081,True
4093,UBCF,10,1,0.1,,0.0,,True
4094,CBF,10,2,0.2,43.262588299701214,43.262588299701214,21.631301429361923,True
4094,UBCF,10,1,0.1,,0.0,,True
4095,CBF,10,2,0.2,36.95030145716297,36.95030145716297,18.475162296203045,True
4095,UBCF,10,1,0.1,,0.0,,True
4097,CBF,10,2,0.2,1.4520848238930628,1.4520848238930628,0.7260424121934375,True
4097,UBCF,10,1,0.1,,0.0,,True
4098,CBF,10,2,0.2,28.163648891291636,28.163648891291636,14.081829185081,True
4098,UBCF,10,2,0.2,37.90428148972095,37.90428148972095,18.95215698491864,True
4099,CBF,10,2,0.2,43.262588299701214,43.262588299701214,21.631301429361923,True
4099,UBCF,10,1,0.1,,0.0,,True
4100,CBF,10,1,0.1,,0.0,,True
4100,UBCF,10,1,0.1,,0.0,,True
4101,CBF,10,2,0.2,27.972552036849212,27.972552036849212,13.986278905543603,True
4101,UBCF,10,1,0.1,,0.0,,True
4102,CBF,10,2,0.2,5.789329348107327,5.789329348107327,2.894664705992363,True
4102,UBCF,10,1,0.1,,0.0,,True
4103,CBF,10,2,0.2,8.966796178516137,8.966796178516137,4.483398160676603,True
4103,UBCF,10,1,0.1,,0.0,,True
4104,CBF,10,1,0.1,,0.0,,True
4104,UBCF,10,2,0.2,32.52874473344892,32.52874473344892,16.264373376438158,True
4105,CBF,10,2,0.2,42.44178176346214,42.44178176346214,21.2209017546911,True
4105,UBCF,10,2,0.2,28.023986357443068,28.023986357443068,14.01199605679436,True
4106,CBF,10,1,0.1,,0.0,,True
4106,UBCF,10,1,0.1,,0.0,,True
4107,CBF,10,2,0.2,27.972552036849212,27.972552036849212,13.986278905543603,True
4107,UBCF,10,1,0.1,,0.0,,True
4108,CBF,10,4,0.4,32.83670095856679,98.51010287570035,28.050212518208472,True
4108,UBCF,10,1,0.1,,0.0,,True
4109,CBF,10,2,0.2,7.90812379907292,7.90812379907292,3.954061946399003,True
4109,UBCF,10,1,0.1,,0.0,,True
4110,CBF,10,4,0.4,21.003104375610462,63.00931312683139,20.671378394826974,True
4110,UBCF,10,1,0.1,,0.0,,True
4111,CBF,10,3,0.3,33.20085757433042,66.40171514866084,23.427638132482766,True
4111,UBCF,10,2,0.2,42.77785730491934,42.77785730491934,21.388941059543654,True
4112,CBF,10,1,0.1,,0.0,,True
4112,UBCF,10,1,0.1,,0.0,,True
4113,CBF,10,1,0.1,,0.0,,True
4113,UBCF,10,1,0.1,,0.0,,True
4114,CBF,10,1,0.1,,0.0,,True
4114,UBCF,10,1,0.1,,0.0,,True
4115,CBF,10,1,0.1,,0.0,,True
4115,UBCF,10,1,0.1,,0.0,,True
4116,CBF,10,2,0.2,28.163648891291636,28.163648891291636,14.081829185081,True
4116,UBCF,10,1,0.1,,0.0,,True
4117,CBF,10,2,0.2,1.5156689175409355,1.5156689175409355,0.7578344591212706,True
4117,UBCF,10,1,0.1,,0.0,,True
4118,CBF,10,2,0.2,20.357530189223063,20.357530189223063,10.178765101099387,True
4118,UBCF,10,1,0.1,,0.0,,True
4119,CBF,10,2,0.2,45.76874505995922,45.76874505995922,22.88438506416864,True
4119,UBCF,10,1,0.1,,0.0,,True
4120,CBF,10,2,0.2,19.380806902927784,19.380806902927784,9.690404897837317,True
4120,UBCF,10,1,0.1,,0.0,,True
4121,CBF,10,3,0.3,14.901906799656919,29.803813599313838,12.386229006732073,True
4121,UBCF,10,1,0.1,,0.0,,True
4122,CBF,10,1,0.1,,0.0,,True
4122,UBCF,10,1,0.1,,0.0,,True
4123,CBF,10,2,0.2,2.3181081257908294,2.3181081257908294,1.1590540648649006,True
4123,UBCF,10,1,0.1,,0.0,,True
4124,CBF,10,2,0.2,1.4520848238930628,1.4520848238930628,0.7260424121934375,True
4124,UBCF,10,2,0.2,11.749728398231753,11.749728398231753,5.874864397864018,True
4125,CBF,10,1,0.1,,0.0,,True
4125,UBCF,10,1,0.1,,0.0,,True
4126,CBF,10,1,0.1,,0.0,,True
4126,UBCF,10,1,0.1,,0.0,,True
4127,CBF,10,2,0.2,43.262588299701214,43.262588299701214,21.631301429361923,True
4127,UBCF,10,1,0.1,,0.0,,True
4128,CBF,10,2,0.2,1.5156689175409355,1.5156689175409355,0.7578344591212706,True
4128,UBCF,10,1,0.1,,0.0,,True
4129,CBF,10,2,0.2,33.67692365322722,33.67692365322722,16.838466700408475,True
4129,UBCF,10,1,0.1,,0.0,,True
4130,CBF,10,2,0.2,19.802199491474596,19.802199491474596,9.901100073718258,True
4130,UBCF,10,1,0.1,,0.0,,True
4131,CBF,10,2,0.2,39.89544829710059,39.89544829710059,19.947732443611972,True
4131,UBCF,10,1,0.1,,0.0,,True
4132,CBF,10,2,0.2,1.4317359571066377,1.4317359571066377,0.7158679788583666,True
4132,UBCF,10,1,0.1,,0.0,,True
4133,CBF,10,2,0.2,27.972552036849212,27.972552036849212,13.986278905543603,True
4133,UBCF,10,2,0.2,32.52874473344892,32.52874473344892,16.264373376438158,True
4134,CBF,10,2,0.2,27.972552036849212,27.972552036849212,13.986278905543603,True
4134,UBCF,10,1,0.1,,0.0,,True
4135,CBF,10,2,0.2,33.67692365322722,33.67692365322722,16.838466700408475,True
4135,UBCF,10,1,0.1,,0.0,,True
4136,CBF,10,3,0.3,54.20315480682549,108.40630961365098,26.65203969884985,True
4136,UBCF,10,1,0.1,,0.0,,True
4137,CBF,10,1,0.1,,0.0,,True
4137,UBCF,10,1,0.1,,0.0,,True
4138,CBF,10,2,0.2,29.15869940542207,29.15869940542207,14.579355363761266,True
4138,UBCF,10,1,0.1,,0.0,,True
4139,CBF,10,1,0.1,,0.0,,True
4139,UBCF,10,1,0.1,,0.0,,True
4140,CBF,10,1,0.1,,0.0,,True
4140,UBCF,10,1,0.1,,0.0,,True
4141,CBF,10,1,0.1,,0.0,,True
4141,UBCF,10,1,0.1,,0.0,,True
4142,CBF,10,1,0.1,,0.0,,True
4142,UBCF,10,2,0.2,37.90428148972095,37.90428148972095,18.95215698491864,True
4143,CBF,10,1,0.1,,0.0,,True
4143,UBCF,10,1,0.1,,0.0,,True
4144,CBF,10,2,0.2,1.5156689175409355,1.5156689175409355,0.7578344591212706,True
4144,UBCF,10,1,0.1,,0.0,,True
4145,CBF,10,2,0.2,1.4520848238930628,1.4520848238930628,0.7260424121934375,True
4145,UBCF,10,1,0.1,,0.0,,True
4146,CBF,10,1,0.1,,0.0,,True
4146,UBCF,10,1,0.1,,0.0,,True
4147,CBF,10,2,0.2,3.7905621299963252,3.7905621299963252,1.895281068401572,True
4147,UBCF,10,1,0.1,,0.0,,True
4148,CBF,10,3,0.3,7.97110925624605,15.9422185124921,5.865961681263765,True
4148,UBCF,10,3,0.3,56.2920521663736,112.5841043327472,28.708511163625516,True
4149,CBF,10,1,0.1,,0.0,,True
4149,UBCF,10,1,0.1,,0.0,,True
4150,CBF,10,2,0.2,17.82423193742532,17.82423193742532,8.912116066560213,True
4150,UBCF,10,1,0.1,,0.0,,True
4151,CBF,10,1,0.1,,0.0,,True
4151,UBCF,10,1,0.1,,0.0,,True
4152,CBF,10,3,0.3,15.733591411112258,31.467182822224515,12.498526438558054,True
4152,UBCF,10,1,0.1,,0.0,,True
4153,CBF,10,1,0.1,,0.0,,True
4153,UBCF,10,1,0.1,,0.0,,True
4154,CBF,10,1,0.1,,0.0,,True
4154,UBCF,10,1,0.1,,0.0,,True
4155,CBF,10,1,0.1,,0.0,,True
4155,UBCF,10,1,0.1,,0.0,,True
4156,CBF,10,1,0.1,,0.0,,True
4156,UBCF,10,1,0.1,,0.0,,True
4157,CBF,10,3,0.3,39.05328904591443,78.10657809182887,22.70958043158625,True
4157,UBCF,10,1,0.1,,0.0,,True
4158,CBF,10,1,0.1,,0.0,,True
4158,UBCF,10,1,0.1,,0.0,,True
4159,CBF,10,1,0.1,,0.0,,True
4159,UBCF,10,1,0.1,,0.0,,True
4160,CBF,10,1,0.1,,0.0,,True
4160,UBCF,10,1,0.1,,0.0,,True
4161,CBF,10,1,0.1,,0.0,,True
4161,UBCF,10,1,0.1,,0.0,,True
4162,CBF,10,4,0.4,20.881251133884604,62.64375340165381,13.445940986428974,True
4162,UBCF,10,2,0.2,37.90428148972095,37.90428148972095,18.95215698491864,True
4163,CBF,10,1,0.1,,0.0,,True
4163,UBCF,10,1,0.1,,0.0,,True
4164,CBF,10,2,0.2,39.89544829710059,39.89544829710059,19.947732443611972,True
4164,UBCF,10,1,0.1,,0.0,,True
4165,CBF,10,1,0.1,,0.0,,True
4165,UBCF,10,1,0.1,,0.0,,True
4166,CBF,10,2,0.2,27.972552036849212,27.972552036849212,13.986278905543603,True
4166,UBCF,10,1,0.1,,0.0,,True
4167,CBF,10,1,0.1,,0.0,,True
4167,UBCF,10,1,0.1,,0.0,,True
4168,CBF,10,1,0.1,,0.0,,True
4168,UBCF,10,1,0.1,,0.0,,True
4169,CBF,10,2,0.2,1.4520848238930628,1.4520848238930628,0.7260424121934375,True
4169,UBCF,10,1,0.1,,0.0,,True
4170,CBF,10,2,0.2,39.245429755089575,39.245429755089575,19.622723579412103,True
4170,UBCF,10,1,0.1,,0.0,,True
4171,CBF,10,2,0.2,1.4317359571066377,1.4317359571066377,0.7158679788583666,True
4171,UBCF,10,1,0.1,,0.0,,True
4172,CBF,10,1,0.1,,0.0,,True
4172,UBCF,10,2,0.2,10.351160117462083,10.351160117462083,5.175580061801435,True
4173,CBF,10,2,0.2,27.972552036849212,27.972552036849212,13.986278905543603,True
4173,UBCF,10,1,0.1,,0.0,,True
4174,CBF,10,1,0.1,,0.0,,True
4174,UBCF,10,1,0.1,,0.0,,True
4175,CBF,10,1,0.1,,0.0,,True
4175,UBCF,10,1,0.1,,0.0,,True
4176,CBF,10,1,0.1,,0.0,,True
4176,UBCF,10,2,0.2,37.90428148972095,37.90428148972095,18.95215698491864,True
4177,CBF,10,1,0.1,,0.0,,True
4177,UBCF,10,1,0.1,,0.0,,True
4178,CBF,10,2,0.2,28.163648891291636,28.163648891291636,14.081829185081,True
4178,UBCF,10,1,0.1,,0.0,,True
4179,CBF,10,1,0.1,,0.0,,True
4179,UBCF,10,1,0.1,,0.0,,True
4180,CBF,10,2,0.2,16.697975504138498,16.697975504138498,8.348989044987428,True
4180,UBCF,10,1,0.1,,0.0,,True
4181,CBF,10,1,0.1,,0.0,,True
4181,UBCF,10,1,0.1,,0.0,,True
4182,CBF,10,1,0.1,,0.0,,True
4182,UBCF,10,1,0.1,,0.0,,True
4183,CBF,10,2,0.2,27.972552036849212,27.972552036849212,13.986278905543603,True
4183,UBCF,10,1,0.1,,0.0,,True
4184,CBF,10,2,0.2,2.3181081257908294,2.3181081257908294,1.1590540648649006,True
4184,UBCF,10,2,0.2,32.52874473344892,32.52874473344892,16.264373376438158,True
4185,CBF,10,4,0.4,36.25394183619542,108.76182550858627,20.806901713499663,True
4185,UBCF,10,1,0.1,,0.0,,True
4186,CBF,10,2,0.2,43.262588299701214,43.262588299701214,21.631301429361923,True
4186,UBCF,10,1,0.1,,0.0,,True
4187,CBF,10,1,0.1,,0.0,,True
4187,UBCF,10,1,0.1,,0.0,,True
4188,CBF,10,2,0.2,27.972552036849212,27.972552036849212,13.986278905543603,True
4188,UBCF,10,1,0.1,,0.0,,True
4189,CBF,10,2,0.2,40.228672888954705,40.228672888954705,20.11434745585511,True
4189,UBCF,10,1,0.1,,0.0,,True
4190,CBF,10,3,0.3,16.00286294846914,32.00572589693828,12.498526438558054,True
4190,UBCF,10,1,0.1,,0.0,,True
4191,CBF,10,1,0.1,,0.0,,True
4191,UBCF,10,1,0.1,,0.0,,True
4192,CBF,10,1,0.1,,0.0,,True
4192,UBCF,10,1,0.1,,0.0,,True
4193,CBF,10,2,0.2,28.163648891291636,28.163648891291636,14.081829185081,True
4193,UBCF,10,1,0.1,,0.0,,True
4194,CBF,10,2,0.2,38.54334327738816,38.54334327738816,19.27168404100997,True
4194,UBCF,10,1,0.1,,0.0,,True
4195,CBF,10,1,0.1,,0.0,,True
4195,UBCF,10,1,0.1,,0.0,,True
4196,CBF,10,1,0.1,,0.0,,True
4196,UBCF,10,1,0.1,,0.0,,True
4197,CBF,10,4,0.4,22.328899971465518,66.98669991439655,20.997982841365136,True
4197,UBCF,10,1,0.1,,0.0,,True
4198,CBF,10,2,0.2,42.22822694552316,42.22822694552316,21.114135944063108,True
4198,UBCF,10,1,0.1,,0.0,,True
4199,CBF,10,4,0.4,22.328899971465518,66.98669991439655,20.997982841365136,True
4199,UBCF,10,1,0.1,,0.0,,True
4200,CBF,10,3,0.3,8.787898476085292,17.575796952170585,6.855558252398272,True
4200,UBCF,10,1,0.1,,0.0,,True
4201,CBF,10,2,0.2,1.4317359571066377,1.4317359571066377,0.7158679788583666,True
4201,UBCF,10,2,0.2,37.90428148972095,37.90428148972095,18.95215698491864,True
4202,CBF,10,2,0.2,33.67692365322722,33.67692365322722,16.838466700408475,True
4202,UBCF,10,1,0.1,,0.0,,True
4203,CBF,10,2,0.2,0.20122348997240647,0.20122348997240647,0.10061174498735835,True
4203,UBCF,10,1,0.1,,0.0,,True
4204,CBF,10,1,0.1,,0.0,,True
4204,UBCF,10,1,0.1,,0.0,,True
4205,CBF,10,2,0.2,39.131166621556076,39.131166621556076,19.565591509610922,True
4205,UBCF,10,1,0.1,,0.0,,True
4206,CBF,10,1,0.1,,0.0,,True
4206,UBCF,10,1,0.1,,0.0,,True
4207,CBF,10,1,0.1,,0.0,,True
4207,UBCF,10,1,0.1,,0.0,,True
4208,CBF,10,1,0.1,,0.0,,True
4208,UBCF,10,1,0.1,,0.0,,True
4209,CBF,10,2,0.2,29.15869940542207,29.15869940542207,14.579355363761266,True
4209,UBCF,10,1,0.1,,0.0,,True
4210,CBF,10,3,0.3,29.64935507994172,59.29871015988344,18.503678006072736,True
4210,UBCF,10,1,0.1,,0.0,,True
4211,CBF,10,1,0.1,,0.0,,True
4211,UBCF,10,1,0.1,,0.0,,True
4212,CBF,10,1,0.1,,0.0,,True
4212,UBCF,10,1,0.1,,0.0,,True
4213,CBF,10,1,0.1,,0.0,,True
4213,UBCF,10,1,0.1,,0.0,,True
4214,CBF,10,4,0.4,29.36836572697817,88.10509718093451,16.76082571265017,True
4214,UBCF,10,2,0.2,37.90428148972095,37.90428148972095,18.95215698491864,True
4215,CBF,10,2,0.2,0.618187081322193,0.618187081322193,0.3090935406794648,True
4215,UBCF,10,1,0.1,,0.0,,True
4216,CBF,10,1,0.1,,0.0,,True
4216,UBCF,10,1,0.1,,0.0,,True
4217,CBF,10,2,0.2,35.047699610959974,35.047699610959974,17.52385828960975,True
4217,UBCF,10,2,0.2,37.90428148972095,37.90428148972095,18.95215698491864,True
4218,CBF,10,4,0.4,21.076747819219893,63.23024345765968,20.997982841365133,True
4218,UBCF,10,1,0.1,,0.0,,True
4219,CBF,10,2,0.2,8.966796178516137,8.966796178516137,4.483398160676603,True
4219,UBCF,10,1,0.1,,0.0,,True
4220,CBF,10,2,0.2,27.972552036849212,27.972552036849212,13.986278905543603,True
4220,UBCF,10,2,0.2,31.43542951846135,31.43542951846135,15.717719488393843,True
4221,CBF,10,1,0.1,,0.0,,True
4221,UBCF,10,2,0.2,48.054481419213076,48.054481419213076,24.027240711726357,True
4222,CBF,10,1,0.1,,0.0,,True
4222,UBCF,10,1,0.1,,0.0,,True
4223,CBF,10,2,0.2,27.972552036849212,27.972552036849212,13.986278905543603,True
4223,UBCF,10,1,0.1,,0.0,,True
4224,CBF,10,3,0.3,38.81877516953293,77.63755033906585,27.314473332598265,True
4224,UBCF,10,1,0.1,,0.0,,True
4225,CBF,10,2,0.2,39.884336960417365,39.884336960417365,19.94216859195539,True
4225,UBCF,10,1,0.1,,0.0,,True
4226,CBF,10,2,0.2,0.618187081322193,0.618187081322193,0.3090935406794648,True
4226,UBCF,10,1,0.1,,0.0,,True
4227,CBF,10,1,0.1,,0.0,,True
4227,UBCF,10,1,0.1,,0.0,,True
4228,CBF,10,4,0.4,26.7243388864777,80.1730166594331,20.997982841365136,True
4228,UBCF,10,1,0.1,,0.0,,True
4229,CBF,10,1,0.1,,0.0,,True
4229,UBCF,10,1,0.1,,0.0,,True
4230,CBF,10,1,0.1,,0.0,,True
4230,UBCF,10,1,0.1,,0.0,,True
4231,CBF,10,2,0.2,1.4520848238930628,1.4520848238930628,0.7260424121934375,True
4231,UBCF,10,1,0.1,,0.0,,True
4232,CBF,10,3,0.3,43.12277045346657,86.24554090693314,24.94602623208985,True
4232,UBCF,10,1,0.1,,0.0,,True
4233,CBF,10,2,0.2,28.163648891291636,28.163648891291636,14.081829185081,True
4233,UBCF,10,1,0.1,,0.0,,True
4234,CBF,10,2,0.2,28.163648891291636,28.163648891291636,14.081829185081,True
4234,UBCF,10,1,0.1,,0.0,,True
4235,CBF,10,3,0.3,29.253961518229833,58.507923036459665,21.212851599467935,True
4235,UBCF,10,1,0.1,,0.0,,True
4236,CBF,10,3,0.3,4.269579353667787,8.539158707335574,2.327805715396083,True
4236,UBCF,10,1,0.1,,0.0,,True
4237,CBF,10,2,0.2,27.972552036849212,27.972552036849212,13.986278905543603,True
4237,UBCF,10,2,0.2,10.351160117462083,10.351160117462083,5.175580061801435,True
4238,CBF,10,2,0.2,2.3181081257908294,2.3181081257908294,1.1590540648649006,True
4238,UBCF,10,1,0.1,,0.0,,True
4239,CBF,10,2,0.2,1.4317359571066377,1.4317359571066377,0.7158679788583666,True
4239,UBCF,10,1,0.1,,0.0,,True
4240,CBF,10,2,0.2,8.966796178516137,8.966796178516137,4.483398160676603,True
4240,UBCF,10,1,0.1,,0.0,,True
4241,CBF,10,4,0.4,24.019045158685444,72.05713547605633,24.19298585183889,True
4241,UBCF,10,1,0.1,,0.0,,True
4242,CBF,10,1,0.1,,0.0,,True
4242,UBCF,10,1,0.1,,0.0,,True
4243,CBF,10,1,0.1,,0.0,,True
4243,UBCF,10,2,0.2,32.52874473344892,32.52874473344892,16.264373376438158,True
4244,CBF,10,2,0.2,43.262588299701214,43.262588299701214,21.631301429361923,True
4244,UBCF,10,1,0.1,,0.0,,True
4245,CBF,10,3,0.3,38.018461444091116,76.03692288818223,24.94602623208985,True
4245,UBCF,10,1,0.1,,0.0,,True
4246,CBF,10,2,0.2,1.4317359571066377,1.4317359571066377,0.7158679788583666,True
4246,UBCF,10,1,0.1,,0.0,,True
4247,CBF,10,1,0.1,,0.0,,True
4247,UBCF,10,1,0.1,,0.0,,True
4248,CBF,10,2,0.2,8.492806526192252,8.492806526192252,4.246403326945568,True
4248,UBCF,10,1,0.1,,0.0,,True
4249,CBF,10,1,0.1,,0.0,,True
4249,UBCF,10,1,0.1,,0.0,,True
4250,CBF,10,2,0.2,28.163648891291636,28.163648891291636,14.081829185081,True
4250,UBCF,10,1,0.1,,0.0,,True
4251,CBF,10,2,0.2,1.5431923121318396,1.5431923121318396,0.7715961563145184,True
4251,UBCF,10,1,0.1,,0.0,,True
4252,CBF,10,4,0.4,30.345555923302857,91.03666776990858,25.772963808258666,True
4252,UBCF,10,1,0.1,,0.0,,True
4253,CBF,10,2,0.2,28.163648891291636,28.163648891291636,14.081829185081,True
4253,UBCF,10,1,0.1,,0.0,,True
4254,CBF,10,1,0.1,,0.0,,True
4254,UBCF,10,1,0.1,,0.0,,True
4255,CBF,10,3,0.3,20.311891254846106,40.62378250969221,13.39040572421795,True
4255,UBCF,10,1,0.1,,0.0,,True
4256,CBF,10,3,0.3,17.422387190708463,34.844774381416926,13.984483048124067,True
4256,UBCF,10,1,0.1,,0.0,,True
4257,CBF,10,1,0.1,,0.0,,True
4257,UBCF,10,1,0.1,,0.0,,True
4258,CBF,10,2,0.2,1.4317359571066377,1.4317359571066377,0.7158679788583666,True
4258,UBCF,10,1,0.1,,0.0,,True
4259,CBF,10,1,0.1,,0.0,,True
4259,UBCF,10,2,0.2,5.233050194623336,5.233050194623336,2.6165251180268063,True
4260,CBF,10,1,0.1,,0.0,,True
4260,UBCF,10,1,0.1,,0.0,,True
4261,CBF,10,2,0.2,28.163648891291636,28.163648891291636,14.081829185081,True
4261,UBCF,10,1,0.1,,0.0,,True
4262,CBF,10,2,0.2,47.42548488878177,47.42548488878177,23.712758341755357,True
4262,UBCF,10,1,0.1,,0.0,,True
4263,CBF,10,3,0.3,33.20085757433042,66.40171514866084,23.427638132482766,True
4263,UBCF,10,2,0.2,42.31944671414057,42.31944671414057,21.159730993153076,True
4264,CBF,10,2,0.2,33.67692365322722,33.67692365322722,16.838466700408475,True
4264,UBCF,10,1,0.1,,0.0,,True
4265,CBF,10,1,0.1,,0.0,,True
4265,UBCF,10,2,0.2,20.56227028829262,20.56227028829262,10.281135193399617,True
4266,CBF,10,2,0.2,1.5156689175409355,1.5156689175409355,0.7578344591212706,True
4266,UBCF,10,1,0.1,,0.0,,True
4267,CBF,10,1,0.1,,0.0,,True
4267,UBCF,10,1,0.1,,0.0,,True
4268,CBF,10,1,0.1,,0.0,,True
4268,UBCF,10,2,0.2,20.56227028829262,20.56227028829262,10.281135193399617,True
4269,CBF,10,2,0.2,6.7248568044950225,6.7248568044950225,3.3624284085941114,True
4269,UBCF,10,1,0.1,,0.0,,True
4270,CBF,10,2,0.2,15.331600980045696,15.331600980045696,7.665801087987717,True
4270,UBCF,10,1,0.1,,0.0,,True
4271,CBF,10,1,0.1,,0.0,,True
4271,UBCF,10,1,0.1,,0.0,,True
4272,CBF,10,1,0.1,,0.0,,True
4272,UBCF,10,1,0.1,,0.0,,True
4273,CBF,10,1,0.1,,0.0,,True
4273,UBCF,10,1,0.1,,0.0,,True
4274,CBF,10,2,0.2,12.122804876127761,12.122804876127761,6.061402969365908,True
4274,UBCF,10,1,0.1,,0.0,,True
4275,CBF,10,2,0.2,27.972552036849212,27.972552036849212,13.986278905543603,True
4275,UBCF,10,1,0.1,,0.0,,True
4276,CBF,10,2,0.2,43.262588299701214,43.262588299701214,21.631301429361923,True
4276,UBCF,10,1,0.1,,0.0,,True
4277,CBF,10,2,0.2,43.07938720561975,43.07938720561975,21.53969449295095,True
4277,UBCF,10,1,0.1,,0.0,,True
4278,CBF,10,1,0.1,,0.0,,True
4278,UBCF,10,1,0.1,,0.0,,True
4279,CBF,10,1,0.1,,0.0,,True
4279,UBCF,10,1,0.1,,0.0,,True
4280,CBF,10,4,0.4,24.019045158685444,72.05713547605633,24.192985851838642,True
4280,UBCF,10,1,0.1,,0.0,,True
4281,CBF,10,2,0.2,32.70568879807172,32.70568879807172,16.352846904750777,True
4281,UBCF,10,2,0.2,27.972552036849212,27.972552036849212,13.986278905543603,True
4282,CBF,10,2,0.2,39.884336960417365,39.884336960417365,19.94216859195539,True
4282,UBCF,10,1,0.1,,0.0,,True
4283,CBF,10,3,0.3,38.018461444091116,76.03692288818223,24.94602623208985,True
4283,UBCF,10,1,0.1,,0.0,,True
4284,CBF,10,1,0.1,,0.0,,True
4284,UBCF,10,1,0.1,,0.0,,True
4285,CBF,10,1,0.1,,0.0,,True
4285,UBCF,10,1,0.1,,0.0,,True
4286,CBF,10,1,0.1,,0.0,,True
4286,UBCF,10,1,0.1,,0.0,,True
4287,CBF,10,2,0.2,29.15869940542207,29.15869940542207,14.579355363761266,True
4287,UBCF,10,2,0.2,32.52874473344892,32.52874473344892,16.264373376438158,True
4288,CBF,10,4,0.4,19.90256498765533,59.707694962965995,16.083995679345257,True
4288,UBCF,10,1,0.1,,0.0,,True
4290,CBF,10,2,0.2,19.380806902927784,19.380806902927784,9.690404897837317,True
4290,UBCF,10,2,0.2,10.351160117462083,10.351160117462083,5.175580061801435,True
4291,CBF,10,4,0.4,22.328899971465518,66.98669991439655,20.997982841365136,True
4291,UBCF,10,1,0.1,,0.0,,True
4292,CBF,10,1,0.1,,0.0,,True
4292,UBCF,10,1,0.1,,0.0,,True
4293,CBF,10,4,0.4,26.7243388864777,80.1730166594331,20.997982841365136,True
4293,UBCF,10,1,0.1,,0.0,,True
4294,CBF,10,1,0.1,,0.0,,True
4294,UBCF,10,1,0.1,,0.0,,True
4295,CBF,10,2,0.2,1.4317359571066377,1.4317359571066377,0.7158679788583666,True
4295,UBCF,10,1,0.1,,0.0,,True
4296,CBF,10,2,0.2,39.89544829710059,39.89544829710059,19.947732443611972,True
4296,UBCF,10,1,0.1,,0.0,,True
4297,CBF,10,2,0.2,33.67692365322722,33.67692365322722,16.838466700408475,True
4297,UBCF,10,1,0.1,,0.0,,True
4298,CBF,10,1,0.1,,0.0,,True
4298,UBCF,10,1,0.1,,0.0,,True
4299,CBF,10,1,0.1,,0.0,,True
4299,UBCF,10,1,0.1,,0.0,,True
4300,CBF,10,1,0.1,,0.0,,True
4300,UBCF,10,1,0.1,,0.0,,True
4301,CBF,10,2,0.2,47.2904786604151,47.2904786604151,23.645251826609766,True
4301,UBCF,10,1,0.1,,0.0,,True
4302,CBF,10,1,0.1,,0.0,,True
4302,UBCF,10,1,0.1,,0.0,,True
4303,CBF,10,4,0.4,6.401837488735436,19.205512466206308,7.5082192704521535,True
4303,UBCF,10,1,0.1,,0.0,,True
4304,CBF,10,1,0.1,,0.0,,True
4304,UBCF,10,1,0.1,,0.0,,True
4305,CBF,10,1,0.1,,0.0,,True
4305,UBCF,10,1,0.1,,0.0,,True
4306,CBF,10,2,0.2,46.88442332277071,46.88442332277071,23.44222710486278,True
4306,UBCF,10,2,0.2,37.90428148972095,37.90428148972095,18.95215698491864,True
4307,CBF,10,4,0.4,26.7243388864777,80.1730166594331,20.997982841365136,True
4307,UBCF,10,1,0.1,,0.0,,True
4308,CBF,10,1,0.1,,0.0,,True
4308,UBCF,10,1,0.1,,0.0,,True
4309,CBF,10,2,0.2,28.163648891291636,28.163648891291636,14.081829185081,True
4309,UBCF,10,1,0.1,,0.0,,True
4310,CBF,10,2,0.2,28.163648891291636,28.163648891291636,14.081829185081,True
4310,UBCF,10,1,0.1,,0.0,,True
4311,CBF,10,1,0.1,,0.0,,True
4311,UBCF,10,1,0.1,,0.0,,True
4312,CBF,10,1,0.1,,0.0,,True
4312,UBCF,10,1,0.1,,0.0,,True
4313,CBF,10,1,0.1,,0.0,,True
4313,UBCF,10,1,0.1,,0.0,,True
4314,CBF,10,2,0.2,29.243994421759137,29.243994421759137,14.622005052302741,True
4314,UBCF,10,1,0.1,,0.0,,True
4315,CBF,10,2,0.2,19.802199491474596,19.802199491474596,9.901100073718258,True
4315,UBCF,10,1,0.1,,0.0,,True
4316,CBF,10,2,0.2,43.262588299701214,43.262588299701214,21.631301429361923,True
4316,UBCF,10,2,0.2,27.972552036849212,27.972552036849212,13.986278905543603,True
4317,CBF,10,2,0.2,43.262588299701214,43.262588299701214,21.631301429361923,True
4317,UBCF,10,1,0.1,,0.0,,True
4318,CBF,10,1,0.1,,0.0,,True
4318,UBCF,10,2,0.2,32.52874473344892,32.52874473344892,16.264373376438158,True
4320,CBF,10,2,0.2,1.4317359571066377,1.4317359571066377,0.7158679788583666,True
4320,UBCF,10,1,0.1,,0.0,,True
4321,CBF,10,1,0.1,,0.0,,True
4321,UBCF,10,2,0.2,40.809454731877814,40.809454731877814,20.404728867764554,True
4322,CBF,10,4,0.4,32.97273995482388,98.91821986447164,28.05021251820847,True
4322,UBCF,10,1,0.1,,0.0,,True
4323,CBF,10,2,0.2,45.15888968902632,45.15888968902632,22.579458423802805,True
4323,UBCF,10,2,0.2,10.351160117462083,10.351160117462083,5.175580061801435,True
4324,CBF,10,2,0.2,1.5156689175409355,1.5156689175409355,0.7578344591212706,True
4324,UBCF,10,1,0.1,,0.0,,True
4325,CBF,10,3,0.3,14.569364031562456,29.138728063124912,12.386229006732073,True
4325,UBCF,10,1,0.1,,0.0,,True
4326,CBF,10,3,0.3,50.955202211758824,101.91040442351765,25.47925704214642,True
4326,UBCF,10,1,0.1,,0.0,,True
4327,CBF,10,2,0.2,47.2414129928528,47.2414129928528,23.620708478911823,True
4327,UBCF,10,1,0.1,,0.0,,True
4328,CBF,10,2,0.2,28.163648891291636,28.163648891291636,14.081829185081,True
4328,UBCF,10,1,0.1,,0.0,,True
4329,CBF,10,2,0.2,27.972552036849212,27.972552036849212,13.986278905543603,True
4329,UBCF,10,1,0.1,,0.0,,True
4330,CBF,10,3,0.3,30.888163763765053,61.77632752753011,21.67272261062162,True
4330,UBCF,10,1,0.1,,0.0,,True
4331,CBF,10,2,0.2,29.15869940542207,29.15869940542207,14.579355363761266,True
4331,UBCF,10,1,0.1,,0.0,,True
4332,CBF,10,1,0.1,,0.0,,True
4332,UBCF,10,1,0.1,,0.0,,True
4333,CBF,10,1,0.1,,0.0,,True
4333,UBCF,10,1,0.1,,0.0,,True
4334,CBF,10,2,0.2,1.5156689175409355,1.5156689175409355,0.7578344591212706,True
4334,UBCF,10,1,0.1,,0.0,,True
4335,CBF,10,3,0.3,11.534067419750137,23.068134839500274,7.908900352840969,True
4335,UBCF,10,1,0.1,,0.0,,True
4336,CBF,10,1,0.1,,0.0,,True
4336,UBCF,10,1,0.1,,0.0,,True
4337,CBF,10,1,0.1,,0.0,,True
4337,UBCF,10,1,0.1,,0.0,,True
4338,CBF,10,3,0.3,23.65047280094464,47.30094560188928,19.13558213387149,True
4338,UBCF,10,1,0.1,,0.0,,True
4339,CBF,10,1,0.1,,0.0,,True
4339,UBCF,10,1,0.1,,0.0,,True
4340,CBF,10,2,0.2,7.90812379907292,7.90812379907292,3.954061946399003,True
4340,UBCF,10,1,0.1,,0.0,,True
4341,CBF,10,2,0.2,43.07938720561975,43.07938720561975,21.53969449295095,True
4341,UBCF,10,1,0.1,,0.0,,True
4342,CBF,10,1,0.1,,0.0,,True
4342,UBCF,10,2,0.2,31.43542951846135,31.43542951846135,15.717719488393843,True
4343,CBF,10,1,0.1,,0.0,,True
4343,UBCF,10,1,0.1,,0.0,,True
4344,CBF,10,2,0.2,32.70568879807172,32.70568879807172,16.352846904750777,True
4344,UBCF,10,1,0.1,,0.0,,True
4345,CBF,10,1,0.1,,0.0,,True
4345,UBCF,10,1,0.1,,0.0,,True
4347,CBF,10,1,0.1,,0.0,,True
4347,UBCF,10,1,0.1,,0.0,,True
4348,CBF,10,2,0.2,38.97541147027279,38.97541147027279,19.487708880396617,True
4348,UBCF,10,1,0.1,,0.0,,True
4349,CBF,10,2,0.2,2.3181081257908294,2.3181081257908294,1.1590540648649006,True
4349,UBCF,10,1,0.1,,0.0,,True
4350,CBF,10,3,0.3,17.422387190708463,34.844774381416926,13.984483048123929,True
4350,UBCF,10,1,0.1,,0.0,,True
4351,CBF,10,2,0.2,43.262588299701214,43.262588299701214,21.631301429361923,True
4351,UBCF,10,1,0.1,,0.0,,True
4352,CBF,10,1,0.1,,0.0,,True
4352,UBCF,10,1,0.1,,0.0,,True
4353,CBF,10,3,0.3,36.01495180206175,72.0299036041235,23.225886950306606,True
4353,UBCF,10,1,0.1,,0.0,,True
4354,CBF,10,2,0.2,42.46063206005696,42.46063206005696,21.230322245394014,True
4354,UBCF,10,1,0.1,,0.0,,True
4355,CBF,10,2,0.2,39.68146350068155,39.68146350068155,19.840734382814126,True
4355,UBCF,10,1,0.1,,0.0,,True
4356,CBF,10,3,0.3,43.12277045346657,86.24554090693314,24.94602623208985,True
4356,UBCF,10,1,0.1,,0.0,,True
4357,CBF,10,1,0.1,,0.0,,True
4357,UBCF,10,1,0.1,,0.0,,True
4358,CBF,10,2,0.2,43.262588299701214,43.262588299701214,21.631301429361923,True
4358,UBCF,10,1,0.1,,0.0,,True
4359,CBF,10,1,0.1,,0.0,,True
4359,UBCF,10,2,0.2,45.85743379833855,45.85743379833855,22.92871906581808,True
4360,CBF,10,1,0.1,,0.0,,True
4360,UBCF,10,2,0.2,31.43542951846135,31.43542951846135,15.717719488393843,True
4361,CBF,10,2,0.2,1.5156689175409355,1.5156689175409355,0.7578344591212706,True
4361,UBCF,10,1,0.1,,0.0,,True
4363,CBF,10,1,0.1,,0.0,,True
4363,UBCF,10,1,0.1,,0.0,,True
4364,CBF,10,2,0.2,25.290961626338287,25.290961626338287,12.6454809003117,True
4364,UBCF,10,2,0.2,37.90428148972095,37.90428148972095,18.95215698491864,True
4365,CBF,10,4,0.4,26.7243388864777,80.1730166594331,20.997982841365136,True
4365,UBCF,10,1,0.1,,0.0,,True
4366,CBF,10,3,0.3,51.71236007998358,103.42472015996717,27.314473332598265,True
4366,UBCF,10,1,0.1,,0.0,,True
4367,CBF,10,2,0.2,1.4317359571066377,1.4317359571066377,0.7158679788583666,True
4367,UBCF,10,1,0.1,,0.0,,True
4368,CBF,10,1,0.1,,0.0,,True
4368,UBCF,10,1,0.1,,0.0,,True
4369,CBF,10,1,0.1,,0.0,,True
4369,UBCF,10,1,0.1,,0.0,,True
4370,CBF,10,3,0.3,39.90103000773112,79.80206001546225,24.100304972323233,True
4370,UBCF,10,2,0.2,31.43542951846135,31.43542951846135,15.717719488393843,True
4371,CBF,10,2,0.2,27.972552036849212,27.972552036849212,13.986278905543603,True
4371,UBCF,10,1,0.1,,0.0,,True
4372,CBF,10,2,0.2,39.884336960417365,39.884336960417365,19.94216859195539,True
4372,UBCF,10,3,0.3,56.2920521663736,112.5841043327472,28.708511163625516,True
4373,CBF,10,1,0.1,,0.0,,True
4373,UBCF,10,1,0.1,,0.0,,True
4374,CBF,10,1,0.1,,0.0,,True
4374,UBCF,10,1,0.1,,0.0,,True
4375,CBF,10,2,0.2,29.444732784299944,29.444732784299944,14.722369133263221,True
4375,UBCF,10,1,0.1,,0.0,,True
4376,CBF,10,3,0.3,29.98516814131765,59.9703362826353,22.12270101849707,True
4376,UBCF,10,1,0.1,,0.0,,True
4377,CBF,10,1,0.1,,0.0,,True
4377,UBCF,10,1,0.1,,0.0,,True
4378,CBF,10,2,0.2,29.15869940542207,29.15869940542207,14.579355363761266,True
4378,UBCF,10,2,0.2,37.90428148972095,37.90428148972095,18.95215698491864,True
4379,CBF,10,2,0.2,28.163648891291636,28.163648891291636,14.081829185081,True
4379,UBCF,10,1,0.1,,0.0,,True
4380,CBF,10,1,0.1,,0.0,,True
4380,UBCF,10,1,0.1,,0.0,,True
4381,CBF,10,2,0.2,1.4317359571066377,1.4317359571066377,0.7158679788583666,True
4381,UBCF,10,1,0.1,,0.0,,True
4382,CBF,10,2,0.2,0.618187081322193,0.618187081322193,0.3090935406794648,True
4382,UBCF,10,1,0.1,,0.0,,True
4383,CBF,10,1,0.1,,0.0,,True
4383,UBCF,10,1,0.1,,0.0,,True
4384,CBF,10,1,0.1,,0.0,,True
4384,UBCF,10,2,0.2,37.90428148972095,37.90428148972095,18.95215698491864,True
4386,CBF,10,2,0.2,0.618187081322193,0.618187081322193,0.3090935406794648,True
4386,UBCF,10,1,0.1,,0.0,,True
4387,CBF,10,2,0.2,2.3181081257908294,2.3181081257908294,1.1590540648649006,True
4387,UBCF,10,1,0.1,,0.0,,True
4388,CBF,10,1,0.1,,0.0,,True
4388,UBCF,10,1,0.1,,0.0,,True
4389,CBF,10,1,0.1,,0.0,,True
4389,UBCF,10,2,0.2,37.90428148972095,37.90428148972095,18.95215698491864,True
4390,CBF,10,1,0.1,,0.0,,True
4390,UBCF,10,2,0.2,42.31944671414057,42.31944671414057,21.159730993153076,True
4391,CBF,10,2,0.2,1.4317359571066377,1.4317359571066377,0.7158679788583666,True
4391,UBCF,10,1,0.1,,0.0,,True
4392,CBF,10,2,0.2,1.4317359571066377,1.4317359571066377,0.7158679788583666,True
4392,UBCF,10,1,0.1,,0.0,,True
4393,CBF,10,4,0.4,39.86570560094853,119.59711680284559,25.36600047095356,True
4393,UBCF,10,2,0.2,20.56227028829262,20.56227028829262,10.281135193399617,True
4394,CBF,10,1,0.1,,0.0,,True
4394,UBCF,10,2,0.2,37.716643134514264,37.716643134514264,18.8583301894921,True
4395,CBF,10,2,0.2,38.97541147027279,38.97541147027279,19.487708880396617,True
4395,UBCF,10,1,0.1,,0.0,,True
4396,CBF,10,2,0.2,27.972552036849212,27.972552036849212,13.986278905543603,True
4396,UBCF,10,1,0.1,,0.0,,True
4397,CBF,10,1,0.1,,0.0,,True
4397,UBCF,10,1,0.1,,0.0,,True
4398,CBF,10,3,0.3,16.661937939696955,33.32387587939391,14.670392701795173,True
4398,UBCF,10,1,0.1,,0.0,,True
4399,CBF,10,1,0.1,,0.0,,True
4399,UBCF,10,2,0.2,42.31944671414057,42.31944671414057,21.159730993153076,True
4400,CBF,10,1,0.1,,0.0,,True
4400,UBCF,10,1,0.1,,0.0,,True
4401,CBF,10,1,0.1,,0.0,,True
4401,UBCF,10,2,0.2,37.90428148972095,37.90428148972095,18.95215698491864,True
4402,CBF,10,3,0.3,33.008982604890626,66.01796520978125,18.05400634007768,True
4402,UBCF,10,1,0.1,,0.0,,True
4403,CBF,10,1,0.1,,0.0,,True
4403,UBCF,10,1,0.1,,0.0,,True
4404,CBF,10,2,0.2,1.5431923121318396,1.5431923121318396,0.7715961563145184,True
4404,UBCF,10,1,0.1,,0.0,,True
4405,CBF,10,1,0.1,,0.0,,True
4405,UBCF,10,1,0.1,,0.0,,True
4406,CBF,10,3,0.3,16.661937939696955,33.32387587939391,14.670392701795173,True
4406,UBCF,10,1,0.1,,0.0,,True
4407,CBF,10,2,0.2,42.58985072810587,42.58985072810587,21.294941911813737,True
4407,UBCF,10,2,0.2,37.90428148972095,37.90428148972095,18.95215698491864,True
4408,CBF,10,2,0.2,38.54334327738816,38.54334327738816,19.27168404100997,True
4408,UBCF,10,1,0.1,,0.0,,True
4409,CBF,10,1,0.1,,0.0,,True
4409,UBCF,10,1,0.1,,0.0,,True
4410,CBF,10,1,0.1,,0.0,,True
4410,UBCF,10,1,0.1,,0.0,,True
4411,CBF,10,2,0.2,1.4317359571066377,1.4317359571066377,0.7158679788583666,True
4411,UBCF,10,1,0.1,,0.0,,True
4412,CBF,10,3,0.3,33.20085757433042,66.40171514866084,23.427638132482766,True
4412,UBCF,10,1,0.1,,0.0,,True
4413,CBF,10,2,0.2,27.972552036849212,27.972552036849212,13.986278905543603,True
4413,UBCF,10,1,0.1,,0.0,,True
4414,CBF,10,2,0.2,2.3181081257908294,2.3181081257908294,1.1590540648649006,True
4414,UBCF,10,1,0.1,,0.0,,True
4415,CBF,10,1,0.1,,0.0,,True
4415,UBCF,10,1,0.1,,0.0,,True
4416,CBF,10,3,0.3,49.062098857169865,98.12419771433973,25.580385211226197,True
4416,UBCF,10,1,0.1,,0.0,,True
4417,CBF,10,1,0.1,,0.0,,True
4417,UBCF,10,1,0.1,,0.0,,True
4418,CBF,10,1,0.1,,0.0,,True
4418,UBCF,10,1,0.1,,0.0,,True
4419,CBF,10,1,0.1,,0.0,,True
4419,UBCF,10,1,0.1,,0.0,,True
4420,CBF,10,1,0.1,,0.0,,True
4420,UBCF,10,1,0.1,,0.0,,True
4421,CBF,10,2,0.2,1.4317359571066377,1.4317359571066377,0.7158679788583666,True
4421,UBCF,10,1,0.1,,0.0,,True
4422,CBF,10,1,0.1,,0.0,,True
4422,UBCF,10,1,0.1,,0.0,,True
4423,CBF,10,1,0.1,,0.0,,True
4423,UBCF,10,1,0.1,,0.0,,True
4424,CBF,10,3,0.3,57.8175724614241,115.6351449228482,27.745596267046732,True
4424,UBCF,10,1,0.1,,0.0,,True
4425,CBF,10,3,0.3,16.661937939696955,33.32387587939391,14.670392701795173,True
4425,UBCF,10,1,0.1,,0.0,,True
4426,CBF,10,1,0.1,,0.0,,True
4426,UBCF,10,1,0.1,,0.0,,True
4427,CBF,10,1,0.1,,0.0,,True
4427,UBCF,10,1,0.1,,0.0,,True
4428,CBF,10,1,0.1,,0.0,,True
4428,UBCF,10,1,0.1,,0.0,,True
4430,CBF,10,1,0.1,,0.0,,True
4430,UBCF,10,2,0.2,20.56227028829262,20.56227028829262,10.281135193399617,True
4431,CBF,10,1,0.1,,0.0,,True
4431,UBCF,10,1,0.1,,0.0,,True
4432,CBF,10,4,0.4,24.123789550232004,72.37136865069601,19.863018736920424,True
4432,UBCF,10,2,0.2,31.43542951846135,31.43542951846135,15.717719488393843,True
4433,CBF,10,1,0.1,,0.0,,True
4433,UBCF,10,1,0.1,,0.0,,True
4434,CBF,10,2,0.2,1.4317359571066377,1.4317359571066377,0.7158679788583666,True
4434,UBCF,10,1,0.1,,0.0,,True
4435,CBF,10,3,0.3,26.528865278077504,53.05773055615501,13.812411814634183,True
4435,UBCF,10,1,0.1,,0.0,,True
4436,CBF,10,1,0.1,,0.0,,True
4436,UBCF,10,1,0.1,,0.0,,True
4437,CBF,10,1,0.1,,0.0,,True
4437,UBCF,10,1,0.1,,0.0,,True
4438,CBF,10,1,0.1,,0.0,,True
4438,UBCF,10,1,0.1,,0.0,,True
4439,CBF,10,1,0.1,,0.0,,True
4439,UBCF,10,1,0.1,,0.0,,True
4440,CBF,10,4,0.4,20.9144832002106,62.743449600631806,20.91186791301194,True
4440,UBCF,10,1,0.1,,0.0,,True
4441,CBF,10,2,0.2,1.4317359571066377,1.4317359571066377,0.7158679788583666,True
4441,UBCF,10,1,0.1,,0.0,,True
4442,CBF,10,2,0.2,18.063673535690604,18.063673535690604,9.031838163077367,True
4442,UBCF,10,1,0.1,,0.0,,True
4443,CBF,10,1,0.1,,0.0,,True
4443,UBCF,10,1,0.1,,0.0,,True
4444,CBF,10,1,0.1,,0.0,,True
4444,UBCF,10,1,0.1,,0.0,,True
4445,CBF,10,2,0.2,28.163648891291636,28.163648891291636,14.081829185081,True
4445,UBCF,10,1,0.1,,0.0,,True
4446,CBF,10,2,0.2,8.966796178516137,8.966796178516137,4.483398160676603,True
4446,UBCF,10,1,0.1,,0.0,,True
4447,CBF,10,2,0.2,32.70568879807172,32.70568879807172,16.352846904750777,True
4447,UBCF,10,1,0.1,,0.0,,True
4448,CBF,10,1,0.1,,0.0,,True
4448,UBCF,10,1,0.1,,0.0,,True
4449,CBF,10,2,0.2,28.163648891291636,28.163648891291636,14.081829185081,True
4449,UBCF,10,2,0.2,11.749728398231753,11.749728398231753,5.874864397864018,True
4450,CBF,10,3,0.3,17.422387190708463,34.844774381416926,13.984483048123929,True
4450,UBCF,10,1,0.1,,0.0,,True
4451,CBF,10,1,0.1,,0.0,,True
4451,UBCF,10,1,0.1,,0.0,,True
4452,CBF,10,2,0.2,27.972552036849212,27.972552036849212,13.986278905543603,True
4452,UBCF,10,1,0.1,,0.0,,True
4453,CBF,10,2,0.2,1.4317359571066377,1.4317359571066377,0.7158679788583666,True
4453,UBCF,10,1,0.1,,0.0,,True
4454,CBF,10,1,0.1,,0.0,,True
4454,UBCF,10,1,0.1,,0.0,,True
4455,CBF,10,1,0.1,,0.0,,True
4455,UBCF,10,1,0.1,,0.0,,True
4456,CBF,10,1,0.1,,0.0,,True
4456,UBCF,10,1,0.1,,0.0,,True
4457,CBF,10,2,0.2,2.3181081257908294,2.3181081257908294,1.1590540648649006,True
4457,UBCF,10,1,0.1,,0.0,,True
4458,CBF,10,1,0.1,,0.0,,True
4458,UBCF,10,1,0.1,,0.0,,True
4459,CBF,10,2,0.2,29.15869940542207,29.15869940542207,14.579355363761266,True
4459,UBCF,10,1,0.1,,0.0,,True
4460,CBF,10,2,0.2,3.743765121928155,3.743765121928155,1.8718825702673683,True
4460,UBCF,10,1,0.1,,0.0,,True
4461,CBF,10,1,0.1,,0.0,,True
4461,UBCF,10,1,0.1,,0.0,,True
4462,CBF,10,4,0.4,26.7243388864777,80.1730166594331,20.997982841365136,True
4462,UBCF,10,1,0.1,,0.0,,True
4463,CBF,10,2,0.2,4.60843075094998,4.60843075094998,2.3042153901429225,True
4463,UBCF,10,1,0.1,,0.0,,True
4464,CBF,10,2,0.2,1.4317359571066377,1.4317359571066377,0.7158679788583666,True
4464,UBCF,10,1,0.1,,0.0,,True
4465,CBF,10,2,0.2,28.163648891291636,28.163648891291636,14.081829185081,True
4465,UBCF,10,1,0.1,,0.0,,True
4466,CBF,10,1,0.1,,0.0,,True
4466,UBCF,10,1,0.1,,0.0,,True
4467,CBF,10,2,0.2,27.972552036849212,27.972552036849212,13.986278905543603,True
4467,UBCF,10,1,0.1,,0.0,,True
4468,CBF,10,2,0.2,48.09345756415611,48.09345756415611,24.046737297997502,True
4468,UBCF,10,1,0.1,,0.0,,True
4469,CBF,10,1,0.1,,0.0,,True
4469,UBCF,10,1,0.1,,0.0,,True
4470,CBF,10,2,0.2,2.3181081257908294,2.3181081257908294,1.1590540648649006,True
4470,UBCF,10,1,0.1,,0.0,,True
4471,CBF,10,2,0.2,1.6401647080222013,1.6401647080222013,0.8200823549302299,True
4471,UBCF,10,2,0.2,20.56227028829262,20.56227028829262,10.281135193399617,True
4472,CBF,10,2,0.2,29.15869940542207,29.15869940542207,14.579355363761266,True
4472,UBCF,10,1,0.1,,0.0,,True
4473,CBF,10,1,0.1,,0.0,,True
4473,UBCF,10,1,0.1,,0.0,,True
4474,CBF,10,3,0.3,26.528865278077504,53.05773055615501,13.812411814634183,True
4474,UBCF,10,1,0.1,,0.0,,True
4475,CBF,10,2,0.2,43.50817815473331,43.50817815473331,21.754100831478382,True
4475,UBCF,10,1,0.1,,0.0,,True
4476,CBF,10,1,0.1,,0.0,,True
4476,UBCF,10,2,0.2,10.351160117462083,10.351160117462083,5.175580061801435,True
4477,CBF,10,1,0.1,,0.0,,True
4477,UBCF,10,2,0.2,37.90428148972095,37.90428148972095,18.95215698491864,True
4478,CBF,10,2,0.2,34.29011890939597,34.29011890939597,17.145067764900144,True
4478,UBCF,10,2,0.2,27.972552036849212,27.972552036849212,13.986278905543603,True
4479,CBF,10,2,0.2,8.412640195690354,8.412640195690354,4.206320154926033,True
4479,UBCF,10,1,0.1,,0.0,,True
4480,CBF,10,2,0.2,49.8470642659412,49.8470642659412,24.923534339870493,True
4480,UBCF,10,1,0.1,,0.0,,True
4481,CBF,10,2,0.2,27.972552036849212,27.972552036849212,13.986278905543603,True
4481,UBCF,10,3,0.3,56.2920521663736,112.5841043327472,28.708511163625516,True
4482,CBF,10,3,0.3,26.0014850232588,52.0029700465176,19.049454986209692,True
4482,UBCF,10,1,0.1,,0.0,,True
4483,CBF,10,1,0.1,,0.0,,True
4483,UBCF,10,1,0.1,,0.0,,True
4484,CBF,10,1,0.1,,0.0,,True
4484,UBCF,10,1,0.1,,0.0,,True
4485,CBF,10,2,0.2,3.7905621299963252,3.7905621299963252,1.895281068401572,True
4485,UBCF,10,1,0.1,,0.0,,True
4486,CBF,10,2,0.2,1.4317359571066377,1.4317359571066377,0.7158679788583666,True
4486,UBCF,10,1,0.1,,0.0,,True
4487,CBF,10,1,0.1,,0.0,,True
4487,UBCF,10,1,0.1,,0.0,,True
4488,CBF,10,2,0.2,28.163648891291636,28.163648891291636,14.081829185081,True
4488,UBCF,10,1,0.1,,0.0,,True
4489,CBF,10,1,0.1,,0.0,,True
4489,UBCF,10,1,0.1,,0.0,,True
4490,CBF,10,1,0.1,,0.0,,True
4490,UBCF,10,1,0.1,,0.0,,True
4491,CBF,10,2,0.2,23.42832637973626,23.42832637973626,11.71416658667128,True
4491,UBCF,10,1,0.1,,0.0,,True
4492,CBF,10,1,0.1,,0.0,,True
4492,UBCF,10,1,0.1,,0.0,,True
4493,CBF,10,2,0.2,27.972552036849212,27.972552036849212,13.986278905543603,True
4493,UBCF,10,1,0.1,,0.0,,True
4494,CBF,10,2,0.2,2.3181081257908294,2.3181081257908294,1.1590540648649006,True
4494,UBCF,10,1,0.1,,0.0,,True
4495,CBF,10,2,0.2,43.262588299701214,43.262588299701214,21.631301429361923,True
4495,UBCF,10,2,0.2,32.52874473344892,32.52874473344892,16.264373376438158,True
4496,CBF,10,2,0.2,39.884336960417365,39.884336960417365,19.94216859195539,True
4496,UBCF,10,2,0.2,19.380806902927784,19.380806902927784,9.690404897837317,True
4497,CBF,10,2,0.2,1.4317359571066377,1.4317359571066377,0.7158679788583666,True
4497,UBCF,10,1,0.1,,0.0,,True
4498,CBF,10,2,0.2,29.15869940542207,29.15869940542207,14.579355363761266,True
4498,UBCF,10,1,0.1,,0.0,,True
4499,CBF,10,1,0.1,,0.0,,True
4499,UBCF,10,1,0.1,,0.0,,True
4500,CBF,10,1,0.1,,0.0,,True
4500,UBCF,10,1,0.1,,0.0,,True
4501,CBF,10,4,0.4,30.345555923302864,91.03666776990859,25.772963808258666,True
4501,UBCF,10,1,0.1,,0.0,,True
4502,CBF,10,4,0.4,23.381092052784634,70.1432761583539,21.019917916436373,True
4502,UBCF,10,1,0.1,,0.0,,True
4503,CBF,10,2,0.2,43.07938720561975,43.07938720561975,21.53969449295095,True
4503,UBCF,10,1,0.1,,0.0,,True
4504,CBF,10,1,0.1,,0.0,,True
4504,UBCF,10,1,0.1,,0.0,,True
4505,CBF,10,2,0.2,2.3181081257908294,2.3181081257908294,1.1590540648649006,True
4505,UBCF,10,1,0.1,,0.0,,True
4506,CBF,10,3,0.3,38.018461444091116,76.03692288818223,24.94602623208985,True
4506,UBCF,10,2,0.2,45.85743379833855,45.85743379833855,22.92871906581808,True
4507,CBF,10,2,0.2,8.412640195690354,8.412640195690354,4.206320154926033,True
4507,UBCF,10,1,0.1,,0.0,,True
4508,CBF,10,2,0.2,28.163648891291636,28.163648891291636,14.081829185081,True
4508,UBCF,10,1,0.1,,0.0,,True
4509,CBF,10,2,0.2,19.802199491474596,19.802199491474596,9.901100073718258,True
4509,UBCF,10,1,0.1,,0.0,,True
4510,CBF,10,2,0.2,28.163648891291636,28.163648891291636,14.081829185081,True
4510,UBCF,10,1,0.1,,0.0,,True
4511,CBF,10,3,0.3,38.81877516953293,77.63755033906585,27.314473332598265,True
4511,UBCF,10,2,0.2,31.43542951846135,31.43542951846135,15.717719488393843,True
4512,CBF,10,2,0.2,43.829891085013834,43.829891085013834,21.91495913341569,True
4512,UBCF,10,1,0.1,,0.0,,True
4513,CBF,10,4,0.4,9.877315045313816,29.631945135941447,6.937769198140472,True
4513,UBCF,10,1,0.1,,0.0,,True
4514,CBF,10,1,0.1,,0.0,,True
4514,UBCF,10,1,0.1,,0.0,,True
4515,CBF,10,2,0.2,1.4317359571066377,1.4317359571066377,0.7158679788583666,True
4515,UBCF,10,1,0.1,,0.0,,True
4516,CBF,10,1,0.1,,0.0,,True
4516,UBCF,10,1,0.1,,0.0,,True
4517,CBF,10,1,0.1,,0.0,,True
4517,UBCF,10,1,0.1,,0.0,,True
4518,CBF,10,2,0.2,27.972552036849212,27.972552036849212,13.986278905543603,True
4518,UBCF,10,1,0.1,,0.0,,True
4519,CBF,10,2,0.2,46.88442332277071,46.88442332277071,23.44222710486278,True
4519,UBCF,10,2,0.2,20.56227028829262,20.56227028829262,10.281135193399617,True
4520,CBF,10,2,0.2,1.5156689175409355,1.5156689175409355,0.7578344591212706,True
4520,UBCF,10,1,0.1,,0.0,,True
4521,CBF,10,2,0.2,28.163648891291636,28.163648891291636,14.081829185081,True
4521,UBCF,10,2,0.2,20.56227028829262,20.56227028829262,10.281135193399617,True
4522,CBF,10,1,0.1,,0.0,,True
4522,UBCF,10,1,0.1,,0.0,,True
4523,CBF,10,2,0.2,36.24007716797648,36.24007716797648,18.12004609756425,True
4523,UBCF,10,1,0.1,,0.0,,True
4524,CBF,10,1,0.1,,0.0,,True
4524,UBCF,10,1,0.1,,0.0,,True
4525,CBF,10,4,0.4,26.55953048088999,79.67859144266997,19.190306008873637,True
4525,UBCF,10,1,0.1,,0.0,,True
4526,CBF,10,2,0.2,27.972552036849212,27.972552036849212,13.986278905543603,True
4526,UBCF,10,1,0.1,,0.0,,True
4527,CBF,10,2,0.2,20.357530189223063,20.357530189223063,10.178765101099387,True
4527,UBCF,10,1,0.1,,0.0,,True
4528,CBF,10,2,0.2,3.423429606431672,3.423429606431672,1.7117148100809705,True
4528,UBCF,10,2,0.2,20.56227028829262,20.56227028829262,10.281135193399617,True
4529,CBF,10,1,0.1,,0.0,,True
4529,UBCF,10,1,0.1,,0.0,,True
4530,CBF,10,2,0.2,2.3181081257908294,2.3181081257908294,1.1590540648649006,True
4530,UBCF,10,1,0.1,,0.0,,True
4532,CBF,10,2,0.2,43.262588299701214,43.262588299701214,21.631301429361923,True
4532,UBCF,10,1,0.1,,0.0,,True
4533,CBF,10,2,0.2,1.4317359571066377,1.4317359571066377,0.7158679788583666,True
4533,UBCF,10,1,0.1,,0.0,,True
4534,CBF,10,1,0.1,,0.0,,True
4534,UBCF,10,1,0.1,,0.0,,True
4535,CBF,10,1,0.1,,0.0,,True
4535,UBCF,10,1,0.1,,0.0,,True
4536,CBF,10,2,0.2,43.06789496829618,43.06789496829618,21.53394824722954,True
4536,UBCF,10,1,0.1,,0.0,,True
4537,CBF,10,2,0.2,39.131166621556076,39.131166621556076,19.565591509610922,True
4537,UBCF,10,1,0.1,,0.0,,True
4538,CBF,10,1,0.1,,0.0,,True
4538,UBCF,10,1,0.1,,0.0,,True
4539,CBF,10,1,0.1,,0.0,,True
4539,UBCF,10,1,0.1,,0.0,,True
4540,CBF,10,2,0.2,37.35741221002603,37.35741221002603,18.678713127900732,True
4540,UBCF,10,1,0.1,,0.0,,True
4541,CBF,10,2,0.2,43.262588299701214,43.262588299701214,21.631301429361923,True
4541,UBCF,10,1,0.1,,0.0,,True
4542,CBF,10,2,0.2,27.972552036849212,27.972552036849212,13.986278905543603,True
4542,UBCF,10,1,0.1,,0.0,,True
4543,CBF,10,2,0.2,20.357530189223063,20.357530189223063,10.178765101099387,True
4543,UBCF,10,2,0.2,27.972552036849212,27.972552036849212,13.986278905543603,True
4544,CBF,10,1,0.1,,0.0,,True
4544,UBCF,10,2,0.2,37.90428148972095,37.90428148972095,18.95215698491864,True
4545,CBF,10,1,0.1,,0.0,,True
4545,UBCF,10,1,0.1,,0.0,,True
4546,CBF,10,1,0.1,,0.0,,True
4546,UBCF,10,1,0.1,,0.0,,True
4547,CBF,10,2,0.2,1.4317359571066377,1.4317359571066377,0.7158679788583666,True
4547,UBCF,10,1,0.1,,0.0,,True
4548,CBF,10,2,0.2,19.380806902927784,19.380806902927784,9.690404897837317,True
4548,UBCF,10,1,0.1,,0.0,,True
4549,CBF,10,2,0.2,33.307372647861015,33.307372647861015,16.653688974915404,True
4549,UBCF,10,1,0.1,,0.0,,True
4550,CBF,10,1,0.1,,0.0,,True
4550,UBCF,10,1,0.1,,0.0,,True
4551,CBF,10,2,0.2,1.4317359571066377,1.4317359571066377,0.7158679788583666,True
4551,UBCF,10,1,0.1,,0.0,,True
4552,CBF,10,2,0.2,8.492806526192252,8.492806526192252,4.246403326945568,True
4552,UBCF,10,1,0.1,,0.0,,True
4553,CBF,10,1,0.1,,0.0,,True
4553,UBCF,10,1,0.1,,0.0,,True
4554,CBF,10,2,0.2,47.42548488878177,47.42548488878177,23.712758341755357,True
4554,UBCF,10,1,0.1,,0.0,,True
4555,CBF,10,3,0.3,31.429643406844413,62.859286813688826,24.100304972323233,True
4555,UBCF,10,1,0.1,,0.0,,True
4556,CBF,10,3,0.3,46.742821673007626,93.48564334601525,22.491845482861294,True
4556,UBCF,10,1,0.1,,0.0,,True
4557,CBF,10,2,0.2,42.58985072810587,42.58985072810587,21.294941911813737,True
4557,UBCF,10,1,0.1,,0.0,,True
4558,CBF,10,2,0.2,1.5156689175409355,1.5156689175409355,0.7578344591212706,True
4558,UBCF,10,1,0.1,,0.0,,True
4559,CBF,10,1,0.1,,0.0,,True
4559,UBCF,10,1,0.1,,0.0,,True
4560,CBF,10,2,0.2,1.4317359571066377,1.4317359571066377,0.7158679788583666,True
4560,UBCF,10,1,0.1,,0.0,,True
4561,CBF,10,2,0.2,43.262588299701214,43.262588299701214,21.631301429361923,True
4561,UBCF,10,1,0.1,,0.0,,True
4562,CBF,10,2,0.2,42.58985072810587,42.58985072810587,21.294941911813737,True
4562,UBCF,10,1,0.1,,0.0,,True
4563,CBF,10,4,0.4,21.571381577487443,64.71414473246233,19.35103886034377,True
4563,UBCF,10,1,0.1,,0.0,,True
4564,CBF,10,2,0.2,33.67692365322722,33.67692365322722,16.838466700408475,True
4564,UBCF,10,1,0.1,,0.0,,True
4565,CBF,10,1,0.1,,0.0,,True
4565,UBCF,10,1,0.1,,0.0,,True
4566,CBF,10,2,0.2,48.09345756415611,48.09345756415611,24.046737297997502,True
4566,UBCF,10,1,0.1,,0.0,,True
4567,CBF,10,1,0.1,,0.0,,True
4567,UBCF,10,1,0.1,,0.0,,True
4568,CBF,10,1,0.1,,0.0,,True
4568,UBCF,10,1,0.1,,0.0,,True
4569,CBF,10,2,0.2,28.163648891291636,28.163648891291636,14.081829185081,True
4569,UBCF,10,1,0.1,,0.0,,True
4570,CBF,10,2,0.2,1.4317359571066377,1.4317359571066377,0.7158679788583666,True
4570,UBCF,10,1,0.1,,0.0,,True
4571,CBF,10,2,0.2,28.163648891291636,28.163648891291636,14.081829185081,True
4571,UBCF,10,1,0.1,,0.0,,True
4572,CBF,10,2,0.2,1.5156689175409355,1.5156689175409355,0.7578344591212706,True
4572,UBCF,10,1,0.1,,0.0,,True
4574,CBF,10,1,0.1,,0.0,,True
4574,UBCF,10,1,0.1,,0.0,,True
4575,CBF,10,1,0.1,,0.0,,True
4575,UBCF,10,1,0.1,,0.0,,True
4576,CBF,10,2,0.2,2.3181081257908294,2.3181081257908294,1.1590540648649006,True
4576,UBCF,10,1,0.1,,0.0,,True
4577,CBF,10,2,0.2,27.972552036849212,27.972552036849212,13.986278905543603,True
4577,UBCF,10,2,0.2,20.56227028829262,20.56227028829262,10.281135193399617,True
4578,CBF,10,1,0.1,,0.0,,True
4578,UBCF,10,1,0.1,,0.0,,True
4579,CBF,10,2,0.2,1.4317359571066377,1.4317359571066377,0.7158679788583666,True
4579,UBCF,10,1,0.1,,0.0,,True
4580,CBF,10,2,0.2,28.163648891291636,28.163648891291636,14.081829185081,True
4580,UBCF,10,1,0.1,,0.0,,True
4582,CBF,10,1,0.1,,0.0,,True
4582,UBCF,10,1,0.1,,0.0,,True
4583,CBF,10,2,0.2,2.3181081257908294,2.3181081257908294,1.1590540648649006,True
4583,UBCF,10,2,0.2,34.79994292107832,34.79994292107832,17.399980351195634,True
4584,CBF,10,2,0.2,42.58985072810587,42.58985072810587,21.294941911813737,True
4584,UBCF,10,1,0.1,,0.0,,True
4585,CBF,10,1,0.1,,0.0,,True
4585,UBCF,10,1,0.1,,0.0,,True
4586,CBF,10,1,0.1,,0.0,,True
4586,UBCF,10,1,0.1,,0.0,,True
4587,CBF,10,1,0.1,,0.0,,True
4587,UBCF,10,1,0.1,,0.0,,True
4588,CBF,10,1,0.1,,0.0,,True
4588,UBCF,10,1,0.1,,0.0,,True
4589,CBF,10,1,0.1,,0.0,,True
4589,UBCF,10,2,0.2,37.90428148972095,37.90428148972095,18.95215698491864,True
4590,CBF,10,1,0.1,,0.0,,True
4590,UBCF,10,1,0.1,,0.0,,True
4591,CBF,10,2,0.2,28.163648891291636,28.163648891291636,14.081829185081,True
4591,UBCF,10,2,0.2,42.31944671414057,42.31944671414057,21.159730993153076,True
4592,CBF,10,1,0.1,,0.0,,True
4592,UBCF,10,1,0.1,,0.0,,True
4593,CBF,10,2,0.2,28.163648891291636,28.163648891291636,14.081829185081,True
4593,UBCF,10,1,0.1,,0.0,,True
4594,CBF,10,2,0.2,28.163648891291636,28.163648891291636,14.081829185081,True
4594,UBCF,10,1,0.1,,0.0,,True
4596,CBF,10,3,0.3,16.661937939696955,33.32387587939391,14.670392701795173,True
4596,UBCF,10,1,0.1,,0.0,,True
4597,CBF,10,2,0.2,1.4317359571066377,1.4317359571066377,0.7158679788583666,True
4597,UBCF,10,1,0.1,,0.0,,True
4598,CBF,10,1,0.1,,0.0,,True
4598,UBCF,10,1,0.1,,0.0,,True
4599,CBF,10,2,0.2,8.966796178516137,8.966796178516137,4.483398160676603,True
4599,UBCF,10,1,0.1,,0.0,,True
4600,CBF,10,2,0.2,27.972552036849212,27.972552036849212,13.986278905543603,True
4600,UBCF,10,1,0.1,,0.0,,True
4601,CBF,10,2,0.2,1.4317359571066377,1.4317359571066377,0.7158679788583666,True
4601,UBCF,10,2,0.2,31.43542951846135,31.43542951846135,15.717719488393843,True
4602,CBF,10,2,0.2,27.972552036849212,27.972552036849212,13.986278905543603,True
4602,UBCF,10,1,0.1,,0.0,,True
4603,CBF,10,2,0.2,17.204840308199728,17.204840308199728,8.602421600592319,True
4603,UBCF,10,1,0.1,,0.0,,True
4604,CBF,10,2,0.2,43.50817815473331,43.50817815473331,21.754100831478382,True
4604,UBCF,10,1,0.1,,0.0,,True
4605,CBF,10,2,0.2,23.42832637973626,23.42832637973626,11.71416658667128,True
4605,UBCF,10,1,0.1,,0.0,,True
4606,CBF,10,1,0.1,,0.0,,True
4606,UBCF,10,1,0.1,,0.0,,True
4607,CBF,10,1,0.1,,0.0,,True
4607,UBCF,10,1,0.1,,0.0,,True
4608,CBF,10,1,0.1,,0.0,,True
4608,UBCF,10,1,0.1,,0.0,,True
4609,CBF,10,2,0.2,43.262588299701214,43.262588299701214,21.631301429361923,True
4609,UBCF,10,1,0.1,,0.0,,True
4610,CBF,10,1,0.1,,0.0,,True
4610,UBCF,10,1,0.1,,0.0,,True
4611,CBF,10,2,0.2,1.5431923121318396,1.5431923121318396,0.7715961563145184,True
4611,UBCF,10,1,0.1,,0.0,,True
4612,CBF,10,2,0.2,1.4317359571066377,1.4317359571066377,0.7158679788583666,True
4612,UBCF,10,1,0.1,,0.0,,True
4613,CBF,10,2,0.2,35.047699610959974,35.047699610959974,17.52385828960975,True
4613,UBCF,10,1,0.1,,0.0,,True
4614,CBF,10,3,0.3,38.018461444091116,76.03692288818223,24.94602623208985,True
4614,UBCF,10,1,0.1,,0.0,,True
4615,CBF,10,2,0.2,32.70568879807172,32.70568879807172,16.352846904750777,True
4615,UBCF,10,1,0.1,,0.0,,True
4616,CBF,10,1,0.1,,0.0,,True
4616,UBCF,10,1,0.1,,0.0,,True
4617,CBF,10,1,0.1,,0.0,,True
4617,UBCF,10,1,0.1,,0.0,,True
4618,CBF,10,3,0.3,33.20085757433042,66.40171514866084,23.427638132482766,True
4618,UBCF,10,1,0.1,,0.0,,True
4619,CBF,10,1,0.1,,0.0,,True
4619,UBCF,10,1,0.1,,0.0,,True
4620,CBF,10,1,0.1,,0.0,,True
4620,UBCF,10,1,0.1,,0.0,,True
4621,CBF,10,1,0.1,,0.0,,True
4621,UBCF,10,1,0.1,,0.0,,True
4622,CBF,10,1,0.1,,0.0,,True
4622,UBCF,10,1,0.1,,0.0,,True
4623,CBF,10,1,0.1,,0.0,,True
4623,UBCF,10,1,0.1,,0.0,,True
4624,CBF,10,1,0.1,,0.0,,True
4624,UBCF,10,1,0.1,,0.0,,True
4625,CBF,10,1,0.1,,0.0,,True
4625,UBCF,10,2,0.2,20.56227028829262,20.56227028829262,10.281135193399617,True
4626,CBF,10,4,0.4,22.328899971465518,66.98669991439655,20.997982841365136,True
4626,UBCF,10,1,0.1,,0.0,,True
4627,CBF,10,2,0.2,1.4317359571066377,1.4317359571066377,0.7158679788583666,True
4627,UBCF,10,1,0.1,,0.0,,True
4628,CBF,10,3,0.3,16.00286294846914,32.00572589693828,12.498526438558054,True
4628,UBCF,10,2,0.2,22.33059071008947,22.33059071008947,11.165295405402528,True
4629,CBF,10,3,0.3,39.05328904591443,78.10657809182887,22.70958043158625,True
4629,UBCF,10,1,0.1,,0.0,,True
4630,CBF,10,2,0.2,1.4317359571066377,1.4317359571066377,0.7158679788583666,True
4630,UBCF,10,1,0.1,,0.0,,True
4631,CBF,10,2,0.2,32.52874473344892,32.52874473344892,16.264373376438158,True
4631,UBCF,10,1,0.1,,0.0,,True
4632,CBF,10,2,0.2,39.245429755089575,39.245429755089575,19.622723579412103,True
4632,UBCF,10,1,0.1,,0.0,,True
4633,CBF,10,1,0.1,,0.0,,True
4633,UBCF,10,1,0.1,,0.0,,True
4634,CBF,10,4,0.4,22.328899971465518,66.98669991439655,20.997982841365136,True
4634,UBCF,10,1,0.1,,0.0,,True
4635,CBF,10,1,0.1,,0.0,,True
4635,UBCF,10,1,0.1,,0.0,,True
4636,CBF,10,2,0.2,2.3181081257908294,2.3181081257908294,1.1590540648649006,True
4636,UBCF,10,1,0.1,,0.0,,True
4637,CBF,10,1,0.1,,0.0,,True
4637,UBCF,10,1,0.1,,0.0,,True
4638,CBF,10,2,0.2,47.12934881228967,47.12934881228967,23.564704578732673,True
4638,UBCF,10,1,0.1,,0.0,,True
4639,CBF,10,2,0.2,27.972552036849212,27.972552036849212,13.986278905543603,True
4639,UBCF,10,2,0.2,32.52874473344892,32.52874473344892,16.264373376438158,True
4640,CBF,10,1,0.1,,0.0,,True
4640,UBCF,10,1,0.1,,0.0,,True
4641,CBF,10,4,0.4,32.101902624371235,96.3057078731137,25.65059302720848,True
4641,UBCF,10,1,0.1,,0.0,,True
4642,CBF,10,2,0.2,1.4317359571066377,1.4317359571066377,0.7158679788583666,True
4642,UBCF,10,1,0.1,,0.0,,True
4643,CBF,10,2,0.2,20.357530189223063,20.357530189223063,10.178765101099387,True
4643,UBCF,10,1,0.1,,0.0,,True
4644,CBF,10,2,0.2,35.047699610959974,35.047699610959974,17.52385828960975,True
4644,UBCF,10,1,0.1,,0.0,,True
4645,CBF,10,2,0.2,27.62510581657787,27.62510581657787,13.812557272157129,True
4645,UBCF,10,1,0.1,,0.0,,True
4646,CBF,10,3,0.3,40.1017895644717,80.2035791289434,28.25891576673595,True
4646,UBCF,10,1,0.1,,0.0,,True
4647,CBF,10,4,0.4,36.25394183619542,108.76182550858627,20.806901713499663,True
4647,UBCF,10,1,0.1,,0.0,,True
4648,CBF,10,2,0.2,43.262588299701214,43.262588299701214,21.631301429361923,True
4648,UBCF,10,1,0.1,,0.0,,True
4649,CBF,10,3,0.3,40.09597640915462,80.19195281830925,28.381581106445676,True
4649,UBCF,10,1,0.1,,0.0,,True
4650,CBF,10,2,0.2,1.5156689175409355,1.5156689175409355,0.7578344591212706,True
4650,UBCF,10,1,0.1,,0.0,,True
4651,CBF,10,3,0.3,29.741831496078074,59.48366299215615,22.03639370655,True
4651,UBCF,10,1,0.1,,0.0,,True
4652,CBF,10,1,0.1,,0.0,,True
4652,UBCF,10,1,0.1,,0.0,,True
4653,CBF,10,2,0.2,32.70568879807172,32.70568879807172,16.352846904750777,True
4653,UBCF,10,1,0.1,,0.0,,True
4654,CBF,10,2,0.2,17.82423193742532,17.82423193742532,8.912116066560213,True
4654,UBCF,10,1,0.1,,0.0,,True
4655,CBF,10,2,0.2,27.972552036849212,27.972552036849212,13.986278905543603,True
4655,UBCF,10,1,0.1,,0.0,,True
4656,CBF,10,4,0.4,22.380177163589366,67.1405314907681,19.775574376676026,True
4656,UBCF,10,1,0.1,,0.0,,True
4657,CBF,10,3,0.3,33.14464266386434,66.28928532772868,19.167543331475922,True
4657,UBCF,10,2,0.2,32.156236140329234,32.156236140329234,16.078123042774006,True
4658,CBF,10,1,0.1,,0.0,,True
4658,UBCF,10,1,0.1,,0.0,,True
4659,CBF,10,2,0.2,1.4317359571066377,1.4317359571066377,0.7158679788583666,True
4659,UBCF,10,1,0.1,,0.0,,True
4660,CBF,10,2,0.2,28.163648891291636,28.163648891291636,14.081829185081,True
4660,UBCF,10,1,0.1,,0.0,,True
4661,CBF,10,2,0.2,34.72149846976685,34.72149846976685,17.360758094044108,True
4661,UBCF,10,1,0.1,,0.0,,True
4662,CBF,10,3,0.3,17.15311565335158,34.30623130670316,13.759151398199295,True
4662,UBCF,10,1,0.1,,0.0,,True
4663,CBF,10,1,0.1,,0.0,,True
4663,UBCF,10,1,0.1,,0.0,,True
4664,CBF,10,2,0.2,27.972552036849212,27.972552036849212,13.986278905543603,True
4664,UBCF,10,1,0.1,,0.0,,True
4665,CBF,10,1,0.1,,0.0,,True
4665,UBCF,10,1,0.1,,0.0,,True
4666,CBF,10,3,0.3,21.557596781881806,43.11519356376361,15.217295100938093,True
4666,UBCF,10,1,0.1,,0.0,,True
4667,CBF,10,1,0.1,,0.0,,True
4667,UBCF,10,1,0.1,,0.0,,True
4668,CBF,10,1,0.1,,0.0,,True
4668,UBCF,10,1,0.1,,0.0,,True
4669,CBF,10,3,0.3,40.9651961319019,81.9303922638038,21.672722610622,True
4669,UBCF,10,1,0.1,,0.0,,True
4670,CBF,10,1,0.1,,0.0,,True
4670,UBCF,10,1,0.1,,0.0,,True
4671,CBF,10,2,0.2,28.163648891291636,28.163648891291636,14.081829185081,True
4671,UBCF,10,2,0.2,19.380806902927784,19.380806902927784,9.690404897837317,True
4672,CBF,10,1,0.1,,0.0,,True
4672,UBCF,10,1,0.1,,0.0,,True
4673,CBF,10,2,0.2,3.7905621299963252,3.7905621299963252,1.895281068401572,True
4673,UBCF,10,1,0.1,,0.0,,True
4674,CBF,10,1,0.1,,0.0,,True
4674,UBCF,10,1,0.1,,0.0,,True
4675,CBF,10,2,0.2,1.5156689175409355,1.5156689175409355,0.7578344591212706,True
4675,UBCF,10,2,0.2,20.56227028829262,20.56227028829262,10.281135193399617,True
4676,CBF,10,2,0.2,27.972552036849212,27.972552036849212,13.986278905543603,True
4676,UBCF,10,1,0.1,,0.0,,True
4677,CBF,10,1,0.1,,0.0,,True
4677,UBCF,10,1,0.1,,0.0,,True
4678,CBF,10,2,0.2,28.163648891291636,28.163648891291636,14.081829185081,True
4678,UBCF,10,1,0.1,,0.0,,True
4679,CBF,10,1,0.1,,0.0,,True
4679,UBCF,10,2,0.2,42.31944671414057,42.31944671414057,21.159730993153076,True
4680,CBF,10,2,0.2,33.307372647861015,33.307372647861015,16.653688974915404,True
4680,UBCF,10,1,0.1,,0.0,,True
4681,CBF,10,1,0.1,,0.0,,True
4681,UBCF,10,1,0.1,,0.0,,True
4682,CBF,10,4,0.4,26.55953048088999,79.67859144266997,19.190306008873637,True
4682,UBCF,10,1,0.1,,0.0,,True
4683,CBF,10,2,0.2,1.5156689175409355,1.5156689175409355,0.7578344591212706,True
4683,UBCF,10,2,0.2,37.90428148972095,37.90428148972095,18.95215698491864,True
4684,CBF,10,2,0.2,28.163648891291636,28.163648891291636,14.081829185081,True
4684,UBCF,10,1,0.1,,0.0,,True
4685,CBF,10,2,0.2,1.5156689175409355,1.5156689175409355,0.7578344591212706,True
4685,UBCF,10,2,0.2,37.90428148972095,37.90428148972095,18.95215698491864,True
4686,CBF,10,1,0.1,,0.0,,True
4686,UBCF,10,1,0.1,,0.0,,True
4687,CBF,10,1,0.1,,0.0,,True
4687,UBCF,10,1,0.1,,0.0,,True
4688,CBF,10,1,0.1,,0.0,,True
4688,UBCF,10,1,0.1,,0.0,,True
4689,CBF,10,2,0.2,23.42832637973626,23.42832637973626,11.71416658667128,True
4689,UBCF,10,1,0.1,,0.0,,True
4690,CBF,10,3,0.3,23.177557040934857,46.355114081869715,19.80274350837903,True
4690,UBCF,10,1,0.1,,0.0,,True
4691,CBF,10,2,0.2,33.67692365322722,33.67692365322722,16.838466700408475,True
4691,UBCF,10,2,0.2,10.351160117462083,10.351160117462083,5.175580061801435,True
4692,CBF,10,2,0.2,39.89544829710059,39.89544829710059,19.947732443611972,True
4692,UBCF,10,2,0.2,19.380806902927784,19.380806902927784,9.690404897837317,True
4693,CBF,10,1,0.1,,0.0,,True
4693,UBCF,10,2,0.2,10.351160117462083,10.351160117462083,5.175580061801435,True
4694,CBF,10,2,0.2,1.4317359571066377,1.4317359571066377,0.7158679788583666,True
4694,UBCF,10,1,0.1,,0.0,,True
4695,CBF,10,2,0.2,43.262588299701214,43.262588299701214,21.631301429361923,True
4695,UBCF,10,1,0.1,,0.0,,True
4696,CBF,10,2,0.2,1.5431923121318396,1.5431923121318396,0.7715961563145184,True
4696,UBCF,10,1,0.1,,0.0,,True
4697,CBF,10,1,0.1,,0.0,,True
4697,UBCF,10,2,0.2,20.56227028829262,20.56227028829262,10.281135193399617,True
4698,CBF,10,1,0.1,,0.0,,True
4698,UBCF,10,1,0.1,,0.0,,True
4699,CBF,10,2,0.2,42.58985072810587,42.58985072810587,21.294941911813737,True
4699,UBCF,10,1,0.1,,0.0,,True
4700,CBF,10,2,0.2,47.12934881228967,47.12934881228967,23.564704578732673,True
4700,UBCF,10,1,0.1,,0.0,,True
4701,CBF,10,1,0.1,,0.0,,True
4701,UBCF,10,1,0.1,,0.0,,True
4702,CBF,10,1,0.1,,0.0,,True
4702,UBCF,10,1,0.1,,0.0,,True
4703,CBF,10,1,0.1,,0.0,,True
4703,UBCF,10,1,0.1,,0.0,,True
4704,CBF,10,2,0.2,27.972552036849212,27.972552036849212,13.986278905543603,True
4704,UBCF,10,1,0.1,,0.0,,True
4705,CBF,10,1,0.1,,0.0,,True
4705,UBCF,10,2,0.2,10.351160117462083,10.351160117462083,5.175580061801435,True
4706,CBF,10,1,0.1,,0.0,,True
4706,UBCF,10,1,0.1,,0.0,,True
4707,CBF,10,2,0.2,27.972552036849212,27.972552036849212,13.986278905543603,True
4707,UBCF,10,1,0.1,,0.0,,True
4708,CBF,10,2,0.2,20.357530189223063,20.357530189223063,10.178765101099387,True
4708,UBCF,10,2,0.2,27.972552036849212,27.972552036849212,13.986278905543603,True
4709,CBF,10,1,0.1,,0.0,,True
4709,UBCF,10,1,0.1,,0.0,,True
4710,CBF,10,2,0.2,28.163648891291636,28.163648891291636,14.081829185081,True
4710,UBCF,10,1,0.1,,0.0,,True
4711,CBF,10,4,0.4,7.238263050441108,21.714789151323323,5.297045913600984,True
4711,UBCF,10,1,0.1,,0.0,,True
4712,CBF,10,2,0.2,1.4317359571066377,1.4317359571066377,0.7158679788583666,True
4712,UBCF,10,1,0.1,,0.0,,True
4713,CBF,10,2,0.2,20.357530189223063,20.357530189223063,10.178765101099387,True
4713,UBCF,10,1,0.1,,0.0,,True
4714,CBF,10,4,0.4,22.328899971465518,66.98669991439655,20.997982841365136,True
4714,UBCF,10,2,0.2,20.56227028829262,20.56227028829262,10.281135193399617,True
4715,CBF,10,1,0.1,,0.0,,True
4715,UBCF,10,1,0.1,,0.0,,True
4716,CBF,10,1,0.1,,0.0,,True
4716,UBCF,10,1,0.1,,0.0,,True
4717,CBF,10,1,0.1,,0.0,,True
4717,UBCF,10,1,0.1,,0.0,,True
4718,CBF,10,2,0.2,43.262588299701214,43.262588299701214,21.631301429361923,True
4718,UBCF,10,1,0.1,,0.0,,True
4719,CBF,10,1,0.1,,0.0,,True
4719,UBCF,10,1,0.1,,0.0,,True
4720,CBF,10,3,0.3,29.551415178475974,59.10283035695195,23.225886950306606,True
4720,UBCF,10,1,0.1,,0.0,,True
4721,CBF,10,2,0.2,29.15869940542207,29.15869940542207,14.579355363761266,True
4721,UBCF,10,1,0.1,,0.0,,True
4722,CBF,10,2,0.2,32.70568879807172,32.70568879807172,16.352846904750777,True
4722,UBCF,10,2,0.2,10.351160117462083,10.351160117462083,5.175580061801435,True
4723,CBF,10,2,0.2,33.85474968413719,33.85474968413719,16.92737540235248,True
4723,UBCF,10,1,0.1,,0.0,,True
4724,CBF,10,2,0.2,1.4317359571066377,1.4317359571066377,0.7158679788583666,True
4724,UBCF,10,1,0.1,,0.0,,True
4725,CBF,10,2,0.2,1.4317359571066377,1.4317359571066377,0.7158679788583666,True
4725,UBCF,10,1,0.1,,0.0,,True
4726,CBF,10,2,0.2,1.4317359571066377,1.4317359571066377,0.7158679788583666,True
4726,UBCF,10,2,0.2,10.351160117462083,10.351160117462083,5.175580061801435,True
4727,CBF,10,4,0.4,22.328899971465518,66.98669991439655,20.997982841365136,True
4727,UBCF,10,1,0.1,,0.0,,True
4728,CBF,10,1,0.1,,0.0,,True
4728,UBCF,10,1,0.1,,0.0,,True
4729,CBF,10,2,0.2,6.681125490125292,6.681125490125292,3.3405628053226177,True
4729,UBCF,10,1,0.1,,0.0,,True
4730,CBF,10,2,0.2,47.2904786604151,47.2904786604151,23.645251826609766,True
4730,UBCF,10,1,0.1,,0.0,,True
4731,CBF,10,2,0.2,1.851196413912366,1.851196413912366,0.9255982080141867,True
4731,UBCF,10,1,0.1,,0.0,,True
4732,CBF,10,1,0.1,,0.0,,True
4732,UBCF,10,1,0.1,,0.0,,True
4733,CBF,10,2,0.2,38.97541147027279,38.97541147027279,19.487708880396617,True
4733,UBCF,10,1,0.1,,0.0,,True
4734,CBF,10,3,0.3,39.435429883686695,78.87085976737339,22.70958043158625,True
4734,UBCF,10,1,0.1,,0.0,,True
4735,CBF,10,2,0.2,1.4317359571066377,1.4317359571066377,0.7158679788583666,True
4735,UBCF,10,1,0.1,,0.0,,True
4736,CBF,10,1,0.1,,0.0,,True
4736,UBCF,10,1,0.1,,0.0,,True
4737,CBF,10,1,0.1,,0.0,,True
4737,UBCF,10,1,0.1,,0.0,,True
4738,CBF,10,2,0.2,32.156236140329234,32.156236140329234,16.078123042774006,True
4738,UBCF,10,2,0.2,20.56227028829262,20.56227028829262,10.281135193399617,True
4739,CBF,10,1,0.1,,0.0,,True
4739,UBCF,10,1,0.1,,0.0,,True
4740,CBF,10,2,0.2,39.89544829710059,39.89544829710059,19.947732443611972,True
4740,UBCF,10,1,0.1,,0.0,,True
4741,CBF,10,1,0.1,,0.0,,True
4741,UBCF,10,1,0.1,,0.0,,True
4742,CBF,10,1,0.1,,0.0,,True
4742,UBCF,10,1,0.1,,0.0,,True
4743,CBF,10,1,0.1,,0.0,,True
4743,UBCF,10,1,0.1,,0.0,,True
4744,CBF,10,1,0.1,,0.0,,True
4744,UBCF,10,1,0.1,,0.0,,True
4745,CBF,10,2,0.2,39.884336960417365,39.884336960417365,19.94216859195539,True
4745,UBCF,10,1,0.1,,0.0,,True
4746,CBF,10,4,0.4,18.26103774630581,54.78311323891743,14.030299240376484,True
4746,UBCF,10,2,0.2,20.56227028829262,20.56227028829262,10.281135193399617,True
4747,CBF,10,2,0.2,19.802199491474596,19.802199491474596,9.901100073718258,True
4747,UBCF,10,2,0.2,27.972552036849212,27.972552036849212,13.986278905543603,True
4748,CBF,10,2,0.2,22.545366246459437,22.545366246459437,11.272685002037484,True
4748,UBCF,10,1,0.1,,0.0,,True
4749,CBF,10,2,0.2,1.4317359571066377,1.4317359571066377,0.7158679788583666,True
4749,UBCF,10,1,0.1,,0.0,,True
4750,CBF,10,2,0.2,27.972552036849212,27.972552036849212,13.986278905543603,True
4750,UBCF,10,1,0.1,,0.0,,True
4751,CBF,10,2,0.2,27.972552036849212,27.972552036849212,13.986278905543603,True
4751,UBCF,10,1,0.1,,0.0,,True
4752,CBF,10,2,0.2,17.82423193742532,17.82423193742532,8.912116066560213,True
4752,UBCF,10,1,0.1,,0.0,,True
4753,CBF,10,2,0.2,1.4317359571066377,1.4317359571066377,0.7158679788583666,True
4753,UBCF,10,2,0.2,37.90428148972095,37.90428148972095,18.95215698491864,True
4754,CBF,10,2,0.2,43.262588299701214,43.262588299701214,21.631301429361923,True
4754,UBCF,10,1,0.1,,0.0,,True
4755,CBF,10,2,0.2,43.262588299701214,43.262588299701214,21.631301429361923,True
4755,UBCF,10,1,0.1,,0.0,,True
4756,CBF,10,4,0.4,31.996338175154367,95.9890145254631,25.772963808258666,True
4756,UBCF,10,1,0.1,,0.0,,True
4757,CBF,10,4,0.4,22.328899971465518,66.98669991439655,20.997982841365136,True
4757,UBCF,10,1,0.1,,0.0,,True
4758,CBF,10,1,0.1,,0.0,,True
4758,UBCF,10,1,0.1,,0.0,,True
4759,CBF,10,2,0.2,1.5431923121318396,1.5431923121318396,0.7715961563145184,True
4759,UBCF,10,1,0.1,,0.0,,True
4760,CBF,10,1,0.1,,0.0,,True
4760,UBCF,10,2,0.2,37.90428148972095,37.90428148972095,18.95215698491864,True
4761,CBF,10,2,0.2,38.97541147027279,38.97541147027279,19.487708880396617,True
4761,UBCF,10,1,0.1,,0.0,,True
4762,CBF,10,2,0.2,28.163648891291636,28.163648891291636,14.081829185081,True
4762,UBCF,10,1,0.1,,0.0,,True
4763,CBF,10,2,0.2,13.28395050657638,13.28395050657638,6.641975618641782,True
4763,UBCF,10,1,0.1,,0.0,,True
4764,CBF,10,2,0.2,38.97541147027279,38.97541147027279,19.487708880396617,True
4764,UBCF,10,1,0.1,,0.0,,True
4765,CBF,10,1,0.1,,0.0,,True
4765,UBCF,10,1,0.1,,0.0,,True
4766,CBF,10,3,0.3,20.70131197994607,41.40262395989214,13.984483048124067,True
4766,UBCF,10,2,0.2,37.90428148972095,37.90428148972095,18.95215698491864,True
4767,CBF,10,2,0.2,36.24007716797648,36.24007716797648,18.12004609756425,True
4767,UBCF,10,1,0.1,,0.0,,True
4768,CBF,10,1,0.1,,0.0,,True
4768,UBCF,10,1,0.1,,0.0,,True
4769,CBF,10,1,0.1,,0.0,,True
4769,UBCF,10,1,0.1,,0.0,,True
4770,CBF,10,1,0.1,,0.0,,True
4770,UBCF,10,1,0.1,,0.0,,True
4771,CBF,10,3,0.3,16.962779864591603,33.925559729183206,14.670392701795173,True
4771,UBCF,10,2,0.2,42.31944671414057,42.31944671414057,21.159730993153076,True
4772,CBF,10,3,0.3,29.551415178475974,59.10283035695195,23.225886950306606,True
4772,UBCF,10,1,0.1,,0.0,,True
4773,CBF,10,3,0.3,36.01495180206175,72.0299036041235,23.225886950306606,True
4773,UBCF,10,1,0.1,,0.0,,True
4774,CBF,10,1,0.1,,0.0,,True
4774,UBCF,10,1,0.1,,0.0,,True
4775,CBF,10,2,0.2,27.972552036849212,27.972552036849212,13.986278905543603,True
4775,UBCF,10,2,0.2,10.351160117462083,10.351160117462083,5.175580061801435,True
4776,CBF,10,3,0.3,4.074185963966412,8.148371927932825,3.170618319970552,True
4776,UBCF,10,1,0.1,,0.0,,True
4777,CBF,10,1,0.1,,0.0,,True
4777,UBCF,10,1,0.1,,0.0,,True
4778,CBF,10,3,0.3,16.962779864591603,33.925559729183206,14.670392701795173,True
4778,UBCF,10,1,0.1,,0.0,,True
4779,CBF,10,2,0.2,1.5431923121318396,1.5431923121318396,0.7715961563145184,True
4779,UBCF,10,1,0.1,,0.0,,True
4780,CBF,10,1,0.1,,0.0,,True
4780,UBCF,10,1,0.1,,0.0,,True
4781,CBF,10,1,0.1,,0.0,,True
4781,UBCF,10,1,0.1,,0.0,,True
4782,CBF,10,2,0.2,29.89854070349174,29.89854070349174,14.949274753757285,True
4782,UBCF,10,1,0.1,,0.0,,True
4783,CBF,10,2,0.2,43.262588299701214,43.262588299701214,21.631301429361923,True
4783,UBCF,10,1,0.1,,0.0,,True
4784,CBF,10,4,0.4,22.328899971465518,66.98669991439655,20.997982841365136,True
4784,UBCF,10,1,0.1,,0.0,,True
4785,CBF,10,2,0.2,27.972552036849212,27.972552036849212,13.986278905543603,True
4785,UBCF,10,2,0.2,11.749728398231753,11.749728398231753,5.874864397864018,True
4786,CBF,10,1,0.1,,0.0,,True
4786,UBCF,10,1,0.1,,0.0,,True
4787,CBF,10,2,0.2,1.4520848238930628,1.4520848238930628,0.7260424121934375,True
4787,UBCF,10,1,0.1,,0.0,,True
4788,CBF,10,2,0.2,19.380806902927784,19.380806902927784,9.690404897837317,True
4788,UBCF,10,1,0.1,,0.0,,True
4789,CBF,10,1,0.1,,0.0,,True
4789,UBCF,10,1,0.1,,0.0,,True
4790,CBF,10,4,0.4,23.294932491716395,69.88479747514918,22.047786843926982,True
4790,UBCF,10,1,0.1,,0.0,,True
4791,CBF,10,1,0.1,,0.0,,True
4791,UBCF,10,1,0.1,,0.0,,True
4792,CBF,10,2,0.2,27.972552036849212,27.972552036849212,13.986278905543603,True
4792,UBCF,10,1,0.1,,0.0,,True
4793,CBF,10,2,0.2,39.884336960417365,39.884336960417365,19.94216859195539,True
4793,UBCF,10,1,0.1,,0.0,,True
4794,CBF,10,2,0.2,28.163648891291636,28.163648891291636,14.081829185081,True
4794,UBCF,10,1,0.1,,0.0,,True
4795,CBF,10,3,0.3,16.962779864591603,33.925559729183206,14.670392701795173,True
4795,UBCF,10,1,0.1,,0.0,,True
4796,CBF,10,2,0.2,27.972552036849212,27.972552036849212,13.986278905543603,True
4796,UBCF,10,1,0.1,,0.0,,True
4797,CBF,10,1,0.1,,0.0,,True
4797,UBCF,10,1,0.1,,0.0,,True
4798,CBF,10,1,0.1,,0.0,,True
4798,UBCF,10,2,0.2,37.90428148972095,37.90428148972095,18.95215698491864,True
4799,CBF,10,2,0.2,1.4317359571066377,1.4317359571066377,0.7158679788583666,True
4799,UBCF,10,1,0.1,,0.0,,True
4800,CBF,10,2,0.2,1.4317359571066377,1.4317359571066377,0.7158679788583666,True
4800,UBCF,10,1,0.1,,0.0,,True
4801,CBF,10,1,0.1,,0.0,,True
4801,UBCF,10,1,0.1,,0.0,,True
4802,CBF,10,1,0.1,,0.0,,True
4802,UBCF,10,2,0.2,37.90428148972095,37.90428148972095,18.95215698491864,True
4803,CBF,10,1,0.1,,0.0,,True
4803,UBCF,10,1,0.1,,0.0,,True
4805,CBF,10,2,0.2,39.68146350068155,39.68146350068155,19.840734382814126,True
4805,UBCF,10,1,0.1,,0.0,,True
4806,CBF,10,1,0.1,,0.0,,True
4806,UBCF,10,1,0.1,,0.0,,True
4807,CBF,10,3,0.3,29.741831496078074,59.48366299215615,22.03639370655,True
4807,UBCF,10,1,0.1,,0.0,,True
4808,CBF,10,2,0.2,1.4317359571066377,1.4317359571066377,0.7158679788583666,True
4808,UBCF,10,1,0.1,,0.0,,True
4809,CBF,10,1,0.1,,0.0,,True
4809,UBCF,10,1,0.1,,0.0,,True
4810,CBF,10,1,0.1,,0.0,,True
4810,UBCF,10,1,0.1,,0.0,,True
4811,CBF,10,1,0.1,,0.0,,True
4811,UBCF,10,1,0.1,,0.0,,True
4812,CBF,10,1,0.1,,0.0,,True
4812,UBCF,10,2,0.2,31.35401553770087,31.35401553770087,15.677013546193354,True
4813,CBF,10,1,0.1,,0.0,,True
4813,UBCF,10,1,0.1,,0.0,,True
4814,CBF,10,1,0.1,,0.0,,True
4814,UBCF,10,1,0.1,,0.0,,True
4815,CBF,10,2,0.2,1.5156689175409355,1.5156689175409355,0.7578344591212706,True
4815,UBCF,10,2,0.2,37.90428148972095,37.90428148972095,18.95215698491864,True
4816,CBF,10,1,0.1,,0.0,,True
4816,UBCF,10,1,0.1,,0.0,,True
4817,CBF,10,2,0.2,28.163648891291636,28.163648891291636,14.081829185081,True
4817,UBCF,10,1,0.1,,0.0,,True
4818,CBF,10,2,0.2,1.5431923121318396,1.5431923121318396,0.7715961563145184,True
4818,UBCF,10,1,0.1,,0.0,,True
4819,CBF,10,2,0.2,17.82423193742532,17.82423193742532,8.912116066560213,True
4819,UBCF,10,2,0.2,11.749728398231753,11.749728398231753,5.874864397864018,True
4820,CBF,10,1,0.1,,0.0,,True
4820,UBCF,10,1,0.1,,0.0,,True
4821,CBF,10,2,0.2,20.357530189223063,20.357530189223063,10.178765101099387,True
4821,UBCF,10,1,0.1,,0.0,,True
4822,CBF,10,1,0.1,,0.0,,True
4822,UBCF,10,1,0.1,,0.0,,True
4823,CBF,10,2,0.2,28.163648891291636,28.163648891291636,14.081829185081,True
4823,UBCF,10,1,0.1,,0.0,,True
4824,CBF,10,1,0.1,,0.0,,True
4824,UBCF,10,1,0.1,,0.0,,True
4825,CBF,10,4,0.4,32.756986063178154,98.27095818953445,21.789124382380102,True
4825,UBCF,10,1,0.1,,0.0,,True
4826,CBF,10,1,0.1,,0.0,,True
4826,UBCF,10,1,0.1,,0.0,,True
4827,CBF,10,1,0.1,,0.0,,True
4827,UBCF,10,1,0.1,,0.0,,True
4828,CBF,10,1,0.1,,0.0,,True
4828,UBCF,10,2,0.2,33.307372647861015,33.307372647861015,16.653688974915404,True
4829,CBF,10,1,0.1,,0.0,,True
4829,UBCF,10,1,0.1,,0.0,,True
4830,CBF,10,4,0.4,10.911355582671101,32.734066748013305,6.111497068475422,True
4830,UBCF,10,2,0.2,37.90428148972095,37.90428148972095,18.95215698491864,True
4831,CBF,10,2,0.2,1.4317359571066377,1.4317359571066377,0.7158679788583666,True
4831,UBCF,10,1,0.1,,0.0,,True
4832,CBF,10,1,0.1,,0.0,,True
4832,UBCF,10,1,0.1,,0.0,,True
4833,CBF,10,2,0.2,43.262588299701214,43.262588299701214,21.631301429361923,True
4833,UBCF,10,1,0.1,,0.0,,True
4834,CBF,10,4,0.4,26.061247221579663,78.18374166473899,22.011010628791702,True
4834,UBCF,10,1,0.1,,0.0,,True
4835,CBF,10,2,0.2,1.4317359571066377,1.4317359571066377,0.7158679788583666,True
4835,UBCF,10,1,0.1,,0.0,,True
4836,CBF,10,2,0.2,1.4317359571066377,1.4317359571066377,0.7158679788583666,True
4836,UBCF,10,1,0.1,,0.0,,True
4837,CBF,10,1,0.1,,0.0,,True
4837,UBCF,10,1,0.1,,0.0,,True
4838,CBF,10,1,0.1,,0.0,,True
4838,UBCF,10,1,0.1,,0.0,,True
4839,CBF,10,2,0.2,44.6387353025896,44.6387353025896,22.319382584751814,True
4839,UBCF,10,1,0.1,,0.0,,True
4840,CBF,10,2,0.2,39.68146350068155,39.68146350068155,19.840734382814126,True
4840,UBCF,10,1,0.1,,0.0,,True
4841,CBF,10,1,0.1,,0.0,,True
4841,UBCF,10,1,0.1,,0.0,,True
4842,CBF,10,1,0.1,,0.0,,True
4842,UBCF,10,1,0.1,,0.0,,True
4843,CBF,10,1,0.1,,0.0,,True
4843,UBCF,10,1,0.1,,0.0,,True
4844,CBF,10,2,0.2,1.851196413912366,1.851196413912366,0.9255982080141867,True
4844,UBCF,10,1,0.1,,0.0,,True
4845,CBF,10,1,0.1,,0.0,,True
4845,UBCF,10,2,0.2,43.06789496829618,43.06789496829618,21.53394824722954,True
4846,CBF,10,1,0.1,,0.0,,True
4846,UBCF,10,2,0.2,32.52874473344892,32.52874473344892,16.264373376438158,True
4847,CBF,10,1,0.1,,0.0,,True
4847,UBCF,10,1,0.1,,0.0,,True
4848,CBF,10,1,0.1,,0.0,,True
4848,UBCF,10,1,0.1,,0.0,,True
4849,CBF,10,1,0.1,,0.0,,True
4849,UBCF,10,1,0.1,,0.0,,True
4850,CBF,10,2,0.2,0.618187081322193,0.618187081322193,0.3090935406794648,True
4850,UBCF,10,1,0.1,,0.0,,True
4851,CBF,10,2,0.2,44.6387353025896,44.6387353025896,22.319382584751814,True
4851,UBCF,10,1,0.1,,0.0,,True
4852,CBF,10,2,0.2,1.4520848238930628,1.4520848238930628,0.7260424121934375,True
4852,UBCF,10,2,0.2,37.90428148972095,37.90428148972095,18.95215698491864,True
4853,CBF,10,2,0.2,1.4317359571066377,1.4317359571066377,0.7158679788583666,True
4853,UBCF,10,1,0.1,,0.0,,True
4854,CBF,10,1,0.1,,0.0,,True
4854,UBCF,10,1,0.1,,0.0,,True
4855,CBF,10,4,0.4,29.942399021227327,89.82719706368198,25.523284003577036,True
4855,UBCF,10,1,0.1,,0.0,,True
4856,CBF,10,2,0.2,33.85474968413719,33.85474968413719,16.92737540235248,True
4856,UBCF,10,1,0.1,,0.0,,True
4857,CBF,10,1,0.1,,0.0,,True
4857,UBCF,10,2,0.2,10.351160117462083,10.351160117462083,5.175580061801435,True
4858,CBF,10,1,0.1,,0.0,,True
4858,UBCF,10,1,0.1,,0.0,,True
4859,CBF,10,2,0.2,48.449119212536836,48.449119212536836,24.224563147790498,True
4859,UBCF,10,1,0.1,,0.0,,True
4860,CBF,10,2,0.2,43.262588299701214,43.262588299701214,21.631301429361923,True
4860,UBCF,10,1,0.1,,0.0,,True
4861,CBF,10,2,0.2,6.681125490125292,6.681125490125292,3.3405628053226177,True
4861,UBCF,10,1,0.1,,0.0,,True
4862,CBF,10,2,0.2,1.5156689175409355,1.5156689175409355,0.7578344591212706,True
4862,UBCF,10,1,0.1,,0.0,,True
4863,CBF,10,3,0.3,38.018461444091116,76.03692288818223,24.94602623208985,True
4863,UBCF,10,1,0.1,,0.0,,True
4864,CBF,10,1,0.1,,0.0,,True
4864,UBCF,10,1,0.1,,0.0,,True
4865,CBF,10,1,0.1,,0.0,,True
4865,UBCF,10,1,0.1,,0.0,,True
4866,CBF,10,3,0.3,39.05328904591443,78.10657809182887,22.70958043158625,True
4866,UBCF,10,2,0.2,32.52874473344892,32.52874473344892,16.264373376438158,True
4867,CBF,10,2,0.2,39.245429755089575,39.245429755089575,19.622723579412103,True
4867,UBCF,10,2,0.2,37.90428148972095,37.90428148972095,18.95215698491864,True
4868,CBF,10,2,0.2,33.307372647861015,33.307372647861015,16.653688974915404,True
4868,UBCF,10,1,0.1,,0.0,,True
4869,CBF,10,1,0.1,,0.0,,True
4869,UBCF,10,1,0.1,,0.0,,True
4870,CBF,10,2,0.2,1.5431923121318396,1.5431923121318396,0.7715961563145184,True
4870,UBCF,10,2,0.2,27.972552036849212,27.972552036849212,13.986278905543603,True
4871,CBF,10,2,0.2,9.002139463378297,9.002139463378297,4.501069834931309,True
4871,UBCF,10,1,0.1,,0.0,,True
4872,CBF,10,1,0.1,,0.0,,True
4872,UBCF,10,1,0.1,,0.0,,True
4873,CBF,10,2,0.2,33.85474968413719,33.85474968413719,16.92737540235248,True
4873,UBCF,10,1,0.1,,0.0,,True
4874,CBF,10,2,0.2,9.997351696463106,9.997351696463106,4.9986758987208155,True
4874,UBCF,10,4,0.4,47.8823417526963,143.6470252580889,28.474568781758435,True
4875,CBF,10,1,0.1,,0.0,,True
4875,UBCF,10,1,0.1,,0.0,,True
4876,CBF,10,1,0.1,,0.0,,True
4876,UBCF,10,2,0.2,27.972552036849212,27.972552036849212,13.986278905543603,True
4877,CBF,10,1,0.1,,0.0,,True
4877,UBCF,10,1,0.1,,0.0,,True
4878,CBF,10,1,0.1,,0.0,,True
4878,UBCF,10,1,0.1,,0.0,,True
4879,CBF,10,2,0.2,28.163648891291636,28.163648891291636,14.081829185081,True
4879,UBCF,10,1,0.1,,0.0,,True
4880,CBF,10,2,0.2,8.966796178516137,8.966796178516137,4.483398160676603,True
4880,UBCF,10,1,0.1,,0.0,,True
4881,CBF,10,3,0.3,1.9499017097780746,3.8998034195561493,1.4653763870902068,True
4881,UBCF,10,2,0.2,27.972552036849212,27.972552036849212,13.986278905543603,True
4882,CBF,10,1,0.1,,0.0,,True
4882,UBCF,10,2,0.2,37.90428148972095,37.90428148972095,18.95215698491864,True
4883,CBF,10,3,0.3,5.788912487354363,11.577824974708726,4.892843608144845,True
4883,UBCF,10,1,0.1,,0.0,,True
4884,CBF,10,2,0.2,27.972552036849212,27.972552036849212,13.986278905543603,True
4884,UBCF,10,1,0.1,,0.0,,True
4885,CBF,10,1,0.1,,0.0,,True
4885,UBCF,10,1,0.1,,0.0,,True
4886,CBF,10,2,0.2,33.67692365322722,33.67692365322722,16.838466700408475,True
4886,UBCF,10,1,0.1,,0.0,,True
4887,CBF,10,1,0.1,,0.0,,True
4887,UBCF,10,1,0.1,,0.0,,True
4888,CBF,10,2,0.2,36.24007716797648,36.24007716797648,18.12004609756425,True
4888,UBCF,10,1,0.1,,0.0,,True
4889,CBF,10,1,0.1,,0.0,,True
4889,UBCF,10,1,0.1,,0.0,,True
4890,CBF,10,2,0.2,43.07938720561975,43.07938720561975,21.53969449295095,True
4890,UBCF,10,1,0.1,,0.0,,True
4891,CBF,10,2,0.2,1.4317359571066377,1.4317359571066377,0.7158679788583666,True
4891,UBCF,10,1,0.1,,0.0,,True
4892,CBF,10,2,0.2,15.331600980045696,15.331600980045696,7.665801087987717,True
4892,UBCF,10,1,0.1,,0.0,,True
4893,CBF,10,2,0.2,43.07938720561975,43.07938720561975,21.53969449295095,True
4893,UBCF,10,1,0.1,,0.0,,True
4894,CBF,10,1,0.1,,0.0,,True
4894,UBCF,10,1,0.1,,0.0,,True
4895,CBF,10,1,0.1,,0.0,,True
4895,UBCF,10,1,0.1,,0.0,,True
4896,CBF,10,2,0.2,39.68146350068155,39.68146350068155,19.840734382814126,True
4896,UBCF,10,2,0.2,10.351160117462083,10.351160117462083,5.175580061801435,True
4897,CBF,10,2,0.2,32.70568879807172,32.70568879807172,16.352846904750777,True
4897,UBCF,10,1,0.1,,0.0,,True
4898,CBF,10,2,0.2,39.245429755089575,39.245429755089575,19.622723579412103,True
4898,UBCF,10,1,0.1,,0.0,,True
4899,CBF,10,1,0.1,,0.0,,True
4899,UBCF,10,1,0.1,,0.0,,True
4900,CBF,10,1,0.1,,0.0,,True
4900,UBCF,10,1,0.1,,0.0,,True
4901,CBF,10,1,0.1,,0.0,,True
4901,UBCF,10,1,0.1,,0.0,,True
4902,CBF,10,1,0.1,,0.0,,True
4902,UBCF,10,1,0.1,,0.0,,True
4903,CBF,10,2,0.2,1.4317359571066377,1.4317359571066377,0.7158679788583666,True
4903,UBCF,10,2,0.2,37.90428148972095,37.90428148972095,18.95215698491864,True
4904,CBF,10,2,0.2,28.163648891291636,28.163648891291636,14.081829185081,True
4904,UBCF,10,1,0.1,,0.0,,True
4905,CBF,10,2,0.2,42.58985072810587,42.58985072810587,21.294941911813737,True
4905,UBCF,10,1,0.1,,0.0,,True
4906,CBF,10,1,0.1,,0.0,,True
4906,UBCF,10,1,0.1,,0.0,,True
4907,CBF,10,1,0.1,,0.0,,True
4907,UBCF,10,1,0.1,,0.0,,True
4908,CBF,10,3,0.3,16.962779864591603,33.925559729183206,14.670392701795173,True
4908,UBCF,10,1,0.1,,0.0,,True
4909,CBF,10,1,0.1,,0.0,,True
4909,UBCF,10,1,0.1,,0.0,,True
4910,CBF,10,2,0.2,18.090856044061663,18.090856044061663,9.045429778932869,True
4910,UBCF,10,1,0.1,,0.0,,True
4911,CBF,10,1,0.1,,0.0,,True
4911,UBCF,10,2,0.2,10.351160117462083,10.351160117462083,5.175580061801435,True
4912,CBF,10,1,0.1,,0.0,,True
4912,UBCF,10,1,0.1,,0.0,,True
4913,CBF,10,1,0.1,,0.0,,True
4913,UBCF,10,1,0.1,,0.0,,True
4914,CBF,10,3,0.3,39.64262294641554,79.28524589283109,22.03639370655,True
4914,UBCF,10,1,0.1,,0.0,,True
4915,CBF,10,1,0.1,,0.0,,True
4915,UBCF,10,1,0.1,,0.0,,True
4916,CBF,10,1,0.1,,0.0,,True
4916,UBCF,10,1,0.1,,0.0,,True
4917,CBF,10,3,0.3,38.018461444091116,76.03692288818223,24.94602623208985,True
4917,UBCF,10,1,0.1,,0.0,,True
4918,CBF,10,1,0.1,,0.0,,True
4918,UBCF,10,1,0.1,,0.0,,True
4919,CBF,10,4,0.4,26.55953048088999,79.67859144266997,19.190306008873637,True
4919,UBCF,10,1,0.1,,0.0,,True
4920,CBF,10,2,0.2,48.46052491028783,48.46052491028783,24.230281176322904,True
4920,UBCF,10,1,0.1,,0.0,,True
4921,CBF,10,1,0.1,,0.0,,True
4921,UBCF,10,1,0.1,,0.0,,True
4922,CBF,10,1,0.1,,0.0,,True
4922,UBCF,10,1,0.1,,0.0,,True
4923,CBF,10,2,0.2,4.127413100707732,4.127413100707732,2.063706557612347,True
4923,UBCF,10,1,0.1,,0.0,,True
4924,CBF,10,2,0.2,36.24007716797648,36.24007716797648,18.12004609756425,True
4924,UBCF,10,1,0.1,,0.0,,True
4925,CBF,10,1,0.1,,0.0,,True
4925,UBCF,10,1,0.1,,0.0,,True
4926,CBF,10,3,0.3,26.513284736420353,53.026569472840706,15.223148201525666,True
4926,UBCF,10,1,0.1,,0.0,,True
4927,CBF,10,2,0.2,6.7248568044950225,6.7248568044950225,3.3624284085941114,True
4927,UBCF,10,1,0.1,,0.0,,True
4928,CBF,10,2,0.2,34.29011890939597,34.29011890939597,17.145067764900144,True
4928,UBCF,10,1,0.1,,0.0,,True
4929,CBF,10,2,0.2,2.3181081257908294,2.3181081257908294,1.1590540648649006,True
4929,UBCF,10,1,0.1,,0.0,,True
4930,CBF,10,1,0.1,,0.0,,True
4930,UBCF,10,1,0.1,,0.0,,True
4931,CBF,10,2,0.2,27.972552036849212,27.972552036849212,13.986278905543603,True
4931,UBCF,10,1,0.1,,0.0,,True
4932,CBF,10,2,0.2,1.4317359571066377,1.4317359571066377,0.7158679788583666,True
4932,UBCF,10,1,0.1,,0.0,,True
4933,CBF,10,4,0.4,19.207387241132025,57.622161723396076,16.083995679345115,True
4933,UBCF,10,1,0.1,,0.0,,True
4934,CBF,10,1,0.1,,0.0,,True
4934,UBCF,10,1,0.1,,0.0,,True
4935,CBF,10,1,0.1,,0.0,,True
4935,UBCF,10,1,0.1,,0.0,,True
4936,CBF,10,1,0.1,,0.0,,True
4936,UBCF,10,2,0.2,37.90428148972095,37.90428148972095,18.95215698491864,True
4937,CBF,10,1,0.1,,0.0,,True
4937,UBCF,10,1,0.1,,0.0,,True
4938,CBF,10,2,0.2,45.85743379833855,45.85743379833855,22.92871906581808,True
4938,UBCF,10,1,0.1,,0.0,,True
4939,CBF,10,2,0.2,38.97541147027279,38.97541147027279,19.487708880396617,True
4939,UBCF,10,1,0.1,,0.0,,True
4940,CBF,10,2,0.2,43.50817815473331,43.50817815473331,21.754100831478382,True
4940,UBCF,10,1,0.1,,0.0,,True
4941,CBF,10,2,0.2,1.851196413912366,1.851196413912366,0.9255982080141867,True
4941,UBCF,10,1,0.1,,0.0,,True
4942,CBF,10,2,0.2,43.262588299701214,43.262588299701214,21.631301429361923,True
4942,UBCF,10,1,0.1,,0.0,,True
4943,CBF,10,2,0.2,1.4317359571066377,1.4317359571066377,0.7158679788583666,True
4943,UBCF,10,1,0.1,,0.0,,True
4944,CBF,10,1,0.1,,0.0,,True
4944,UBCF,10,1,0.1,,0.0,,True
4945,CBF,10,3,0.3,39.05328904591443,78.10657809182887,22.70958043158625,True
4945,UBCF,10,1,0.1,,0.0,,True
4946,CBF,10,1,0.1,,0.0,,True
4946,UBCF,10,2,0.2,37.90428148972095,37.90428148972095,18.95215698491864,True
4947,CBF,10,1,0.1,,0.0,,True
4947,UBCF,10,1,0.1,,0.0,,True
4948,CBF,10,3,0.3,50.075337687662994,100.15067537532599,28.335316861705888,True
4948,UBCF,10,1,0.1,,0.0,,True
4949,CBF,10,2,0.2,38.54334327738816,38.54334327738816,19.27168404100997,True
4949,UBCF,10,1,0.1,,0.0,,True
4950,CBF,10,1,0.1,,0.0,,True
4950,UBCF,10,1,0.1,,0.0,,True
4951,CBF,10,4,0.4,8.408161596905684,25.22448479071705,9.168335956807377,True
4951,UBCF,10,1,0.1,,0.0,,True
4952,CBF,10,3,0.3,38.81877516953293,77.63755033906585,27.314473332598265,True
4952,UBCF,10,1,0.1,,0.0,,True
4953,CBF,10,2,0.2,29.15869940542207,29.15869940542207,14.579355363761266,True
4953,UBCF,10,1,0.1,,0.0,,True
4954,CBF,10,1,0.1,,0.0,,True
4954,UBCF,10,1,0.1,,0.0,,True
4955,CBF,10,2,0.2,39.884336960417365,39.884336960417365,19.94216859195539,True
4955,UBCF,10,1,0.1,,0.0,,True
4956,CBF,10,2,0.2,43.262588299701214,43.262588299701214,21.631301429361923,True
4956,UBCF,10,1,0.1,,0.0,,True
4957,CBF,10,1,0.1,,0.0,,True
4957,UBCF,10,1,0.1,,0.0,,True
4958,CBF,10,2,0.2,43.262588299701214,43.262588299701214,21.631301429361923,True
4958,UBCF,10,1,0.1,,0.0,,True
4959,CBF,10,3,0.3,30.945079921054653,61.890159842109306,23.20111802544329,True
4959,UBCF,10,1,0.1,,0.0,,True
4960,CBF,10,2,0.2,24.475756360953795,24.475756360953795,12.237881850962218,True
4960,UBCF,10,1,0.1,,0.0,,True
4961,CBF,10,1,0.1,,0.0,,True
4961,UBCF,10,1,0.1,,0.0,,True
4962,CBF,10,1,0.1,,0.0,,True
4962,UBCF,10,1,0.1,,0.0,,True
4963,CBF,10,2,0.2,28.163648891291636,28.163648891291636,14.081829185081,True
4963,UBCF,10,1,0.1,,0.0,,True
4964,CBF,10,1,0.1,,0.0,,True
4964,UBCF,10,1,0.1,,0.0,,True
4965,CBF,10,1,0.1,,0.0,,True
4965,UBCF,10,1,0.1,,0.0,,True
4966,CBF,10,1,0.1,,0.0,,True
4966,UBCF,10,1,0.1,,0.0,,True
4967,CBF,10,2,0.2,9.997351696463106,9.997351696463106,4.9986758987208155,True
4967,UBCF,10,2,0.2,43.06789496829618,43.06789496829618,21.53394824722954,True
4968,CBF,10,1,0.1,,0.0,,True
4968,UBCF,10,1,0.1,,0.0,,True
4969,CBF,10,2,0.2,8.412640195690354,8.412640195690354,4.206320154926033,True
4969,UBCF,10,1,0.1,,0.0,,True
4970,CBF,10,1,0.1,,0.0,,True
4970,UBCF,10,1,0.1,,0.0,,True
4971,CBF,10,1,0.1,,0.0,,True
4971,UBCF,10,1,0.1,,0.0,,True
4972,CBF,10,2,0.2,43.262588299701214,43.262588299701214,21.631301429361923,True
4972,UBCF,10,1,0.1,,0.0,,True
4973,CBF,10,1,0.1,,0.0,,True
4973,UBCF,10,1,0.1,,0.0,,True
4974,CBF,10,2,0.2,15.331600980045696,15.331600980045696,7.665801087987717,True
4974,UBCF,10,1,0.1,,0.0,,True
4975,CBF,10,1,0.1,,0.0,,True
4975,UBCF,10,1,0.1,,0.0,,True
4976,CBF,10,3,0.3,8.787898476085292,17.575796952170585,6.855558252398272,True
4976,UBCF,10,1,0.1,,0.0,,True
4977,CBF,10,1,0.1,,0.0,,True
4977,UBCF,10,1,0.1,,0.0,,True
4978,CBF,10,1,0.1,,0.0,,True
4978,UBCF,10,1,0.1,,0.0,,True
4979,CBF,10,1,0.1,,0.0,,True
4979,UBCF,10,1,0.1,,0.0,,True
4980,CBF,10,2,0.2,0.618187081322193,0.618187081322193,0.3090935406794648,True
4980,UBCF,10,1,0.1,,0.0,,True
4981,CBF,10,1,0.1,,0.0,,True
4981,UBCF,10,1,0.1,,0.0,,True
4982,CBF,10,1,0.1,,0.0,,True
4982,UBCF,10,2,0.2,37.90428148972095,37.90428148972095,18.95215698491864,True
4983,CBF,10,2,0.2,1.4317359571066377,1.4317359571066377,0.7158679788583666,True
4983,UBCF,10,1,0.1,,0.0,,True
4984,CBF,10,3,0.3,26.317342531553333,52.634685063106666,16.782978067037174,True
4984,UBCF,10,1,0.1,,0.0,,True
4985,CBF,10,2,0.2,33.67692365322722,33.67692365322722,16.838466700408475,True
4985,UBCF,10,2,0.2,42.31944671414057,42.31944671414057,21.159730993153076,True
4986,CBF,10,1,0.1,,0.0,,True
4986,UBCF,10,1,0.1,,0.0,,True
4987,CBF,10,1,0.1,,0.0,,True
4987,UBCF,10,1,0.1,,0.0,,True
4988,CBF,10,2,0.2,28.163648891291636,28.163648891291636,14.081829185081,True
4988,UBCF,10,1,0.1,,0.0,,True
4989,CBF,10,1,0.1,,0.0,,True
4989,UBCF,10,1,0.1,,0.0,,True
4990,CBF,10,2,0.2,1.5431923121318396,1.5431923121318396,0.7715961563145184,True
4990,UBCF,10,1,0.1,,0.0,,True
4991,CBF,10,2,0.2,37.35741221002603,37.35741221002603,18.678713127900732,True
4991,UBCF,10,1,0.1,,0.0,,True
4992,CBF,10,2,0.2,28.163648891291636,28.163648891291636,14.081829185081,True
4992,UBCF,10,1,0.1,,0.0,,True
4994,CBF,10,2,0.2,27.972552036849212,27.972552036849212,13.986278905543603,True
4994,UBCF,10,2,0.2,42.31944671414057,42.31944671414057,21.159730993153076,True
4995,CBF,10,1,0.1,,0.0,,True
4995,UBCF,10,1,0.1,,0.0,,True
4996,CBF,10,1,0.1,,0.0,,True
4996,UBCF,10,2,0.2,42.465208485480964,42.465208485480964,21.23260746937205,True
4997,CBF,10,1,0.1,,0.0,,True
4997,UBCF,10,1,0.1,,0.0,,True
4998,CBF,10,2,0.2,33.67692365322722,33.67692365322722,16.838466700408475,True
4998,UBCF,10,1,0.1,,0.0,,True
4999,CBF,10,2,0.2,4.127413100707732,4.127413100707732,2.063706557612347,True
4999,UBCF,10,1,0.1,,0.0,,True
5000,CBF,10,4,0.4,8.581333005178434,25.7439990155353,5.52440225451474,True
5000,UBCF,10,2,0.2,31.43542951846135,31.43542951846135,15.717719488393843,True
5001,CBF,10,2,0.2,29.444732784299944,29.444732784299944,14.722369133263221,True
5001,UBCF,10,1,0.1,,0.0,,True
5002,CBF,10,2,0.2,27.972552036849212,27.972552036849212,13.986278905543603,True
5002,UBCF,10,1,0.1,,0.0,,True
5003,CBF,10,2,0.2,33.67692365322722,33.67692365322722,16.838466700408475,True
5003,UBCF,10,1,0.1,,0.0,,True
5004,CBF,10,1,0.1,,0.0,,True
5004,UBCF,10,1,0.1,,0.0,,True
5005,CBF,10,2,0.2,27.972552036849212,27.972552036849212,13.986278905543603,True
5005,UBCF,10,1,0.1,,0.0,,True
5006,CBF,10,2,0.2,1.4520848238930628,1.4520848238930628,0.7260424121934375,True
5006,UBCF,10,1,0.1,,0.0,,True
5007,CBF,10,2,0.2,33.307372647861015,33.307372647861015,16.653688974915404,True
5007,UBCF,10,1,0.1,,0.0,,True
5008,CBF,10,1,0.1,,0.0,,True
5008,UBCF,10,1,0.1,,0.0,,True
5009,CBF,10,1,0.1,,0.0,,True
5009,UBCF,10,1,0.1,,0.0,,True
5010,CBF,10,2,0.2,27.972552036849212,27.972552036849212,13.986278905543603,True
5010,UBCF,10,1,0.1,,0.0,,True
5011,CBF,10,3,0.3,31.083350173618644,62.16670034723729,21.32895967861381,True
5011,UBCF,10,1,0.1,,0.0,,True
5012,CBF,10,2,0.2,39.304889873625584,39.304889873625584,19.65246355239085,True
5012,UBCF,10,1,0.1,,0.0,,True
5013,CBF,10,2,0.2,0.618187081322193,0.618187081322193,0.3090935406794648,True
5013,UBCF,10,2,0.2,37.716643134514264,37.716643134514264,18.8583301894921,True
5014,CBF,10,1,0.1,,0.0,,True
5014,UBCF,10,1,0.1,,0.0,,True
5015,CBF,10,4,0.4,30.661671726913823,91.98501518074147,29.221445516703234,True
5015,UBCF,10,1,0.1,,0.0,,True
5016,CBF,10,2,0.2,28.163648891291636,28.163648891291636,14.081829185081,True
5016,UBCF,10,1,0.1,,0.0,,True
5017,CBF,10,2,0.2,38.97541147027279,38.97541147027279,19.487708880396617,True
5017,UBCF,10,1,0.1,,0.0,,True
5018,CBF,10,1,0.1,,0.0,,True
5018,UBCF,10,2,0.2,11.749728398231753,11.749728398231753,5.874864397864018,True
5019,CBF,10,1,0.1,,0.0,,True
5019,UBCF,10,1,0.1,,0.0,,True
5020,CBF,10,1,0.1,,0.0,,True
5020,UBCF,10,1,0.1,,0.0,,True
5021,CBF,10,2,0.2,28.163648891291636,28.163648891291636,14.081829185081,True
5021,UBCF,10,1,0.1,,0.0,,True
5022,CBF,10,2,0.2,32.70568879807172,32.70568879807172,16.352846904750777,True
5022,UBCF,10,2,0.2,19.380806902927784,19.380806902927784,9.690404897837317,True
5023,CBF,10,2,0.2,19.380806902927784,19.380806902927784,9.690404897837317,True
5023,UBCF,10,1,0.1,,0.0,,True
5024,CBF,10,1,0.1,,0.0,,True
5024,UBCF,10,1,0.1,,0.0,,True
5025,CBF,10,2,0.2,1.851196413912366,1.851196413912366,0.9255982080141867,True
5025,UBCF,10,1,0.1,,0.0,,True
5027,CBF,10,2,0.2,43.262588299701214,43.262588299701214,21.631301429361923,True
5027,UBCF,10,1,0.1,,0.0,,True
5028,CBF,10,3,0.3,19.86916854607542,39.73833709215084,13.812411814634183,True
5028,UBCF,10,1,0.1,,0.0,,True
5029,CBF,10,1,0.1,,0.0,,True
5029,UBCF,10,1,0.1,,0.0,,True
5030,CBF,10,1,0.1,,0.0,,True
5030,UBCF,10,1,0.1,,0.0,,True
5031,CBF,10,2,0.2,1.4317359571066377,1.4317359571066377,0.7158679788583666,True
5031,UBCF,10,1,0.1,,0.0,,True
5032,CBF,10,1,0.1,,0.0,,True
5032,UBCF,10,1,0.1,,0.0,,True
5033,CBF,10,2,0.2,27.972552036849212,27.972552036849212,13.986278905543603,True
5033,UBCF,10,2,0.2,32.52874473344892,32.52874473344892,16.264373376438158,True
5034,CBF,10,1,0.1,,0.0,,True
5034,UBCF,10,1,0.1,,0.0,,True
5035,CBF,10,1,0.1,,0.0,,True
5035,UBCF,10,1,0.1,,0.0,,True
5036,CBF,10,2,0.2,28.163648891291636,28.163648891291636,14.081829185081,True
5036,UBCF,10,1,0.1,,0.0,,True
5037,CBF,10,2,0.2,42.58985072810587,42.58985072810587,21.294941911813737,True
5037,UBCF,10,1,0.1,,0.0,,True
5038,CBF,10,1,0.1,,0.0,,True
5038,UBCF,10,1,0.1,,0.0,,True
5039,CBF,10,2,0.2,9.5932089449933,9.5932089449933,4.7966045159470685,True
5039,UBCF,10,1,0.1,,0.0,,True
5040,CBF,10,1,0.1,,0.0,,True
5040,UBCF,10,1,0.1,,0.0,,True
5041,CBF,10,1,0.1,,0.0,,True
5041,UBCF,10,1,0.1,,0.0,,True
5042,CBF,10,2,0.2,2.3181081257908294,2.3181081257908294,1.1590540648649006,True
5042,UBCF,10,1,0.1,,0.0,,True
5043,CBF,10,3,0.3,16.661937939696955,33.32387587939391,14.670392701795173,True
5043,UBCF,10,1,0.1,,0.0,,True
5044,CBF,10,1,0.1,,0.0,,True
5044,UBCF,10,1,0.1,,0.0,,True
5045,CBF,10,1,0.1,,0.0,,True
5045,UBCF,10,2,0.2,37.90428148972095,37.90428148972095,18.95215698491864,True
5046,CBF,10,3,0.3,31.429643406844413,62.859286813688826,24.100304972323233,True
5046,UBCF,10,2,0.2,42.31944671414057,42.31944671414057,21.159730993153076,True
5047,CBF,10,1,0.1,,0.0,,True
5047,UBCF,10,1,0.1,,0.0,,True
5048,CBF,10,3,0.3,16.661937939696955,33.32387587939391,14.670392701795173,True
5048,UBCF,10,1,0.1,,0.0,,True
5049,CBF,10,2,0.2,32.52874473344892,32.52874473344892,16.264373376438158,True
5049,UBCF,10,1,0.1,,0.0,,True
5050,CBF,10,1,0.1,,0.0,,True
5050,UBCF,10,1,0.1,,0.0,,True
5051,CBF,10,2,0.2,27.972552036849212,27.972552036849212,13.986278905543603,True
5051,UBCF,10,1,0.1,,0.0,,True
5052,CBF,10,2,0.2,1.4317359571066377,1.4317359571066377,0.7158679788583666,True
5052,UBCF,10,2,0.2,11.749728398231753,11.749728398231753,5.874864397864018,True
5053,CBF,10,1,0.1,,0.0,,True
5053,UBCF,10,1,0.1,,0.0,,True
5054,CBF,10,4,0.4,26.7243388864777,80.1730166594331,20.997982841365136,True
5054,UBCF,10,1,0.1,,0.0,,True
5055,CBF,10,2,0.2,28.36255448689769,28.36255448689769,14.181277271175478,True
5055,UBCF,10,2,0.2,10.351160117462083,10.351160117462083,5.175580061801435,True
5056,CBF,10,2,0.2,7.90812379907292,7.90812379907292,3.954061946399003,True
5056,UBCF,10,1,0.1,,0.0,,True
5057,CBF,10,1,0.1,,0.0,,True
5057,UBCF,10,2,0.2,31.43542951846135,31.43542951846135,15.717719488393843,True
5058,CBF,10,2,0.2,1.851196413912366,1.851196413912366,0.9255982080141867,True
5058,UBCF,10,2,0.2,37.90428148972095,37.90428148972095,18.95215698491864,True
5059,CBF,10,1,0.1,,0.0,,True
5059,UBCF,10,1,0.1,,0.0,,True
5060,CBF,10,2,0.2,29.444732784299944,29.444732784299944,14.722369133263221,True
5060,UBCF,10,2,0.2,10.351160117462083,10.351160117462083,5.175580061801435,True
5061,CBF,10,1,0.1,,0.0,,True
5061,UBCF,10,1,0.1,,0.0,,True
5062,CBF,10,3,0.3,10.66612670445373,21.33225340890746,6.855558252398129,True
5062,UBCF,10,1,0.1,,0.0,,True
5063,CBF,10,1,0.1,,0.0,,True
5063,UBCF,10,1,0.1,,0.0,,True
5064,CBF,10,1,0.1,,0.0,,True
5064,UBCF,10,1,0.1,,0.0,,True
5065,CBF,10,2,0.2,33.67692365322722,33.67692365322722,16.838466700408475,True
5065,UBCF,10,1,0.1,,0.0,,True
5066,CBF,10,2,0.2,1.4317359571066377,1.4317359571066377,0.7158679788583666,True
5066,UBCF,10,1,0.1,,0.0,,True
5067,CBF,10,2,0.2,1.4317359571066377,1.4317359571066377,0.7158679788583666,True
5067,UBCF,10,1,0.1,,0.0,,True
5068,CBF,10,1,0.1,,0.0,,True
5068,UBCF,10,1,0.1,,0.0,,True
5069,CBF,10,1,0.1,,0.0,,True
5069,UBCF,10,1,0.1,,0.0,,True
5070,CBF,10,2,0.2,39.245429755089575,39.245429755089575,19.622723579412103,True
5070,UBCF,10,1,0.1,,0.0,,True
5071,CBF,10,1,0.1,,0.0,,True
5071,UBCF,10,1,0.1,,0.0,,True
5072,CBF,10,3,0.3,29.253961518229833,58.507923036459665,21.212851599467935,True
5072,UBCF,10,1,0.1,,0.0,,True
5073,CBF,10,2,0.2,39.89544829710059,39.89544829710059,19.947732443611972,True
5073,UBCF,10,1,0.1,,0.0,,True
5074,CBF,10,2,0.2,28.163648891291636,28.163648891291636,14.081829185081,True
5074,UBCF,10,1,0.1,,0.0,,True
5075,CBF,10,2,0.2,33.214895727349095,33.214895727349095,16.60744789747381,True
5075,UBCF,10,1,0.1,,0.0,,True
5076,CBF,10,1,0.1,,0.0,,True
5076,UBCF,10,1,0.1,,0.0,,True
5077,CBF,10,3,0.3,17.422387190708463,34.844774381416926,13.984483048124067,True
5077,UBCF,10,1,0.1,,0.0,,True
5078,CBF,10,1,0.1,,0.0,,True
5078,UBCF,10,1,0.1,,0.0,,True
5079,CBF,10,3,0.3,35.527917328582674,71.05583465716535,24.996926347248234,True
5079,UBCF,10,1,0.1,,0.0,,True
5080,CBF,10,1,0.1,,0.0,,True
5080,UBCF,10,1,0.1,,0.0,,True
5081,CBF,10,1,0.1,,0.0,,True
5081,UBCF,10,1,0.1,,0.0,,True
5082,CBF,10,2,0.2,48.19676460694125,48.19676460694125,24.098397818137045,True
5082,UBCF,10,1,0.1,,0.0,,True
5083,CBF,10,2,0.2,39.884336960417365,39.884336960417365,19.94216859195539,True
5083,UBCF,10,1,0.1,,0.0,,True
5084,CBF,10,2,0.2,1.4317359571066377,1.4317359571066377,0.7158679788583666,True
5084,UBCF,10,1,0.1,,0.0,,True
5085,CBF,10,1,0.1,,0.0,,True
5085,UBCF,10,1,0.1,,0.0,,True
5086,CBF,10,1,0.1,,0.0,,True
5086,UBCF,10,1,0.1,,0.0,,True
5087,CBF,10,1,0.1,,0.0,,True
5087,UBCF,10,1,0.1,,0.0,,True
5088,CBF,10,1,0.1,,0.0,,True
5088,UBCF,10,1,0.1,,0.0,,True
5089,CBF,10,2,0.2,16.290572651640527,16.290572651640527,8.145286821625284,True
5089,UBCF,10,1,0.1,,0.0,,True
5090,CBF,10,1,0.1,,0.0,,True
5090,UBCF,10,1,0.1,,0.0,,True
5091,CBF,10,2,0.2,27.972552036849212,27.972552036849212,13.986278905543603,True
5091,UBCF,10,2,0.2,27.71682110999036,27.71682110999036,13.858413295653234,True
5092,CBF,10,2,0.2,2.3181081257908294,2.3181081257908294,1.1590540648649006,True
5092,UBCF,10,1,0.1,,0.0,,True
5093,CBF,10,3,0.3,8.187350185428986,16.374700370857973,6.221461723858849,True
5093,UBCF,10,1,0.1,,0.0,,True
5094,CBF,10,4,0.4,23.296937361766823,69.89081208530047,23.722835277308864,True
5094,UBCF,10,1,0.1,,0.0,,True
5095,CBF,10,1,0.1,,0.0,,True
5095,UBCF,10,2,0.2,48.054481419213076,48.054481419213076,24.027240711726357,True
5096,CBF,10,3,0.3,16.661937939696955,33.32387587939391,14.670392701795173,True
5096,UBCF,10,1,0.1,,0.0,,True
5097,CBF,10,2,0.2,1.5431923121318396,1.5431923121318396,0.7715961563145184,True
5097,UBCF,10,1,0.1,,0.0,,True
5098,CBF,10,2,0.2,28.163648891291636,28.163648891291636,14.081829185081,True
5098,UBCF,10,1,0.1,,0.0,,True
5099,CBF,10,2,0.2,12.122804876127761,12.122804876127761,6.061402969365908,True
5099,UBCF,10,1,0.1,,0.0,,True
5100,CBF,10,2,0.2,8.492806526192252,8.492806526192252,4.246403326945568,True
5100,UBCF,10,1,0.1,,0.0,,True
5101,CBF,10,1,0.1,,0.0,,True
5101,UBCF,10,1,0.1,,0.0,,True
5102,CBF,10,1,0.1,,0.0,,True
5102,UBCF,10,1,0.1,,0.0,,True
5103,CBF,10,1,0.1,,0.0,,True
5103,UBCF,10,1,0.1,,0.0,,True
5104,CBF,10,1,0.1,,0.0,,True
5104,UBCF,10,1,0.1,,0.0,,True
5105,CBF,10,2,0.2,33.214895727349095,33.214895727349095,16.60744789747381,True
5105,UBCF,10,1,0.1,,0.0,,True
5106,CBF,10,2,0.2,1.5431923121318396,1.5431923121318396,0.7715961563145184,True
5106,UBCF,10,1,0.1,,0.0,,True
5107,CBF,10,2,0.2,28.163648891291636,28.163648891291636,14.081829185081,True
5107,UBCF,10,1,0.1,,0.0,,True
5108,CBF,10,4,0.4,22.267102957007964,66.80130887102389,22.04778684392722,True
5108,UBCF,10,1,0.1,,0.0,,True
5109,CBF,10,3,0.3,2.0326442899556976,4.065288579911395,1.4617225365868707,True
5109,UBCF,10,1,0.1,,0.0,,True
5110,CBF,10,2,0.2,1.4317359571066377,1.4317359571066377,0.7158679788583666,True
5110,UBCF,10,1,0.1,,0.0,,True
5111,CBF,10,1,0.1,,0.0,,True
5111,UBCF,10,1,0.1,,0.0,,True
5112,CBF,10,2,0.2,33.307372647861015,33.307372647861015,16.653688974915404,True
5112,UBCF,10,1,0.1,,0.0,,True
5113,CBF,10,3,0.3,15.733591411112258,31.467182822224515,12.498526438557732,True
5113,UBCF,10,1,0.1,,0.0,,True
5114,CBF,10,1,0.1,,0.0,,True
5114,UBCF,10,1,0.1,,0.0,,True
5115,CBF,10,1,0.1,,0.0,,True
5115,UBCF,10,1,0.1,,0.0,,True
5116,CBF,10,2,0.2,38.54334327738816,38.54334327738816,19.27168404100997,True
5116,UBCF,10,1,0.1,,0.0,,True
5117,CBF,10,1,0.1,,0.0,,True
5117,UBCF,10,1,0.1,,0.0,,True
5118,CBF,10,2,0.2,1.851196413912366,1.851196413912366,0.9255982080141867,True
5118,UBCF,10,1,0.1,,0.0,,True
5119,CBF,10,2,0.2,43.07938720561975,43.07938720561975,21.53969449295095,True
5119,UBCF,10,1,0.1,,0.0,,True
5120,CBF,10,1,0.1,,0.0,,True
5120,UBCF,10,1,0.1,,0.0,,True
5121,CBF,10,2,0.2,28.163648891291636,28.163648891291636,14.081829185081,True
5121,UBCF,10,1,0.1,,0.0,,True
5122,CBF,10,1,0.1,,0.0,,True
5122,UBCF,10,1,0.1,,0.0,,True
5123,CBF,10,2,0.2,47.42548488878177,47.42548488878177,23.712758341755357,True
5123,UBCF,10,2,0.2,10.351160117462083,10.351160117462083,5.175580061801435,True
5124,CBF,10,2,0.2,1.5156689175409355,1.5156689175409355,0.7578344591212706,True
5124,UBCF,10,1,0.1,,0.0,,True
5125,CBF,10,1,0.1,,0.0,,True
5125,UBCF,10,2,0.2,19.380806902927784,19.380806902927784,9.690404897837317,True
5126,CBF,10,2,0.2,27.972552036849212,27.972552036849212,13.986278905543603,True
5126,UBCF,10,1,0.1,,0.0,,True
5127,CBF,10,1,0.1,,0.0,,True
5127,UBCF,10,1,0.1,,0.0,,True
5128,CBF,10,1,0.1,,0.0,,True
5128,UBCF,10,1,0.1,,0.0,,True
5130,CBF,10,1,0.1,,0.0,,True
5130,UBCF,10,1,0.1,,0.0,,True
5131,CBF,10,1,0.1,,0.0,,True
5131,UBCF,10,1,0.1,,0.0,,True
5132,CBF,10,2,0.2,1.5431923121318396,1.5431923121318396,0.7715961563145184,True
5132,UBCF,10,1,0.1,,0.0,,True
5133,CBF,10,1,0.1,,0.0,,True
5133,UBCF,10,1,0.1,,0.0,,True
5134,CBF,10,1,0.1,,0.0,,True
5134,UBCF,10,1,0.1,,0.0,,True
5135,CBF,10,2,0.2,32.70568879807172,32.70568879807172,16.352846904750777,True
5135,UBCF,10,1,0.1,,0.0,,True
5136,CBF,10,3,0.3,51.71236007998358,103.42472015996717,27.314473332598265,True
5136,UBCF,10,1,0.1,,0.0,,True
5137,CBF,10,1,0.1,,0.0,,True
5137,UBCF,10,1,0.1,,0.0,,True
5138,CBF,10,1,0.1,,0.0,,True
5138,UBCF,10,1,0.1,,0.0,,True
5139,CBF,10,3,0.3,47.745311562003025,95.49062312400605,23.427638132482766,True
5139,UBCF,10,1,0.1,,0.0,,True
5140,CBF,10,2,0.2,42.569722268010715,42.569722268010715,21.284872890795384,True
5140,UBCF,10,2,0.2,37.90428148972095,37.90428148972095,18.95215698491864,True
5141,CBF,10,1,0.1,,0.0,,True
5141,UBCF,10,1,0.1,,0.0,,True
5142,CBF,10,2,0.2,39.68146350068155,39.68146350068155,19.840734382814126,True
5142,UBCF,10,1,0.1,,0.0,,True
5143,CBF,10,2,0.2,28.163648891291636,28.163648891291636,14.081829185081,True
5143,UBCF,10,1,0.1,,0.0,,True
5144,CBF,10,1,0.1,,0.0,,True
5144,UBCF,10,1,0.1,,0.0,,True
5145,CBF,10,1,0.1,,0.0,,True
5145,UBCF,10,1,0.1,,0.0,,True
5146,CBF,10,2,0.2,1.4520848238930628,1.4520848238930628,0.7260424121934375,True
5146,UBCF,10,1,0.1,,0.0,,True
5147,CBF,10,2,0.2,33.307372647861015,33.307372647861015,16.653688974915404,True
5147,UBCF,10,1,0.1,,0.0,,True
5148,CBF,10,3,0.3,51.71236007998358,103.42472015996717,27.314473332598265,True
5148,UBCF,10,1,0.1,,0.0,,True
5149,CBF,10,1,0.1,,0.0,,True
5149,UBCF,10,2,0.2,19.380806902927784,19.380806902927784,9.690404897837317,True
5150,CBF,10,1,0.1,,0.0,,True
5150,UBCF,10,1,0.1,,0.0,,True
5151,CBF,10,2,0.2,1.4317359571066377,1.4317359571066377,0.7158679788583666,True
5151,UBCF,10,2,0.2,37.90428148972095,37.90428148972095,18.95215698491864,True
5152,CBF,10,1,0.1,,0.0,,True
5152,UBCF,10,1,0.1,,0.0,,True
5153,CBF,10,2,0.2,2.3181081257908294,2.3181081257908294,1.1590540648649006,True
5153,UBCF,10,1,0.1,,0.0,,True
5154,CBF,10,2,0.2,1.4317359571066377,1.4317359571066377,0.7158679788583666,True
5154,UBCF,10,1,0.1,,0.0,,True
5155,CBF,10,1,0.1,,0.0,,True
5155,UBCF,10,1,0.1,,0.0,,True
5156,CBF,10,1,0.1,,0.0,,True
5156,UBCF,10,1,0.1,,0.0,,True
5157,CBF,10,3,0.3,33.20085757433042,66.40171514866084,23.427638132482766,True
5157,UBCF,10,1,0.1,,0.0,,True
5158,CBF,10,1,0.1,,0.0,,True
5158,UBCF,10,2,0.2,10.351160117462083,10.351160117462083,5.175580061801435,True
5159,CBF,10,1,0.1,,0.0,,True
5159,UBCF,10,1,0.1,,0.0,,True
5160,CBF,10,1,0.1,,0.0,,True
5160,UBCF,10,2,0.2,10.351160117462083,10.351160117462083,5.175580061801435,True
5161,CBF,10,1,0.1,,0.0,,True
5161,UBCF,10,2,0.2,37.90428148972095,37.90428148972095,18.95215698491864,True
5162,CBF,10,2,0.2,28.163648891291636,28.163648891291636,14.081829185081,True
5162,UBCF,10,1,0.1,,0.0,,True
5163,CBF,10,1,0.1,,0.0,,True
5163,UBCF,10,1,0.1,,0.0,,True
5164,CBF,10,1,0.1,,0.0,,True
5164,UBCF,10,1,0.1,,0.0,,True
5165,CBF,10,3,0.3,47.745311562003025,95.49062312400605,23.427638132482766,True
5165,UBCF,10,1,0.1,,0.0,,True
5167,CBF,10,2,0.2,48.46052491028783,48.46052491028783,24.230281176322904,True
5167,UBCF,10,1,0.1,,0.0,,True
5168,CBF,10,1,0.1,,0.0,,True
5168,UBCF,10,1,0.1,,0.0,,True
5169,CBF,10,2,0.2,18.063673535690604,18.063673535690604,9.031838163077367,True
5169,UBCF,10,1,0.1,,0.0,,True
5170,CBF,10,1,0.1,,0.0,,True
5170,UBCF,10,1,0.1,,0.0,,True
5171,CBF,10,2,0.2,20.357530189223063,20.357530189223063,10.178765101099387,True
5171,UBCF,10,2,0.2,20.56227028829262,20.56227028829262,10.281135193399617,True
5172,CBF,10,1,0.1,,0.0,,True
5172,UBCF,10,2,0.2,37.90428148972095,37.90428148972095,18.95215698491864,True
5173,CBF,10,2,0.2,19.380806902927784,19.380806902927784,9.690404897837317,True
5173,UBCF,10,1,0.1,,0.0,,True
5174,CBF,10,2,0.2,28.163648891291636,28.163648891291636,14.081829185081,True
5174,UBCF,10,1,0.1,,0.0,,True
5175,CBF,10,2,0.2,1.851196413912366,1.851196413912366,0.9255982080141867,True
5175,UBCF,10,2,0.2,27.972552036849212,27.972552036849212,13.986278905543603,True
5176,CBF,10,3,0.3,29.741831496078074,59.48366299215615,22.03639370655,True
5176,UBCF,10,1,0.1,,0.0,,True
5177,CBF,10,1,0.1,,0.0,,True
5177,UBCF,10,1,0.1,,0.0,,True
5178,CBF,10,2,0.2,28.163648891291636,28.163648891291636,14.081829185081,True
5178,UBCF,10,1,0.1,,0.0,,True
5179,CBF,10,2,0.2,27.972552036849212,27.972552036849212,13.986278905543603,True
5179,UBCF,10,2,0.2,10.351160117462083,10.351160117462083,5.175580061801435,True
5180,CBF,10,1,0.1,,0.0,,True
5180,UBCF,10,1,0.1,,0.0,,True
5181,CBF,10,1,0.1,,0.0,,True
5181,UBCF,10,1,0.1,,0.0,,True
5182,CBF,10,1,0.1,,0.0,,True
5182,UBCF,10,1,0.1,,0.0,,True
5183,CBF,10,1,0.1,,0.0,,True
5183,UBCF,10,1,0.1,,0.0,,True
5184,CBF,10,3,0.3,33.20085757433042,66.40171514866084,23.427638132482766,True
5184,UBCF,10,1,0.1,,0.0,,True
5185,CBF,10,3,0.3,14.247432640324192,28.494865280648384,12.208882619326722,True
5185,UBCF,10,1,0.1,,0.0,,True
5186,CBF,10,2,0.2,42.58985072810587,42.58985072810587,21.294941911813737,True
5186,UBCF,10,1,0.1,,0.0,,True
5187,CBF,10,2,0.2,1.5156689175409355,1.5156689175409355,0.7578344591212706,True
5187,UBCF,10,1,0.1,,0.0,,True
5188,CBF,10,1,0.1,,0.0,,True
5188,UBCF,10,1,0.1,,0.0,,True
5189,CBF,10,4,0.4,24.184783938894515,72.55435181668355,20.261094096195606,True
5189,UBCF,10,1,0.1,,0.0,,True
5190,CBF,10,1,0.1,,0.0,,True
5190,UBCF,10,1,0.1,,0.0,,True
5191,CBF,10,2,0.2,29.15869940542207,29.15869940542207,14.579355363761266,True
5191,UBCF,10,1,0.1,,0.0,,True
5192,CBF,10,2,0.2,1.4520848238930628,1.4520848238930628,0.7260424121934375,True
5192,UBCF,10,1,0.1,,0.0,,True
5193,CBF,10,2,0.2,27.972552036849212,27.972552036849212,13.986278905543603,True
5193,UBCF,10,1,0.1,,0.0,,True
5194,CBF,10,1,0.1,,0.0,,True
5194,UBCF,10,2,0.2,31.43542951846135,31.43542951846135,15.717719488393843,True
5195,CBF,10,2,0.2,39.131166621556076,39.131166621556076,19.565591509610922,True
5195,UBCF,10,2,0.2,20.56227028829262,20.56227028829262,10.281135193399617,True
5196,CBF,10,2,0.2,38.54334327738816,38.54334327738816,19.27168404100997,True
5196,UBCF,10,1,0.1,,0.0,,True
5197,CBF,10,1,0.1,,0.0,,True
5197,UBCF,10,2,0.2,32.52874473344892,32.52874473344892,16.264373376438158,True
5198,CBF,10,1,0.1,,0.0,,True
5198,UBCF,10,1,0.1,,0.0,,True
5199,CBF,10,3,0.3,33.20085757433042,66.40171514866084,23.427638132482766,True
5199,UBCF,10,1,0.1,,0.0,,True
5200,CBF,10,2,0.2,2.741878999614309,2.741878999614309,1.370939502113806,True
5200,UBCF,10,1,0.1,,0.0,,True
5201,CBF,10,1,0.1,,0.0,,True
5201,UBCF,10,1,0.1,,0.0,,True
5202,CBF,10,1,0.1,,0.0,,True
5202,UBCF,10,1,0.1,,0.0,,True
5203,CBF,10,2,0.2,28.163648891291636,28.163648891291636,14.081829185081,True
5203,UBCF,10,2,0.2,28.023986357443068,28.023986357443068,14.01199605679436,True
5204,CBF,10,2,0.2,47.42548488878177,47.42548488878177,23.712758341755357,True
5204,UBCF,10,1,0.1,,0.0,,True
5205,CBF,10,1,0.1,,0.0,,True
5205,UBCF,10,1,0.1,,0.0,,True
5206,CBF,10,2,0.2,43.262588299701214,43.262588299701214,21.631301429361923,True
5206,UBCF,10,1,0.1,,0.0,,True
5207,CBF,10,1,0.1,,0.0,,True
5207,UBCF,10,1,0.1,,0.0,,True
5208,CBF,10,2,0.2,42.58985072810587,42.58985072810587,21.294941911813737,True
5208,UBCF,10,1,0.1,,0.0,,True
5209,CBF,10,1,0.1,,0.0,,True
5209,UBCF,10,1,0.1,,0.0,,True
5210,CBF,10,4,0.4,20.966020536458412,62.89806160937523,16.083995679345115,True
5210,UBCF,10,1,0.1,,0.0,,True
5211,CBF,10,2,0.2,8.492806526192252,8.492806526192252,4.246403326945568,True
5211,UBCF,10,1,0.1,,0.0,,True
5212,CBF,10,1,0.1,,0.0,,True
5212,UBCF,10,1,0.1,,0.0,,True
5213,CBF,10,1,0.1,,0.0,,True
5213,UBCF,10,1,0.1,,0.0,,True
5214,CBF,10,1,0.1,,0.0,,True
5214,UBCF,10,1,0.1,,0.0,,True
5215,CBF,10,3,0.3,19.86916854607542,39.73833709215084,13.812411814634183,True
5215,UBCF,10,1,0.1,,0.0,,True
5216,CBF,10,2,0.2,27.972552036849212,27.972552036849212,13.986278905543603,True
5216,UBCF,10,1,0.1,,0.0,,True
5217,CBF,10,2,0.2,9.46923141650165,9.46923141650165,4.734615761799725,True
5217,UBCF,10,1,0.1,,0.0,,True
5218,CBF,10,3,0.3,29.741831496078074,59.48366299215615,22.03639370655,True
5218,UBCF,10,1,0.1,,0.0,,True
5219,CBF,10,1,0.1,,0.0,,True
5219,UBCF,10,1,0.1,,0.0,,True
5220,CBF,10,1,0.1,,0.0,,True
5220,UBCF,10,1,0.1,,0.0,,True
5221,CBF,10,1,0.1,,0.0,,True
5221,UBCF,10,1,0.1,,0.0,,True
5222,CBF,10,2,0.2,1.5156689175409355,1.5156689175409355,0.7578344591212706,True
5222,UBCF,10,1,0.1,,0.0,,True
5223,CBF,10,2,0.2,28.163648891291636,28.163648891291636,14.081829185081,True
5223,UBCF,10,1,0.1,,0.0,,True
5224,CBF,10,2,0.2,27.972552036849212,27.972552036849212,13.986278905543603,True
5224,UBCF,10,2,0.2,27.972552036849212,27.972552036849212,13.986278905543603,True
5225,CBF,10,2,0.2,30.609509272558906,30.609509272558906,15.304757029726051,True
5225,UBCF,10,2,0.2,10.351160117462083,10.351160117462083,5.175580061801435,True
5226,CBF,10,1,0.1,,0.0,,True
5226,UBCF,10,1,0.1,,0.0,,True
5227,CBF,10,2,0.2,4.3904075431335965,4.3904075431335965,2.1952037826624493,True
5227,UBCF,10,1,0.1,,0.0,,True
5228,CBF,10,1,0.1,,0.0,,True
5228,UBCF,10,1,0.1,,0.0,,True
5229,CBF,10,2,0.2,33.67692365322722,33.67692365322722,16.838466700408475,True
5229,UBCF,10,2,0.2,45.85743379833855,45.85743379833855,22.92871906581808,True
5230,CBF,10,2,0.2,0.618187081322193,0.618187081322193,0.3090935406794648,True
5230,UBCF,10,2,0.2,37.90428148972095,37.90428148972095,18.95215698491864,True
5231,CBF,10,2,0.2,27.972552036849212,27.972552036849212,13.986278905543603,True
5231,UBCF,10,1,0.1,,0.0,,True
5232,CBF,10,2,0.2,43.262588299701214,43.262588299701214,21.631301429361923,True
5232,UBCF,10,1,0.1,,0.0,,True
5233,CBF,10,1,0.1,,0.0,,True
5233,UBCF,10,1,0.1,,0.0,,True
5234,CBF,10,1,0.1,,0.0,,True
5234,UBCF,10,1,0.1,,0.0,,True
5235,CBF,10,1,0.1,,0.0,,True
5235,UBCF,10,2,0.2,49.275736069938816,49.275736069938816,24.637873287036427,True
5236,CBF,10,3,0.3,16.661937939696955,33.32387587939391,14.670392701795173,True
5236,UBCF,10,2,0.2,10.351160117462083,10.351160117462083,5.175580061801435,True
5237,CBF,10,1,0.1,,0.0,,True
5237,UBCF,10,1,0.1,,0.0,,True
5238,CBF,10,1,0.1,,0.0,,True
5238,UBCF,10,1,0.1,,0.0,,True
5239,CBF,10,2,0.2,28.163648891291636,28.163648891291636,14.081829185081,True
5239,UBCF,10,1,0.1,,0.0,,True
5241,CBF,10,1,0.1,,0.0,,True
5241,UBCF,10,1,0.1,,0.0,,True
5242,CBF,10,2,0.2,33.67692365322722,33.67692365322722,16.838466700408475,True
5242,UBCF,10,2,0.2,42.31944671414057,42.31944671414057,21.159730993153076,True
5243,CBF,10,4,0.4,9.80661665888658,29.41984997665974,6.478585786488347,True
5243,UBCF,10,2,0.2,32.156236140329234,32.156236140329234,16.078123042774006,True
5244,CBF,10,1,0.1,,0.0,,True
5244,UBCF,10,1,0.1,,0.0,,True
5245,CBF,10,2,0.2,39.68146350068155,39.68146350068155,19.840734382814126,True
5245,UBCF,10,1,0.1,,0.0,,True
5246,CBF,10,1,0.1,,0.0,,True
5246,UBCF,10,2,0.2,10.351160117462083,10.351160117462083,5.175580061801435,True
5247,CBF,10,2,0.2,33.85474968413719,33.85474968413719,16.92737540235248,True
5247,UBCF,10,1,0.1,,0.0,,True
5248,CBF,10,2,0.2,1.5156689175409355,1.5156689175409355,0.7578344591212706,True
5248,UBCF,10,1,0.1,,0.0,,True
5249,CBF,10,1,0.1,,0.0,,True
5249,UBCF,10,1,0.1,,0.0,,True
5250,CBF,10,1,0.1,,0.0,,True
5250,UBCF,10,1,0.1,,0.0,,True
5251,CBF,10,1,0.1,,0.0,,True
5251,UBCF,10,1,0.1,,0.0,,True
5252,CBF,10,1,0.1,,0.0,,True
5252,UBCF,10,1,0.1,,0.0,,True
5253,CBF,10,3,0.3,14.940987963050672,29.881975926101344,12.657607024491254,True
5253,UBCF,10,1,0.1,,0.0,,True
5254,CBF,10,1,0.1,,0.0,,True
5254,UBCF,10,2,0.2,11.749728398231753,11.749728398231753,5.874864397864018,True
5255,CBF,10,4,0.4,22.328899971465518,66.98669991439655,20.997982841365136,True
5255,UBCF,10,1,0.1,,0.0,,True
5256,CBF,10,1,0.1,,0.0,,True
5256,UBCF,10,1,0.1,,0.0,,True
5257,CBF,10,2,0.2,2.3181081257908294,2.3181081257908294,1.1590540648649006,True
5257,UBCF,10,1,0.1,,0.0,,True
5258,CBF,10,1,0.1,,0.0,,True
5258,UBCF,10,1,0.1,,0.0,,True
5259,CBF,10,4,0.4,29.980744383369792,89.94223315010937,25.22214480667104,True
5259,UBCF,10,1,0.1,,0.0,,True
5261,CBF,10,2,0.2,1.5431923121318396,1.5431923121318396,0.7715961563145184,True
5261,UBCF,10,1,0.1,,0.0,,True
5262,CBF,10,2,0.2,1.4317359571066377,1.4317359571066377,0.7158679788583666,True
5262,UBCF,10,1,0.1,,0.0,,True
5263,CBF,10,3,0.3,8.787898476085292,17.575796952170585,6.855558252398129,True
5263,UBCF,10,1,0.1,,0.0,,True
5264,CBF,10,1,0.1,,0.0,,True
5264,UBCF,10,1,0.1,,0.0,,True
5265,CBF,10,2,0.2,2.3181081257908294,2.3181081257908294,1.1590540648649006,True
5265,UBCF,10,1,0.1,,0.0,,True
5266,CBF,10,1,0.1,,0.0,,True
5266,UBCF,10,1,0.1,,0.0,,True
5267,CBF,10,2,0.2,43.262588299701214,43.262588299701214,21.631301429361923,True
5267,UBCF,10,1,0.1,,0.0,,True
5268,CBF,10,1,0.1,,0.0,,True
5268,UBCF,10,1,0.1,,0.0,,True
5269,CBF,10,2,0.2,19.802199491474596,19.802199491474596,9.901100073718258,True
5269,UBCF,10,1,0.1,,0.0,,True
5270,CBF,10,3,0.3,38.018461444091116,76.03692288818223,24.94602623208985,True
5270,UBCF,10,1,0.1,,0.0,,True
5271,CBF,10,1,0.1,,0.0,,True
5271,UBCF,10,1,0.1,,0.0,,True
5272,CBF,10,1,0.1,,0.0,,True
5272,UBCF,10,1,0.1,,0.0,,True
5273,CBF,10,3,0.3,16.962779864591603,33.925559729183206,14.670392701795173,True
5273,UBCF,10,1,0.1,,0.0,,True
5274,CBF,10,2,0.2,1.5156689175409355,1.5156689175409355,0.7578344591212706,True
5274,UBCF,10,1,0.1,,0.0,,True
5275,CBF,10,1,0.1,,0.0,,True
5275,UBCF,10,1,0.1,,0.0,,True
5276,CBF,10,2,0.2,29.15869940542207,29.15869940542207,14.579355363761266,True
5276,UBCF,10,1,0.1,,0.0,,True
5277,CBF,10,1,0.1,,0.0,,True
5277,UBCF,10,1,0.1,,0.0,,True
5278,CBF,10,1,0.1,,0.0,,True
5278,UBCF,10,2,0.2,32.52874473344892,32.52874473344892,16.264373376438158,True
5279,CBF,10,2,0.2,1.4317359571066377,1.4317359571066377,0.7158679788583666,True
5279,UBCF,10,1,0.1,,0.0,,True
5280,CBF,10,2,0.2,1.4520848238930628,1.4520848238930628,0.7260424121934375,True
5280,UBCF,10,1,0.1,,0.0,,True
5281,CBF,10,1,0.1,,0.0,,True
5281,UBCF,10,1,0.1,,0.0,,True
5282,CBF,10,1,0.1,,0.0,,True
5282,UBCF,10,1,0.1,,0.0,,True
5283,CBF,10,2,0.2,38.97541147027279,38.97541147027279,19.487708880396617,True
5283,UBCF,10,1,0.1,,0.0,,True
5284,CBF,10,2,0.2,23.42832637973626,23.42832637973626,11.71416658667128,True
5284,UBCF,10,1,0.1,,0.0,,True
5285,CBF,10,1,0.1,,0.0,,True
5285,UBCF,10,1,0.1,,0.0,,True
5286,CBF,10,1,0.1,,0.0,,True
5286,UBCF,10,1,0.1,,0.0,,True
5287,CBF,10,1,0.1,,0.0,,True
5287,UBCF,10,1,0.1,,0.0,,True
5288,CBF,10,2,0.2,2.3181081257908294,2.3181081257908294,1.1590540648649006,True
5288,UBCF,10,1,0.1,,0.0,,True
5289,CBF,10,2,0.2,27.972552036849212,27.972552036849212,13.986278905543603,True
5289,UBCF,10,1,0.1,,0.0,,True
5290,CBF,10,2,0.2,19.380806902927784,19.380806902927784,9.690404897837317,True
5290,UBCF,10,1,0.1,,0.0,,True
5291,CBF,10,2,0.2,40.228672888954705,40.228672888954705,20.11434745585511,True
5291,UBCF,10,1,0.1,,0.0,,True
5292,CBF,10,2,0.2,1.4317359571066377,1.4317359571066377,0.7158679788583666,True
5292,UBCF,10,1,0.1,,0.0,,True
5293,CBF,10,4,0.4,30.345555923302864,91.03666776990859,25.772963808258666,True
5293,UBCF,10,1,0.1,,0.0,,True
5294,CBF,10,1,0.1,,0.0,,True
5294,UBCF,10,1,0.1,,0.0,,True
5295,CBF,10,1,0.1,,0.0,,True
5295,UBCF,10,1,0.1,,0.0,,True
5296,CBF,10,1,0.1,,0.0,,True
5296,UBCF,10,1,0.1,,0.0,,True
5297,CBF,10,1,0.1,,0.0,,True
5297,UBCF,10,1,0.1,,0.0,,True
5298,CBF,10,2,0.2,6.681125490125292,6.681125490125292,3.3405628053226177,True
5298,UBCF,10,1,0.1,,0.0,,True
5299,CBF,10,2,0.2,1.4317359571066377,1.4317359571066377,0.7158679788583666,True
5299,UBCF,10,1,0.1,,0.0,,True
5300,CBF,10,2,0.2,31.43542951846135,31.43542951846135,15.717719488393843,True
5300,UBCF,10,1,0.1,,0.0,,True
5301,CBF,10,2,0.2,39.89544829710059,39.89544829710059,19.947732443611972,True
5301,UBCF,10,1,0.1,,0.0,,True
5302,CBF,10,2,0.2,7.90812379907292,7.90812379907292,3.954061946399003,True
5302,UBCF,10,2,0.2,37.90428148972095,37.90428148972095,18.95215698491864,True
5303,CBF,10,2,0.2,27.972552036849212,27.972552036849212,13.986278905543603,True
5303,UBCF,10,1,0.1,,0.0,,True
5304,CBF,10,1,0.1,,0.0,,True
5304,UBCF,10,1,0.1,,0.0,,True
5305,CBF,10,2,0.2,44.6387353025896,44.6387353025896,22.319382584751814,True
5305,UBCF,10,1,0.1,,0.0,,True
5306,CBF,10,1,0.1,,0.0,,True
5306,UBCF,10,1,0.1,,0.0,,True
5307,CBF,10,2,0.2,39.68146350068155,39.68146350068155,19.840734382814126,True
5307,UBCF,10,2,0.2,37.90428148972095,37.90428148972095,18.95215698491864,True
5308,CBF,10,1,0.1,,0.0,,True
5308,UBCF,10,2,0.2,37.90428148972095,37.90428148972095,18.95215698491864,True
5309,CBF,10,1,0.1,,0.0,,True
5309,UBCF,10,2,0.2,32.52874473344892,32.52874473344892,16.264373376438158,True
5310,CBF,10,1,0.1,,0.0,,True
5310,UBCF,10,1,0.1,,0.0,,True
5311,CBF,10,1,0.1,,0.0,,True
5311,UBCF,10,1,0.1,,0.0,,True
5312,CBF,10,2,0.2,1.5431923121318396,1.5431923121318396,0.7715961563145184,True
5312,UBCF,10,1,0.1,,0.0,,True
5313,CBF,10,1,0.1,,0.0,,True
5313,UBCF,10,2,0.2,48.054481419213076,48.054481419213076,24.027240711726357,True
5314,CBF,10,1,0.1,,0.0,,True
5314,UBCF,10,1,0.1,,0.0,,True
5315,CBF,10,1,0.1,,0.0,,True
5315,UBCF,10,1,0.1,,0.0,,True
5316,CBF,10,3,0.3,1.41637812681396,2.83275625362792,1.0857956522152026,True
5316,UBCF,10,1,0.1,,0.0,,True
5317,CBF,10,2,0.2,16.290572651640527,16.290572651640527,8.145286821625284,True
5317,UBCF,10,2,0.2,37.90428148972095,37.90428148972095,18.95215698491864,True
5318,CBF,10,2,0.2,7.90812379907292,7.90812379907292,3.954061946399003,True
5318,UBCF,10,1,0.1,,0.0,,True
5319,CBF,10,1,0.1,,0.0,,True
5319,UBCF,10,1,0.1,,0.0,,True
5320,CBF,10,4,0.4,24.019045158685444,72.05713547605633,24.192985851838642,True
5320,UBCF,10,1,0.1,,0.0,,True
5321,CBF,10,1,0.1,,0.0,,True
5321,UBCF,10,1,0.1,,0.0,,True
5322,CBF,10,2,0.2,49.51043674939537,49.51043674939537,24.75523684317079,True
5322,UBCF,10,1,0.1,,0.0,,True
5323,CBF,10,2,0.2,28.163648891291636,28.163648891291636,14.081829185081,True
5323,UBCF,10,1,0.1,,0.0,,True
5324,CBF,10,1,0.1,,0.0,,True
5324,UBCF,10,2,0.2,27.972552036849212,27.972552036849212,13.986278905543603,True
5325,CBF,10,1,0.1,,0.0,,True
5325,UBCF,10,1,0.1,,0.0,,True
5326,CBF,10,2,0.2,43.262588299701214,43.262588299701214,21.631301429361923,True
5326,UBCF,10,1,0.1,,0.0,,True
5327,CBF,10,1,0.1,,0.0,,True
5327,UBCF,10,1,0.1,,0.0,,True
5328,CBF,10,1,0.1,,0.0,,True
5328,UBCF,10,2,0.2,31.43542951846135,31.43542951846135,15.717719488393843,True
5329,CBF,10,2,0.2,27.972552036849212,27.972552036849212,13.986278905543603,True
5329,UBCF,10,1,0.1,,0.0,,True
5330,CBF,10,2,0.2,21.49728874955651,21.49728874955651,10.748644375108986,True
5330,UBCF,10,1,0.1,,0.0,,True
5331,CBF,10,1,0.1,,0.0,,True
5331,UBCF,10,1,0.1,,0.0,,True
5332,CBF,10,2,0.2,32.70568879807172,32.70568879807172,16.352846904750777,True
5332,UBCF,10,1,0.1,,0.0,,True
5333,CBF,10,1,0.1,,0.0,,True
5333,UBCF,10,1,0.1,,0.0,,True
5334,CBF,10,1,0.1,,0.0,,True
5334,UBCF,10,1,0.1,,0.0,,True
5335,CBF,10,1,0.1,,0.0,,True
5335,UBCF,10,1,0.1,,0.0,,True
5336,CBF,10,4,0.4,22.328899971465518,66.98669991439655,20.997982841365136,True
5336,UBCF,10,1,0.1,,0.0,,True
5337,CBF,10,4,0.4,28.684197887121638,86.05259366136491,21.860817954047317,True
5337,UBCF,10,1,0.1,,0.0,,True
5338,CBF,10,3,0.3,35.80421142479881,71.60842284959762,19.24128644784577,True
5338,UBCF,10,1,0.1,,0.0,,True
5339,CBF,10,1,0.1,,0.0,,True
5339,UBCF,10,1,0.1,,0.0,,True
5340,CBF,10,2,0.2,6.271109147198457,6.271109147198457,3.1355545981176123,True
5340,UBCF,10,1,0.1,,0.0,,True
5341,CBF,10,2,0.2,43.262588299701214,43.262588299701214,21.631301429361923,True
5341,UBCF,10,1,0.1,,0.0,,True
5342,CBF,10,1,0.1,,0.0,,True
5342,UBCF,10,1,0.1,,0.0,,True
5343,CBF,10,3,0.3,16.00286294846914,32.00572589693828,12.498526438558054,True
5343,UBCF,10,1,0.1,,0.0,,True
5344,CBF,10,2,0.2,4.127413100707732,4.127413100707732,2.063706557612347,True
5344,UBCF,10,1,0.1,,0.0,,True
5345,CBF,10,1,0.1,,0.0,,True
5345,UBCF,10,2,0.2,37.90428148972095,37.90428148972095,18.95215698491864,True
5346,CBF,10,3,0.3,37.74275346153303,75.48550692306605,26.65203969884985,True
5346,UBCF,10,1,0.1,,0.0,,True
5347,CBF,10,1,0.1,,0.0,,True
5347,UBCF,10,1,0.1,,0.0,,True
5348,CBF,10,1,0.1,,0.0,,True
5348,UBCF,10,1,0.1,,0.0,,True
5349,CBF,10,1,0.1,,0.0,,True
5349,UBCF,10,1,0.1,,0.0,,True
5350,CBF,10,4,0.4,21.076747819219893,63.23024345765968,20.997982841365133,True
5350,UBCF,10,1,0.1,,0.0,,True
5351,CBF,10,1,0.1,,0.0,,True
5351,UBCF,10,1,0.1,,0.0,,True
5352,CBF,10,1,0.1,,0.0,,True
5352,UBCF,10,1,0.1,,0.0,,True
5353,CBF,10,2,0.2,2.3181081257908294,2.3181081257908294,1.1590540648649006,True
5353,UBCF,10,1,0.1,,0.0,,True
5354,CBF,10,2,0.2,1.5431923121318396,1.5431923121318396,0.7715961563145184,True
5354,UBCF,10,1,0.1,,0.0,,True
5355,CBF,10,1,0.1,,0.0,,True
5355,UBCF,10,1,0.1,,0.0,,True
5356,CBF,10,1,0.1,,0.0,,True
5356,UBCF,10,1,0.1,,0.0,,True
5357,CBF,10,2,0.2,18.063673535690604,18.063673535690604,9.031838163077367,True
5357,UBCF,10,1,0.1,,0.0,,True
5358,CBF,10,1,0.1,,0.0,,True
5358,UBCF,10,1,0.1,,0.0,,True
5359,CBF,10,2,0.2,38.54334327738816,38.54334327738816,19.27168404100997,True
5359,UBCF,10,1,0.1,,0.0,,True
5360,CBF,10,2,0.2,20.357530189223063,20.357530189223063,10.178765101099387,True
5360,UBCF,10,1,0.1,,0.0,,True
5361,CBF,10,1,0.1,,0.0,,True
5361,UBCF,10,1,0.1,,0.0,,True
5362,CBF,10,2,0.2,28.163648891291636,28.163648891291636,14.081829185081,True
5362,UBCF,10,1,0.1,,0.0,,True
5363,CBF,10,1,0.1,,0.0,,True
5363,UBCF,10,1,0.1,,0.0,,True
5364,CBF,10,1,0.1,,0.0,,True
5364,UBCF,10,1,0.1,,0.0,,True
5365,CBF,10,1,0.1,,0.0,,True
5365,UBCF,10,1,0.1,,0.0,,True
5366,CBF,10,2,0.2,1.4317359571066377,1.4317359571066377,0.7158679788583666,True
5366,UBCF,10,1,0.1,,0.0,,True
5367,CBF,10,3,0.3,39.64262294641554,79.28524589283109,22.03639370655,True
5367,UBCF,10,1,0.1,,0.0,,True
5368,CBF,10,3,0.3,37.74275346153303,75.48550692306605,26.65203969884985,True
5368,UBCF,10,1,0.1,,0.0,,True
5369,CBF,10,1,0.1,,0.0,,True
5369,UBCF,10,1,0.1,,0.0,,True
5370,CBF,10,1,0.1,,0.0,,True
5370,UBCF,10,1,0.1,,0.0,,True
5371,CBF,10,1,0.1,,0.0,,True
5371,UBCF,10,1,0.1,,0.0,,True
5372,CBF,10,2,0.2,28.163648891291636,28.163648891291636,14.081829185081,True
5372,UBCF,10,1,0.1,,0.0,,True
5373,CBF,10,1,0.1,,0.0,,True
5373,UBCF,10,1,0.1,,0.0,,True
5374,CBF,10,2,0.2,14.051007136438061,14.051007136438061,7.025504265090827,True
5374,UBCF,10,1,0.1,,0.0,,True
5375,CBF,10,2,0.2,29.444732784299944,29.444732784299944,14.722369133263221,True
5375,UBCF,10,1,0.1,,0.0,,True
5376,CBF,10,1,0.1,,0.0,,True
5376,UBCF,10,2,0.2,10.351160117462083,10.351160117462083,5.175580061801435,True
5377,CBF,10,1,0.1,,0.0,,True
5377,UBCF,10,1,0.1,,0.0,,True
5378,CBF,10,2,0.2,47.12934881228967,47.12934881228967,23.564704578732673,True
5378,UBCF,10,1,0.1,,0.0,,True
5379,CBF,10,2,0.2,28.163648891291636,28.163648891291636,14.081829185081,True
5379,UBCF,10,1,0.1,,0.0,,True
5380,CBF,10,1,0.1,,0.0,,True
5380,UBCF,10,1,0.1,,0.0,,True
5381,CBF,10,2,0.2,1.4317359571066377,1.4317359571066377,0.7158679788583666,True
5381,UBCF,10,1,0.1,,0.0,,True
5382,CBF,10,1,0.1,,0.0,,True
5382,UBCF,10,1,0.1,,0.0,,True
5383,CBF,10,3,0.3,39.05328904591443,78.10657809182887,22.70958043158625,True
5383,UBCF,10,1,0.1,,0.0,,True
5384,CBF,10,1,0.1,,0.0,,True
5384,UBCF,10,2,0.2,20.56227028829262,20.56227028829262,10.281135193399617,True
5385,CBF,10,1,0.1,,0.0,,True
5385,UBCF,10,2,0.2,6.324005324956843,6.324005324956843,3.162002681399092,True
5386,CBF,10,2,0.2,29.15869940542207,29.15869940542207,14.579355363761266,True
5386,UBCF,10,1,0.1,,0.0,,True
5387,CBF,10,1,0.1,,0.0,,True
5387,UBCF,10,1,0.1,,0.0,,True
5388,CBF,10,2,0.2,32.70568879807172,32.70568879807172,16.352846904750777,True
5388,UBCF,10,1,0.1,,0.0,,True
5389,CBF,10,1,0.1,,0.0,,True
5389,UBCF,10,1,0.1,,0.0,,True
5390,CBF,10,1,0.1,,0.0,,True
5390,UBCF,10,1,0.1,,0.0,,True
5391,CBF,10,1,0.1,,0.0,,True
5391,UBCF,10,1,0.1,,0.0,,True
5392,CBF,10,2,0.2,28.163648891291636,28.163648891291636,14.081829185081,True
5392,UBCF,10,2,0.2,19.380806902927784,19.380806902927784,9.690404897837317,True
5393,CBF,10,2,0.2,0.26937561466597737,0.26937561466597737,0.13468780733578922,True
5393,UBCF,10,1,0.1,,0.0,,True
5394,CBF,10,2,0.2,1.5431923121318396,1.5431923121318396,0.7715961563145184,True
5394,UBCF,10,1,0.1,,0.0,,True
5395,CBF,10,2,0.2,1.5431923121318396,1.5431923121318396,0.7715961563145184,True
5395,UBCF,10,1,0.1,,0.0,,True
5396,CBF,10,2,0.2,10.015418331345701,10.015418331345701,5.007709386106739,True
5396,UBCF,10,1,0.1,,0.0,,True
5397,CBF,10,2,0.2,28.163648891291636,28.163648891291636,14.081829185081,True
5397,UBCF,10,1,0.1,,0.0,,True
5398,CBF,10,1,0.1,,0.0,,True
5398,UBCF,10,1,0.1,,0.0,,True
5399,CBF,10,1,0.1,,0.0,,True
5399,UBCF,10,1,0.1,,0.0,,True
5400,CBF,10,2,0.2,39.884336960417365,39.884336960417365,19.94216859195539,True
5400,UBCF,10,1,0.1,,0.0,,True
5401,CBF,10,2,0.2,27.972552036849212,27.972552036849212,13.986278905543603,True
5401,UBCF,10,2,0.2,27.972552036849212,27.972552036849212,13.986278905543603,True
5402,CBF,10,1,0.1,,0.0,,True
5402,UBCF,10,1,0.1,,0.0,,True
5403,CBF,10,2,0.2,1.5431923121318396,1.5431923121318396,0.7715961563145184,True
5403,UBCF,10,1,0.1,,0.0,,True
5404,CBF,10,1,0.1,,0.0,,True
5404,UBCF,10,1,0.1,,0.0,,True
5405,CBF,10,2,0.2,1.4317359571066377,1.4317359571066377,0.7158679788583666,True
5405,UBCF,10,1,0.1,,0.0,,True
5406,CBF,10,2,0.2,16.36414581336663,16.36414581336663,8.182073605008515,True
5406,UBCF,10,2,0.2,11.749728398231753,11.749728398231753,5.874864397864018,True
5407,CBF,10,1,0.1,,0.0,,True
5407,UBCF,10,1,0.1,,0.0,,True
5408,CBF,10,1,0.1,,0.0,,True
5408,UBCF,10,1,0.1,,0.0,,True
5409,CBF,10,3,0.3,30.562907631340842,61.125815262681684,21.82089356583165,True
5409,UBCF,10,1,0.1,,0.0,,True
5410,CBF,10,3,0.3,16.661937939696955,33.32387587939391,14.670392701795173,True
5410,UBCF,10,1,0.1,,0.0,,True
5411,CBF,10,1,0.1,,0.0,,True
5411,UBCF,10,1,0.1,,0.0,,True
5412,CBF,10,1,0.1,,0.0,,True
5412,UBCF,10,2,0.2,42.31944671414057,42.31944671414057,21.159730993153076,True
5413,CBF,10,1,0.1,,0.0,,True
5413,UBCF,10,1,0.1,,0.0,,True
5414,CBF,10,2,0.2,28.163648891291636,28.163648891291636,14.081829185081,True
5414,UBCF,10,1,0.1,,0.0,,True
5415,CBF,10,2,0.2,43.262588299701214,43.262588299701214,21.631301429361923,True
5415,UBCF,10,1,0.1,,0.0,,True
5416,CBF,10,3,0.3,38.018461444091116,76.03692288818223,24.94602623208985,True
5416,UBCF,10,2,0.2,27.972552036849212,27.972552036849212,13.986278905543603,True
5417,CBF,10,2,0.2,2.3181081257908294,2.3181081257908294,1.1590540648649006,True
5417,UBCF,10,1,0.1,,0.0,,True
5418,CBF,10,1,0.1,,0.0,,True
5418,UBCF,10,2,0.2,10.6535360064198,10.6535360064198,5.3267683565995885,True
5419,CBF,10,4,0.4,21.571381577487443,64.71414473246233,19.35103886034357,True
5419,UBCF,10,1,0.1,,0.0,,True
5420,CBF,10,2,0.2,1.5156689175409355,1.5156689175409355,0.7578344591212706,True
5420,UBCF,10,1,0.1,,0.0,,True
5421,CBF,10,1,0.1,,0.0,,True
5421,UBCF,10,1,0.1,,0.0,,True
5422,CBF,10,1,0.1,,0.0,,True
5422,UBCF,10,1,0.1,,0.0,,True
5423,CBF,10,2,0.2,33.67692365322722,33.67692365322722,16.838466700408475,True
5423,UBCF,10,1,0.1,,0.0,,True
5424,CBF,10,1,0.1,,0.0,,True
5424,UBCF,10,1,0.1,,0.0,,True
5425,CBF,10,3,0.3,1.2937418702284034,2.5874837404568067,1.0857956522152026,True
5425,UBCF,10,1,0.1,,0.0,,True
5426,CBF,10,1,0.1,,0.0,,True
5426,UBCF,10,1,0.1,,0.0,,True
5427,CBF,10,1,0.1,,0.0,,True
5427,UBCF,10,1,0.1,,0.0,,True
5428,CBF,10,1,0.1,,0.0,,True
5428,UBCF,10,1,0.1,,0.0,,True
5429,CBF,10,2,0.2,32.70568879807172,32.70568879807172,16.352846904750777,True
5429,UBCF,10,1,0.1,,0.0,,True
5430,CBF,10,3,0.3,26.528865278077504,53.05773055615501,13.812411814634183,True
5430,UBCF,10,1,0.1,,0.0,,True
5431,CBF,10,2,0.2,32.70568879807172,32.70568879807172,16.352846904750777,True
5431,UBCF,10,1,0.1,,0.0,,True
5432,CBF,10,2,0.2,1.5431923121318396,1.5431923121318396,0.7715961563145184,True
5432,UBCF,10,1,0.1,,0.0,,True
5433,CBF,10,1,0.1,,0.0,,True
5433,UBCF,10,1,0.1,,0.0,,True
5435,CBF,10,4,0.4,27.21897264474525,81.65691793423575,19.35103886034377,True
5435,UBCF,10,2,0.2,20.56227028829262,20.56227028829262,10.281135193399617,True
5436,CBF,10,1,0.1,,0.0,,True
5436,UBCF,10,1,0.1,,0.0,,True
5437,CBF,10,2,0.2,0.618187081322193,0.618187081322193,0.3090935406794648,True
5437,UBCF,10,1,0.1,,0.0,,True
5438,CBF,10,2,0.2,1.4520848238930628,1.4520848238930628,0.7260424121934375,True
5438,UBCF,10,2,0.2,10.351160117462083,10.351160117462083,5.175580061801435,True
5439,CBF,10,1,0.1,,0.0,,True
5439,UBCF,10,2,0.2,19.380806902927784,19.380806902927784,9.690404897837317,True
5440,CBF,10,1,0.1,,0.0,,True
5440,UBCF,10,1,0.1,,0.0,,True
5441,CBF,10,3,0.3,55.27777388186799,110.55554776373597,27.149869011813223,True
5441,UBCF,10,1,0.1,,0.0,,True
5442,CBF,10,1,0.1,,0.0,,True
5442,UBCF,10,1,0.1,,0.0,,True
5443,CBF,10,1,0.1,,0.0,,True
5443,UBCF,10,1,0.1,,0.0,,True
5444,CBF,10,4,0.4,26.7243388864777,80.1730166594331,20.997982841365136,True
5444,UBCF,10,1,0.1,,0.0,,True
5445,CBF,10,1,0.1,,0.0,,True
5445,UBCF,10,1,0.1,,0.0,,True
5446,CBF,10,1,0.1,,0.0,,True
5446,UBCF,10,1,0.1,,0.0,,True
5447,CBF,10,1,0.1,,0.0,,True
5447,UBCF,10,1,0.1,,0.0,,True
5448,CBF,10,2,0.2,27.972552036849212,27.972552036849212,13.986278905543603,True
5448,UBCF,10,1,0.1,,0.0,,True
5449,CBF,10,1,0.1,,0.0,,True
5449,UBCF,10,1,0.1,,0.0,,True
5450,CBF,10,1,0.1,,0.0,,True
5450,UBCF,10,2,0.2,20.56227028829262,20.56227028829262,10.281135193399617,True
5451,CBF,10,2,0.2,27.972552036849212,27.972552036849212,13.986278905543603,True
5451,UBCF,10,1,0.1,,0.0,,True
5452,CBF,10,1,0.1,,0.0,,True
5452,UBCF,10,1,0.1,,0.0,,True
5453,CBF,10,2,0.2,1.4317359571066377,1.4317359571066377,0.7158679788583666,True
5453,UBCF,10,1,0.1,,0.0,,True
5454,CBF,10,1,0.1,,0.0,,True
5454,UBCF,10,2,0.2,28.023986357443068,28.023986357443068,14.01199605679436,True
5455,CBF,10,1,0.1,,0.0,,True
5455,UBCF,10,1,0.1,,0.0,,True
5456,CBF,10,1,0.1,,0.0,,True
5456,UBCF,10,2,0.2,37.90428148972095,37.90428148972095,18.95215698491864,True
5457,CBF,10,2,0.2,1.5156689175409355,1.5156689175409355,0.7578344591212706,True
5457,UBCF,10,1,0.1,,0.0,,True
5458,CBF,10,2,0.2,28.163648891291636,28.163648891291636,14.081829185081,True
5458,UBCF,10,1,0.1,,0.0,,True
5459,CBF,10,2,0.2,39.68146350068155,39.68146350068155,19.840734382814126,True
5459,UBCF,10,1,0.1,,0.0,,True
5460,CBF,10,2,0.2,0.618187081322193,0.618187081322193,0.3090935406794648,True
5460,UBCF,10,1,0.1,,0.0,,True
5461,CBF,10,1,0.1,,0.0,,True
5461,UBCF,10,1,0.1,,0.0,,True
5462,CBF,10,1,0.1,,0.0,,True
5462,UBCF,10,1,0.1,,0.0,,True
5463,CBF,10,1,0.1,,0.0,,True
5463,UBCF,10,1,0.1,,0.0,,True
5464,CBF,10,1,0.1,,0.0,,True
5464,UBCF,10,1,0.1,,0.0,,True
5465,CBF,10,1,0.1,,0.0,,True
5465,UBCF,10,1,0.1,,0.0,,True
5466,CBF,10,2,0.2,7.1198546066846555,7.1198546066846555,3.559927367707824,True
5466,UBCF,10,1,0.1,,0.0,,True
5467,CBF,10,1,0.1,,0.0,,True
5467,UBCF,10,1,0.1,,0.0,,True
5468,CBF,10,1,0.1,,0.0,,True
5468,UBCF,10,2,0.2,10.351160117462083,10.351160117462083,5.175580061801435,True
5469,CBF,10,1,0.1,,0.0,,True
5469,UBCF,10,1,0.1,,0.0,,True
5470,CBF,10,2,0.2,18.063673535690604,18.063673535690604,9.031838163077367,True
5470,UBCF,10,1,0.1,,0.0,,True
5471,CBF,10,2,0.2,1.4317359571066377,1.4317359571066377,0.7158679788583666,True
5471,UBCF,10,1,0.1,,0.0,,True
5472,CBF,10,2,0.2,1.4317359571066377,1.4317359571066377,0.7158679788583666,True
5472,UBCF,10,1,0.1,,0.0,,True
5473,CBF,10,1,0.1,,0.0,,True
5473,UBCF,10,2,0.2,10.351160117462083,10.351160117462083,5.175580061801435,True
5474,CBF,10,2,0.2,36.24007716797648,36.24007716797648,18.12004609756425,True
5474,UBCF,10,1,0.1,,0.0,,True
5476,CBF,10,1,0.1,,0.0,,True
5476,UBCF,10,1,0.1,,0.0,,True
5477,CBF,10,1,0.1,,0.0,,True
5477,UBCF,10,1,0.1,,0.0,,True
5478,CBF,10,2,0.2,27.972552036849212,27.972552036849212,13.986278905543603,True
5478,UBCF,10,1,0.1,,0.0,,True
5479,CBF,10,2,0.2,27.972552036849212,27.972552036849212,13.986278905543603,True
5479,UBCF,10,1,0.1,,0.0,,True
5480,CBF,10,1,0.1,,0.0,,True
5480,UBCF,10,2,0.2,20.56227028829262,20.56227028829262,10.281135193399617,True
5481,CBF,10,2,0.2,27.972552036849212,27.972552036849212,13.986278905543603,True
5481,UBCF,10,1,0.1,,0.0,,True
5482,CBF,10,2,0.2,27.972552036849212,27.972552036849212,13.986278905543603,True
5482,UBCF,10,1,0.1,,0.0,,True
5483,CBF,10,1,0.1,,0.0,,True
5483,UBCF,10,1,0.1,,0.0,,True
5484,CBF,10,1,0.1,,0.0,,True
5484,UBCF,10,1,0.1,,0.0,,True
5485,CBF,10,4,0.4,8.29573918475284,24.88721755425852,7.891029752526251,True
5485,UBCF,10,1,0.1,,0.0,,True
5486,CBF,10,2,0.2,6.7248568044950225,6.7248568044950225,3.3624284085941114,True
5486,UBCF,10,2,0.2,10.351160117462083,10.351160117462083,5.175580061801435,True
5487,CBF,10,1,0.1,,0.0,,True
5487,UBCF,10,2,0.2,10.351160117462083,10.351160117462083,5.175580061801435,True
5489,CBF,10,1,0.1,,0.0,,True
5489,UBCF,10,1,0.1,,0.0,,True
5490,CBF,10,2,0.2,28.163648891291636,28.163648891291636,14.081829185081,True
5490,UBCF,10,1,0.1,,0.0,,True
5491,CBF,10,2,0.2,13.448383851462852,13.448383851462852,6.724192680672757,True
5491,UBCF,10,1,0.1,,0.0,,True
5492,CBF,10,1,0.1,,0.0,,True
5492,UBCF,10,1,0.1,,0.0,,True
5493,CBF,10,2,0.2,43.262588299701214,43.262588299701214,21.631301429361923,True
5493,UBCF,10,2,0.2,16.75441952465748,16.75441952465748,8.377210766347886,True
5494,CBF,10,1,0.1,,0.0,,True
5494,UBCF,10,1,0.1,,0.0,,True
5495,CBF,10,2,0.2,6.7248568044950225,6.7248568044950225,3.3624284085941114,True
5495,UBCF,10,1,0.1,,0.0,,True
5496,CBF,10,2,0.2,2.3181081257908294,2.3181081257908294,1.1590540648649006,True
5496,UBCF,10,1,0.1,,0.0,,True
5497,CBF,10,1,0.1,,0.0,,True
5497,UBCF,10,1,0.1,,0.0,,True
5498,CBF,10,1,0.1,,0.0,,True
5498,UBCF,10,1,0.1,,0.0,,True
5499,CBF,10,2,0.2,1.4317359571066377,1.4317359571066377,0.7158679788583666,True
5499,UBCF,10,2,0.2,27.972552036849212,27.972552036849212,13.986278905543603,True
5500,CBF,10,1,0.1,,0.0,,True
5500,UBCF,10,1,0.1,,0.0,,True
5501,CBF,10,1,0.1,,0.0,,True
5501,UBCF,10,1,0.1,,0.0,,True
5502,CBF,10,1,0.1,,0.0,,True
5502,UBCF,10,1,0.1,,0.0,,True
5503,CBF,10,3,0.3,31.730134896007094,63.46026979201419,23.446819041658188,True
5503,UBCF,10,1,0.1,,0.0,,True
5504,CBF,10,2,0.2,1.4317359571066377,1.4317359571066377,0.7158679788583666,True
5504,UBCF,10,1,0.1,,0.0,,True
5505,CBF,10,1,0.1,,0.0,,True
5505,UBCF,10,1,0.1,,0.0,,True
5506,CBF,10,2,0.2,28.163648891291636,28.163648891291636,14.081829185081,True
5506,UBCF,10,1,0.1,,0.0,,True
5507,CBF,10,1,0.1,,0.0,,True
5507,UBCF,10,1,0.1,,0.0,,True
5508,CBF,10,1,0.1,,0.0,,True
5508,UBCF,10,1,0.1,,0.0,,True
5509,CBF,10,2,0.2,27.972552036849212,27.972552036849212,13.986278905543603,True
5509,UBCF,10,1,0.1,,0.0,,True
5511,CBF,10,2,0.2,19.115645729916185,19.115645729916185,9.557823552471355,True
5511,UBCF,10,1,0.1,,0.0,,True
5512,CBF,10,1,0.1,,0.0,,True
5512,UBCF,10,2,0.2,19.380806902927784,19.380806902927784,9.690404897837317,True
5513,CBF,10,2,0.2,39.131166621556076,39.131166621556076,19.565591509610922,True
5513,UBCF,10,1,0.1,,0.0,,True
5514,CBF,10,3,0.3,29.551415178475974,59.10283035695195,23.225886950306606,True
5514,UBCF,10,2,0.2,45.76874505995922,45.76874505995922,22.88438506416864,True
5515,CBF,10,2,0.2,1.4317359571066377,1.4317359571066377,0.7158679788583666,True
5515,UBCF,10,2,0.2,37.90428148972095,37.90428148972095,18.95215698491864,True
5516,CBF,10,1,0.1,,0.0,,True
5516,UBCF,10,1,0.1,,0.0,,True
5517,CBF,10,1,0.1,,0.0,,True
5517,UBCF,10,1,0.1,,0.0,,True
5518,CBF,10,2,0.2,23.42832637973626,23.42832637973626,11.71416658667128,True
5518,UBCF,10,1,0.1,,0.0,,True
5519,CBF,10,1,0.1,,0.0,,True
5519,UBCF,10,2,0.2,37.90428148972095,37.90428148972095,18.95215698491864,True
5520,CBF,10,4,0.4,2.718628695399174,8.155886086197523,2.3923172801175254,True
5520,UBCF,10,1,0.1,,0.0,,True
5521,CBF,10,1,0.1,,0.0,,True
5521,UBCF,10,1,0.1,,0.0,,True
5522,CBF,10,2,0.2,43.262588299701214,43.262588299701214,21.631301429361923,True
5522,UBCF,10,1,0.1,,0.0,,True
5523,CBF,10,1,0.1,,0.0,,True
5523,UBCF,10,1,0.1,,0.0,,True
5524,CBF,10,1,0.1,,0.0,,True
5524,UBCF,10,1,0.1,,0.0,,True
5525,CBF,10,2,0.2,24.475756360953795,24.475756360953795,12.237881850962218,True
5525,UBCF,10,1,0.1,,0.0,,True
5526,CBF,10,1,0.1,,0.0,,True
5526,UBCF,10,1,0.1,,0.0,,True
5527,CBF,10,2,0.2,39.884336960417365,39.884336960417365,19.94216859195539,True
5527,UBCF,10,1,0.1,,0.0,,True
5528,CBF,10,2,0.2,33.307372647861015,33.307372647861015,16.653688974915404,True
5528,UBCF,10,1,0.1,,0.0,,True
5529,CBF,10,1,0.1,,0.0,,True
5529,UBCF,10,1,0.1,,0.0,,True
5530,CBF,10,1,0.1,,0.0,,True
5530,UBCF,10,2,0.2,19.380806902927784,19.380806902927784,9.690404897837317,True
5531,CBF,10,2,0.2,39.89544829710059,39.89544829710059,19.947732443611972,True
5531,UBCF,10,2,0.2,37.90428148972095,37.90428148972095,18.95215698491864,True
5532,CBF,10,1,0.1,,0.0,,True
5532,UBCF,10,1,0.1,,0.0,,True
5533,CBF,10,2,0.2,43.262588299701214,43.262588299701214,21.631301429361923,True
5533,UBCF,10,2,0.2,10.351160117462083,10.351160117462083,5.175580061801435,True
5534,CBF,10,2,0.2,1.4317359571066377,1.4317359571066377,0.7158679788583666,True
5534,UBCF,10,1,0.1,,0.0,,True
5535,CBF,10,1,0.1,,0.0,,True
5535,UBCF,10,1,0.1,,0.0,,True
5536,CBF,10,1,0.1,,0.0,,True
5536,UBCF,10,1,0.1,,0.0,,True
5537,CBF,10,2,0.2,38.54334327738816,38.54334327738816,19.27168404100997,True
5537,UBCF,10,1,0.1,,0.0,,True
5538,CBF,10,1,0.1,,0.0,,True
5538,UBCF,10,1,0.1,,0.0,,True
5539,CBF,10,1,0.1,,0.0,,True
5539,UBCF,10,1,0.1,,0.0,,True
5540,CBF,10,2,0.2,28.163648891291636,28.163648891291636,14.081829185081,True
5540,UBCF,10,2,0.2,20.56227028829262,20.56227028829262,10.281135193399617,True
5541,CBF,10,2,0.2,29.15869940542207,29.15869940542207,14.579355363761266,True
5541,UBCF,10,1,0.1,,0.0,,True
5542,CBF,10,2,0.2,27.62510581657787,27.62510581657787,13.812557272157129,True
5542,UBCF,10,1,0.1,,0.0,,True
5543,CBF,10,2,0.2,1.4520848238930628,1.4520848238930628,0.7260424121934375,True
5543,UBCF,10,2,0.2,43.06789496829618,43.06789496829618,21.53394824722954,True
5544,CBF,10,3,0.3,38.018461444091116,76.03692288818223,24.94602623208985,True
5544,UBCF,10,1,0.1,,0.0,,True
5545,CBF,10,2,0.2,27.972552036849212,27.972552036849212,13.986278905543603,True
5545,UBCF,10,2,0.2,10.351160117462083,10.351160117462083,5.175580061801435,True
5546,CBF,10,1,0.1,,0.0,,True
5546,UBCF,10,1,0.1,,0.0,,True
5547,CBF,10,2,0.2,32.501727533605106,32.501727533605106,16.250863767116847,True
5547,UBCF,10,1,0.1,,0.0,,True
5548,CBF,10,2,0.2,43.07938720561975,43.07938720561975,21.53969449295095,True
5548,UBCF,10,1,0.1,,0.0,,True
5549,CBF,10,3,0.3,4.07309052260081,8.14618104520162,2.867061048300725,True
5549,UBCF,10,2,0.2,19.380806902927784,19.380806902927784,9.690404897837317,True
5550,CBF,10,1,0.1,,0.0,,True
5550,UBCF,10,1,0.1,,0.0,,True
5551,CBF,10,2,0.2,33.67692365322722,33.67692365322722,16.838466700408475,True
5551,UBCF,10,1,0.1,,0.0,,True
5552,CBF,10,2,0.2,27.972552036849212,27.972552036849212,13.986278905543603,True
5552,UBCF,10,1,0.1,,0.0,,True
5553,CBF,10,2,0.2,43.07938720561975,43.07938720561975,21.53969449295095,True
5553,UBCF,10,1,0.1,,0.0,,True
5554,CBF,10,2,0.2,27.972552036849212,27.972552036849212,13.986278905543603,True
5554,UBCF,10,1,0.1,,0.0,,True
5555,CBF,10,2,0.2,17.55783839129376,17.55783839129376,8.77892108885106,True
5555,UBCF,10,1,0.1,,0.0,,True
5556,CBF,10,2,0.2,26.405761079560058,26.405761079560058,13.202885530306379,True
5556,UBCF,10,1,0.1,,0.0,,True
5557,CBF,10,2,0.2,0.618187081322193,0.618187081322193,0.3090935406794648,True
5557,UBCF,10,1,0.1,,0.0,,True
5558,CBF,10,2,0.2,1.5156689175409355,1.5156689175409355,0.7578344591212706,True
5558,UBCF,10,1,0.1,,0.0,,True
5559,CBF,10,1,0.1,,0.0,,True
5559,UBCF,10,1,0.1,,0.0,,True
5560,CBF,10,1,0.1,,0.0,,True
5560,UBCF,10,1,0.1,,0.0,,True
5561,CBF,10,1,0.1,,0.0,,True
5561,UBCF,10,1,0.1,,0.0,,True
5562,CBF,10,2,0.2,43.262588299701214,43.262588299701214,21.631301429361923,True
5562,UBCF,10,1,0.1,,0.0,,True
5563,CBF,10,1,0.1,,0.0,,True
5563,UBCF,10,1,0.1,,0.0,,True
5564,CBF,10,2,0.2,28.163648891291636,28.163648891291636,14.081829185081,True
5564,UBCF,10,1,0.1,,0.0,,True
5565,CBF,10,3,0.3,19.86916854607542,39.73833709215084,13.812411814634183,True
5565,UBCF,10,1,0.1,,0.0,,True
5566,CBF,10,2,0.2,43.262588299701214,43.262588299701214,21.631301429361923,True
5566,UBCF,10,1,0.1,,0.0,,True
5567,CBF,10,2,0.2,1.5156689175409355,1.5156689175409355,0.7578344591212706,True
5567,UBCF,10,1,0.1,,0.0,,True
5568,CBF,10,1,0.1,,0.0,,True
5568,UBCF,10,1,0.1,,0.0,,True
5569,CBF,10,3,0.3,42.319580350997704,84.63916070199541,25.660591774543104,True
5569,UBCF,10,1,0.1,,0.0,,True
5570,CBF,10,1,0.1,,0.0,,True
5570,UBCF,10,1,0.1,,0.0,,True
5571,CBF,10,1,0.1,,0.0,,True
5571,UBCF,10,1,0.1,,0.0,,True
5572,CBF,10,1,0.1,,0.0,,True
5572,UBCF,10,1,0.1,,0.0,,True
5573,CBF,10,1,0.1,,0.0,,True
5573,UBCF,10,1,0.1,,0.0,,True
5574,CBF,10,4,0.4,26.37279211580766,79.11837634742298,21.993048332254272,True
5574,UBCF,10,1,0.1,,0.0,,True
5575,CBF,10,1,0.1,,0.0,,True
5575,UBCF,10,1,0.1,,0.0,,True
5576,CBF,10,1,0.1,,0.0,,True
5576,UBCF,10,1,0.1,,0.0,,True
5577,CBF,10,2,0.2,1.5431923121318396,1.5431923121318396,0.7715961563145184,True
5577,UBCF,10,1,0.1,,0.0,,True
5578,CBF,10,1,0.1,,0.0,,True
5578,UBCF,10,1,0.1,,0.0,,True
5579,CBF,10,3,0.3,17.422387190708463,34.844774381416926,13.984483048124067,True
5579,UBCF,10,1,0.1,,0.0,,True
5580,CBF,10,2,0.2,39.131166621556076,39.131166621556076,19.565591509610922,True
5580,UBCF,10,2,0.2,19.380806902927784,19.380806902927784,9.690404897837317,True
5581,CBF,10,1,0.1,,0.0,,True
5581,UBCF,10,1,0.1,,0.0,,True
5582,CBF,10,2,0.2,27.972552036849212,27.972552036849212,13.986278905543603,True
5582,UBCF,10,1,0.1,,0.0,,True
5583,CBF,10,1,0.1,,0.0,,True
5583,UBCF,10,1,0.1,,0.0,,True
5584,CBF,10,2,0.2,43.262588299701214,43.262588299701214,21.631301429361923,True
5584,UBCF,10,2,0.2,10.351160117462083,10.351160117462083,5.175580061801435,True
5585,CBF,10,3,0.3,25.924591153773754,51.84918230754751,16.532762711732662,True
5585,UBCF,10,2,0.2,37.90428148972095,37.90428148972095,18.95215698491864,True
5586,CBF,10,3,0.3,35.966929782203124,71.93385956440625,25.30422081791086,True
5586,UBCF,10,1,0.1,,0.0,,True
5587,CBF,10,1,0.1,,0.0,,True
5587,UBCF,10,1,0.1,,0.0,,True
5588,CBF,10,1,0.1,,0.0,,True
5588,UBCF,10,1,0.1,,0.0,,True
5589,CBF,10,2,0.2,1.4317359571066377,1.4317359571066377,0.7158679788583666,True
5589,UBCF,10,1,0.1,,0.0,,True
5590,CBF,10,1,0.1,,0.0,,True
5590,UBCF,10,1,0.1,,0.0,,True
5591,CBF,10,2,0.2,17.82423193742532,17.82423193742532,8.912116066560213,True
5591,UBCF,10,2,0.2,42.31944671414057,42.31944671414057,21.159730993153076,True
5592,CBF,10,1,0.1,,0.0,,True
5592,UBCF,10,1,0.1,,0.0,,True
5593,CBF,10,2,0.2,39.89544829710059,39.89544829710059,19.947732443611972,True
5593,UBCF,10,1,0.1,,0.0,,True
5594,CBF,10,2,0.2,28.163648891291636,28.163648891291636,14.081829185081,True
5594,UBCF,10,1,0.1,,0.0,,True
5595,CBF,10,3,0.3,2.049357792874203,4.098715585748406,1.2849855010841953,True
5595,UBCF,10,1,0.1,,0.0,,True
5596,CBF,10,1,0.1,,0.0,,True
5596,UBCF,10,1,0.1,,0.0,,True
5597,CBF,10,1,0.1,,0.0,,True
5597,UBCF,10,1,0.1,,0.0,,True
5598,CBF,10,1,0.1,,0.0,,True
5598,UBCF,10,1,0.1,,0.0,,True
5599,CBF,10,1,0.1,,0.0,,True
5599,UBCF,10,1,0.1,,0.0,,True
5600,CBF,10,2,0.2,1.4520848238930628,1.4520848238930628,0.7260424121934375,True
5600,UBCF,10,1,0.1,,0.0,,True
5601,CBF,10,1,0.1,,0.0,,True
5601,UBCF,10,1,0.1,,0.0,,True
5602,CBF,10,2,0.2,27.972552036849212,27.972552036849212,13.986278905543603,True
5602,UBCF,10,1,0.1,,0.0,,True
5603,CBF,10,2,0.2,28.163648891291636,28.163648891291636,14.081829185081,True
5603,UBCF,10,2,0.2,37.90428148972095,37.90428148972095,18.95215698491864,True
5604,CBF,10,2,0.2,27.972552036849212,27.972552036849212,13.986278905543603,True
5604,UBCF,10,1,0.1,,0.0,,True
5605,CBF,10,2,0.2,27.972552036849212,27.972552036849212,13.986278905543603,True
5605,UBCF,10,1,0.1,,0.0,,True
5606,CBF,10,2,0.2,1.5156689175409355,1.5156689175409355,0.7578344591212706,True
5606,UBCF,10,1,0.1,,0.0,,True
5607,CBF,10,2,0.2,8.966796178516137,8.966796178516137,4.483398160676603,True
5607,UBCF,10,1,0.1,,0.0,,True
5608,CBF,10,1,0.1,,0.0,,True
5608,UBCF,10,2,0.2,10.351160117462083,10.351160117462083,5.175580061801435,True
5609,CBF,10,1,0.1,,0.0,,True
5609,UBCF,10,2,0.2,27.972552036849212,27.972552036849212,13.986278905543603,True
5610,CBF,10,1,0.1,,0.0,,True
5610,UBCF,10,1,0.1,,0.0,,True
5611,CBF,10,2,0.2,33.67692365322722,33.67692365322722,16.838466700408475,True
5611,UBCF,10,1,0.1,,0.0,,True
5612,CBF,10,2,0.2,28.163648891291636,28.163648891291636,14.081829185081,True
5612,UBCF,10,1,0.1,,0.0,,True
5613,CBF,10,1,0.1,,0.0,,True
5613,UBCF,10,1,0.1,,0.0,,True
5614,CBF,10,2,0.2,32.70568879807172,32.70568879807172,16.352846904750777,True
5614,UBCF,10,1,0.1,,0.0,,True
5615,CBF,10,2,0.2,33.67692365322722,33.67692365322722,16.838466700408475,True
5615,UBCF,10,1,0.1,,0.0,,True
5616,CBF,10,1,0.1,,0.0,,True
5616,UBCF,10,1,0.1,,0.0,,True
5617,CBF,10,4,0.4,29.384465775970067,88.1533973279102,20.806901713499663,True
5617,UBCF,10,1,0.1,,0.0,,True
5618,CBF,10,1,0.1,,0.0,,True
5618,UBCF,10,1,0.1,,0.0,,True
5619,CBF,10,2,0.2,8.412640195690354,8.412640195690354,4.206320154926033,True
5619,UBCF,10,1,0.1,,0.0,,True
5620,CBF,10,1,0.1,,0.0,,True
5620,UBCF,10,1,0.1,,0.0,,True
5621,CBF,10,2,0.2,28.163648891291636,28.163648891291636,14.081829185081,True
5621,UBCF,10,1,0.1,,0.0,,True
5622,CBF,10,2,0.2,28.163648891291636,28.163648891291636,14.081829185081,True
5622,UBCF,10,1,0.1,,0.0,,True
5623,CBF,10,3,0.3,16.962779864591603,33.925559729183206,14.670392701795173,True
5623,UBCF,10,1,0.1,,0.0,,True
5624,CBF,10,2,0.2,1.4317359571066377,1.4317359571066377,0.7158679788583666,True
5624,UBCF,10,1,0.1,,0.0,,True
5625,CBF,10,2,0.2,1.4317359571066377,1.4317359571066377,0.7158679788583666,True
5625,UBCF,10,2,0.2,10.351160117462083,10.351160117462083,5.175580061801435,True
5626,CBF,10,2,0.2,29.243994421759137,29.243994421759137,14.622005052302741,True
5626,UBCF,10,1,0.1,,0.0,,True
5627,CBF,10,2,0.2,42.46063206005696,42.46063206005696,21.230322245394014,True
5627,UBCF,10,1,0.1,,0.0,,True
5629,CBF,10,1,0.1,,0.0,,True
5629,UBCF,10,1,0.1,,0.0,,True
5630,CBF,10,2,0.2,47.2904786604151,47.2904786604151,23.645251826609766,True
5630,UBCF,10,1,0.1,,0.0,,True
5631,CBF,10,1,0.1,,0.0,,True
5631,UBCF,10,1,0.1,,0.0,,True
5632,CBF,10,1,0.1,,0.0,,True
5632,UBCF,10,1,0.1,,0.0,,True
5633,CBF,10,2,0.2,17.82423193742532,17.82423193742532,8.912116066560213,True
5633,UBCF,10,1,0.1,,0.0,,True
5634,CBF,10,1,0.1,,0.0,,True
5634,UBCF,10,1,0.1,,0.0,,True
5635,CBF,10,2,0.2,16.039800087006007,16.039800087006007,8.019900878279927,True
5635,UBCF,10,2,0.2,32.52874473344892,32.52874473344892,16.264373376438158,True
5636,CBF,10,1,0.1,,0.0,,True
5636,UBCF,10,1,0.1,,0.0,,True
5637,CBF,10,2,0.2,27.972552036849212,27.972552036849212,13.986278905543603,True
5637,UBCF,10,1,0.1,,0.0,,True
5638,CBF,10,1,0.1,,0.0,,True
5638,UBCF,10,1,0.1,,0.0,,True
5639,CBF,10,1,0.1,,0.0,,True
5639,UBCF,10,1,0.1,,0.0,,True
5640,CBF,10,2,0.2,27.972552036849212,27.972552036849212,13.986278905543603,True
5640,UBCF,10,1,0.1,,0.0,,True
5641,CBF,10,4,0.4,8.450340451133783,25.35102135340135,6.053342118066845,True
5641,UBCF,10,1,0.1,,0.0,,True
5642,CBF,10,2,0.2,29.15869940542207,29.15869940542207,14.579355363761266,True
5642,UBCF,10,1,0.1,,0.0,,True
5643,CBF,10,1,0.1,,0.0,,True
5643,UBCF,10,1,0.1,,0.0,,True
5644,CBF,10,2,0.2,1.4520848238930628,1.4520848238930628,0.7260424121934375,True
5644,UBCF,10,2,0.2,10.351160117462083,10.351160117462083,5.175580061801435,True
5645,CBF,10,1,0.1,,0.0,,True
5645,UBCF,10,1,0.1,,0.0,,True
5646,CBF,10,1,0.1,,0.0,,True
5646,UBCF,10,1,0.1,,0.0,,True
5647,CBF,10,1,0.1,,0.0,,True
5647,UBCF,10,1,0.1,,0.0,,True
5648,CBF,10,1,0.1,,0.0,,True
5648,UBCF,10,1,0.1,,0.0,,True
5649,CBF,10,1,0.1,,0.0,,True
5649,UBCF,10,1,0.1,,0.0,,True
5650,CBF,10,1,0.1,,0.0,,True
5650,UBCF,10,1,0.1,,0.0,,True
5651,CBF,10,2,0.2,35.047699610959974,35.047699610959974,17.52385828960975,True
5651,UBCF,10,1,0.1,,0.0,,True
5652,CBF,10,1,0.1,,0.0,,True
5652,UBCF,10,1,0.1,,0.0,,True
5653,CBF,10,1,0.1,,0.0,,True
5653,UBCF,10,1,0.1,,0.0,,True
5654,CBF,10,1,0.1,,0.0,,True
5654,UBCF,10,1,0.1,,0.0,,True
5655,CBF,10,2,0.2,1.5156689175409355,1.5156689175409355,0.7578344591212706,True
5655,UBCF,10,1,0.1,,0.0,,True
5656,CBF,10,3,0.3,31.429643406844413,62.859286813688826,24.10030497232324,True
5656,UBCF,10,1,0.1,,0.0,,True
5657,CBF,10,1,0.1,,0.0,,True
5657,UBCF,10,1,0.1,,0.0,,True
5658,CBF,10,2,0.2,39.131166621556076,39.131166621556076,19.565591509610922,True
5658,UBCF,10,1,0.1,,0.0,,True
5659,CBF,10,1,0.1,,0.0,,True
5659,UBCF,10,2,0.2,37.90428148972095,37.90428148972095,18.95215698491864,True
5660,CBF,10,3,0.3,20.70131197994607,41.40262395989214,13.984483048124067,True
5660,UBCF,10,1,0.1,,0.0,,True
5661,CBF,10,2,0.2,28.163648891291636,28.163648891291636,14.081829185081,True
5661,UBCF,10,1,0.1,,0.0,,True
5662,CBF,10,1,0.1,,0.0,,True
5662,UBCF,10,1,0.1,,0.0,,True
5663,CBF,10,2,0.2,19.380806902927784,19.380806902927784,9.690404897837317,True
5663,UBCF,10,1,0.1,,0.0,,True
5664,CBF,10,1,0.1,,0.0,,True
5664,UBCF,10,1,0.1,,0.0,,True
5666,CBF,10,4,0.4,12.89561712902119,38.68685138706357,15.630429077008305,True
5666,UBCF,10,1,0.1,,0.0,,True
5667,CBF,10,2,0.2,33.67692365322722,33.67692365322722,16.838466700408475,True
5667,UBCF,10,2,0.2,31.43542951846135,31.43542951846135,15.717719488393843,True
5668,CBF,10,1,0.1,,0.0,,True
5668,UBCF,10,1,0.1,,0.0,,True
5669,CBF,10,2,0.2,28.163648891291636,28.163648891291636,14.081829185081,True
5669,UBCF,10,1,0.1,,0.0,,True
5671,CBF,10,1,0.1,,0.0,,True
5671,UBCF,10,2,0.2,20.56227028829262,20.56227028829262,10.281135193399617,True
5672,CBF,10,1,0.1,,0.0,,True
5672,UBCF,10,2,0.2,20.56227028829262,20.56227028829262,10.281135193399617,True
5673,CBF,10,1,0.1,,0.0,,True
5673,UBCF,10,1,0.1,,0.0,,True
5674,CBF,10,2,0.2,1.4317359571066377,1.4317359571066377,0.7158679788583666,True
5674,UBCF,10,1,0.1,,0.0,,True
5675,CBF,10,1,0.1,,0.0,,True
5675,UBCF,10,1,0.1,,0.0,,True
5676,CBF,10,3,0.3,22.176741456494614,44.35348291298923,18.84959275822592,True
5676,UBCF,10,1,0.1,,0.0,,True
5677,CBF,10,2,0.2,9.5932089449933,9.5932089449933,4.7966045159470685,True
5677,UBCF,10,1,0.1,,0.0,,True
5678,CBF,10,2,0.2,39.884336960417365,39.884336960417365,19.94216859195539,True
5678,UBCF,10,1,0.1,,0.0,,True
5679,CBF,10,2,0.2,43.262588299701214,43.262588299701214,21.631301429361923,True
5679,UBCF,10,1,0.1,,0.0,,True
5680,CBF,10,2,0.2,1.5431923121318396,1.5431923121318396,0.7715961563145184,True
5680,UBCF,10,2,0.2,20.56227028829262,20.56227028829262,10.281135193399617,True
5681,CBF,10,1,0.1,,0.0,,True
5681,UBCF,10,2,0.2,19.380806902927784,19.380806902927784,9.690404897837317,True
5682,CBF,10,2,0.2,19.802199491474596,19.802199491474596,9.901100073718258,True
5682,UBCF,10,1,0.1,,0.0,,True
5683,CBF,10,3,0.3,14.480494327071161,28.960988654142323,12.533313705445414,True
5683,UBCF,10,1,0.1,,0.0,,True
5684,CBF,10,1,0.1,,0.0,,True
5684,UBCF,10,1,0.1,,0.0,,True
5685,CBF,10,4,0.4,22.328899971465518,66.98669991439655,20.997982841365136,True
5685,UBCF,10,1,0.1,,0.0,,True
5686,CBF,10,2,0.2,1.4317359571066377,1.4317359571066377,0.7158679788583666,True
5686,UBCF,10,1,0.1,,0.0,,True
5687,CBF,10,3,0.3,29.741831496078074,59.48366299215615,22.03639370655,True
5687,UBCF,10,1,0.1,,0.0,,True
5688,CBF,10,1,0.1,,0.0,,True
5688,UBCF,10,1,0.1,,0.0,,True
5689,CBF,10,2,0.2,39.884336960417365,39.884336960417365,19.94216859195539,True
5689,UBCF,10,1,0.1,,0.0,,True
5690,CBF,10,1,0.1,,0.0,,True
5690,UBCF,10,1,0.1,,0.0,,True
5691,CBF,10,2,0.2,1.4317359571066377,1.4317359571066377,0.7158679788583666,True
5691,UBCF,10,1,0.1,,0.0,,True
5692,CBF,10,1,0.1,,0.0,,True
5692,UBCF,10,1,0.1,,0.0,,True
5693,CBF,10,1,0.1,,0.0,,True
5693,UBCF,10,1,0.1,,0.0,,True
5694,CBF,10,2,0.2,1.4520848238930628,1.4520848238930628,0.7260424121934375,True
5694,UBCF,10,1,0.1,,0.0,,True
5695,CBF,10,2,0.2,1.4317359571066377,1.4317359571066377,0.7158679788583666,True
5695,UBCF,10,1,0.1,,0.0,,True
5696,CBF,10,2,0.2,47.42548488878177,47.42548488878177,23.712758341755357,True
5696,UBCF,10,1,0.1,,0.0,,True
5697,CBF,10,3,0.3,27.5700958619262,55.1401917238524,19.049454986209692,True
5697,UBCF,10,1,0.1,,0.0,,True
5698,CBF,10,1,0.1,,0.0,,True
5698,UBCF,10,1,0.1,,0.0,,True
5699,CBF,10,1,0.1,,0.0,,True
5699,UBCF,10,1,0.1,,0.0,,True
5700,CBF,10,2,0.2,43.07938720561975,43.07938720561975,21.53969449295095,True
5700,UBCF,10,1,0.1,,0.0,,True
5701,CBF,10,1,0.1,,0.0,,True
5701,UBCF,10,2,0.2,43.06789496829618,43.06789496829618,21.53394824722954,True
5702,CBF,10,1,0.1,,0.0,,True
5702,UBCF,10,1,0.1,,0.0,,True
5703,CBF,10,2,0.2,1.4317359571066377,1.4317359571066377,0.7158679788583666,True
5703,UBCF,10,1,0.1,,0.0,,True
5704,CBF,10,4,0.4,26.55953048088999,79.67859144266997,19.190306008873637,True
5704,UBCF,10,1,0.1,,0.0,,True
5705,CBF,10,2,0.2,43.262588299701214,43.262588299701214,21.631301429361923,True
5705,UBCF,10,1,0.1,,0.0,,True
5706,CBF,10,1,0.1,,0.0,,True
5706,UBCF,10,1,0.1,,0.0,,True
5707,CBF,10,1,0.1,,0.0,,True
5707,UBCF,10,1,0.1,,0.0,,True
5708,CBF,10,2,0.2,1.5156689175409355,1.5156689175409355,0.7578344591212706,True
5708,UBCF,10,2,0.2,37.90428148972095,37.90428148972095,18.95215698491864,True
5709,CBF,10,2,0.2,28.163648891291636,28.163648891291636,14.081829185081,True
5709,UBCF,10,1,0.1,,0.0,,True
5710,CBF,10,1,0.1,,0.0,,True
5710,UBCF,10,1,0.1,,0.0,,True
5711,CBF,10,1,0.1,,0.0,,True
5711,UBCF,10,1,0.1,,0.0,,True
5712,CBF,10,2,0.2,39.89544829710059,39.89544829710059,19.947732443611972,True
5712,UBCF,10,1,0.1,,0.0,,True
5713,CBF,10,1,0.1,,0.0,,True
5713,UBCF,10,1,0.1,,0.0,,True
5714,CBF,10,2,0.2,1.4520848238930628,1.4520848238930628,0.7260424121934375,True
5714,UBCF,10,2,0.2,11.749728398231753,11.749728398231753,5.874864397864018,True
5715,CBF,10,2,0.2,38.80813907569703,38.80813907569703,19.404076617634217,True
5715,UBCF,10,1,0.1,,0.0,,True
5716,CBF,10,1,0.1,,0.0,,True
5716,UBCF,10,1,0.1,,0.0,,True
5717,CBF,10,2,0.2,27.972552036849212,27.972552036849212,13.986278905543603,True
5717,UBCF,10,1,0.1,,0.0,,True
5718,CBF,10,4,0.4,23.381092052784634,70.1432761583539,21.019917916436373,True
5718,UBCF,10,1,0.1,,0.0,,True
5719,CBF,10,2,0.2,27.972552036849212,27.972552036849212,13.986278905543603,True
5719,UBCF,10,1,0.1,,0.0,,True
5720,CBF,10,1,0.1,,0.0,,True
5720,UBCF,10,1,0.1,,0.0,,True
5721,CBF,10,4,0.4,6.401837488735436,19.205512466206308,7.5082192704521535,True
5721,UBCF,10,1,0.1,,0.0,,True
5722,CBF,10,2,0.2,27.972552036849212,27.972552036849212,13.986278905543603,True
5722,UBCF,10,1,0.1,,0.0,,True
5723,CBF,10,1,0.1,,0.0,,True
5723,UBCF,10,2,0.2,37.90428148972095,37.90428148972095,18.95215698491864,True
5724,CBF,10,2,0.2,22.018360258869244,22.018360258869244,11.009181901612429,True
5724,UBCF,10,1,0.1,,0.0,,True
5725,CBF,10,2,0.2,7.90812379907292,7.90812379907292,3.954061946399003,True
5725,UBCF,10,1,0.1,,0.0,,True
5726,CBF,10,2,0.2,0.618187081322193,0.618187081322193,0.3090935406794648,True
5726,UBCF,10,1,0.1,,0.0,,True
5727,CBF,10,2,0.2,3.857792985314518,3.857792985314518,1.9288965107108174,True
5727,UBCF,10,1,0.1,,0.0,,True
5728,CBF,10,1,0.1,,0.0,,True
5728,UBCF,10,1,0.1,,0.0,,True
5729,CBF,10,2,0.2,29.15869940542207,29.15869940542207,14.579355363761266,True
5729,UBCF,10,1,0.1,,0.0,,True
5730,CBF,10,1,0.1,,0.0,,True
5730,UBCF,10,2,0.2,10.351160117462083,10.351160117462083,5.175580061801435,True
5731,CBF,10,1,0.1,,0.0,,True
5731,UBCF,10,1,0.1,,0.0,,True
5732,CBF,10,3,0.3,49.57226789239621,99.14453578479242,28.0267845516311,True
5732,UBCF,10,1,0.1,,0.0,,True
5733,CBF,10,2,0.2,28.163648891291636,28.163648891291636,14.081829185081,True
5733,UBCF,10,1,0.1,,0.0,,True
5734,CBF,10,1,0.1,,0.0,,True
5734,UBCF,10,2,0.2,10.351160117462083,10.351160117462083,5.175580061801435,True
5735,CBF,10,1,0.1,,0.0,,True
5735,UBCF,10,1,0.1,,0.0,,True
5736,CBF,10,2,0.2,1.5431923121318396,1.5431923121318396,0.7715961563145184,True
5736,UBCF,10,1,0.1,,0.0,,True
5737,CBF,10,2,0.2,1.4317359571066377,1.4317359571066377,0.7158679788583666,True
5737,UBCF,10,1,0.1,,0.0,,True
5738,CBF,10,2,0.2,0.618187081322193,0.618187081322193,0.3090935406794648,True
5738,UBCF,10,1,0.1,,0.0,,True
5739,CBF,10,1,0.1,,0.0,,True
5739,UBCF,10,1,0.1,,0.0,,True
5740,CBF,10,2,0.2,27.972552036849212,27.972552036849212,13.986278905543603,True
5740,UBCF,10,2,0.2,10.351160117462083,10.351160117462083,5.175580061801435,True
5741,CBF,10,3,0.3,39.64262294641554,79.28524589283109,22.03639370655,True
5741,UBCF,10,1,0.1,,0.0,,True
5742,CBF,10,2,0.2,43.262588299701214,43.262588299701214,21.631301429361923,True
5742,UBCF,10,1,0.1,,0.0,,True
5743,CBF,10,3,0.3,14.455538864392564,28.911077728785127,12.533313705445414,True
5743,UBCF,10,1,0.1,,0.0,,True
5744,CBF,10,2,0.2,33.307372647861015,33.307372647861015,16.653688974915404,True
5744,UBCF,10,1,0.1,,0.0,,True
5745,CBF,10,1,0.1,,0.0,,True
5745,UBCF,10,2,0.2,10.351160117462083,10.351160117462083,5.175580061801435,True
5746,CBF,10,2,0.2,43.262588299701214,43.262588299701214,21.631301429361923,True
5746,UBCF,10,1,0.1,,0.0,,True
5747,CBF,10,1,0.1,,0.0,,True
5747,UBCF,10,1,0.1,,0.0,,True
5748,CBF,10,1,0.1,,0.0,,True
5748,UBCF,10,1,0.1,,0.0,,True
5749,CBF,10,1,0.1,,0.0,,True
5749,UBCF,10,1,0.1,,0.0,,True
5750,CBF,10,1,0.1,,0.0,,True
5750,UBCF,10,2,0.2,20.56227028829262,20.56227028829262,10.281135193399617,True
5751,CBF,10,1,0.1,,0.0,,True
5751,UBCF,10,1,0.1,,0.0,,True
5752,CBF,10,1,0.1,,0.0,,True
5752,UBCF,10,2,0.2,20.56227028829262,20.56227028829262,10.281135193399617,True
5753,CBF,10,4,0.4,7.483530720039579,22.450592160118738,6.8839652385286225,True
5753,UBCF,10,1,0.1,,0.0,,True
5754,CBF,10,2,0.2,1.4520848238930628,1.4520848238930628,0.7260424121934375,True
5754,UBCF,10,1,0.1,,0.0,,True
5755,CBF,10,3,0.3,38.018461444091116,76.03692288818223,24.94602623208985,True
5755,UBCF,10,1,0.1,,0.0,,True
5756,CBF,10,1,0.1,,0.0,,True
5756,UBCF,10,1,0.1,,0.0,,True
5757,CBF,10,2,0.2,27.972552036849212,27.972552036849212,13.986278905543603,True
5757,UBCF,10,1,0.1,,0.0,,True
5758,CBF,10,1,0.1,,0.0,,True
5758,UBCF,10,1,0.1,,0.0,,True
5759,CBF,10,1,0.1,,0.0,,True
5759,UBCF,10,1,0.1,,0.0,,True
5760,CBF,10,2,0.2,0.618187081322193,0.618187081322193,0.3090935406794648,True
5760,UBCF,10,1,0.1,,0.0,,True
5761,CBF,10,1,0.1,,0.0,,True
5761,UBCF,10,1,0.1,,0.0,,True
5762,CBF,10,1,0.1,,0.0,,True
5762,UBCF,10,1,0.1,,0.0,,True
5763,CBF,10,2,0.2,27.972552036849212,27.972552036849212,13.986278905543603,True
5763,UBCF,10,1,0.1,,0.0,,True
5764,CBF,10,2,0.2,1.5431923121318396,1.5431923121318396,0.7715961563145184,True
5764,UBCF,10,1,0.1,,0.0,,True
5765,CBF,10,1,0.1,,0.0,,True
5765,UBCF,10,1,0.1,,0.0,,True
5766,CBF,10,4,0.4,21.523714838970474,64.57114451691142,21.308311922103435,True
5766,UBCF,10,1,0.1,,0.0,,True
5767,CBF,10,1,0.1,,0.0,,True
5767,UBCF,10,2,0.2,32.52874473344892,32.52874473344892,16.264373376438158,True
5768,CBF,10,1,0.1,,0.0,,True
5768,UBCF,10,1,0.1,,0.0,,True
5769,CBF,10,2,0.2,28.163648891291636,28.163648891291636,14.081829185081,True
5769,UBCF,10,1,0.1,,0.0,,True
5770,CBF,10,1,0.1,,0.0,,True
5770,UBCF,10,1,0.1,,0.0,,True
5771,CBF,10,1,0.1,,0.0,,True
5771,UBCF,10,1,0.1,,0.0,,True
5772,CBF,10,1,0.1,,0.0,,True
5772,UBCF,10,1,0.1,,0.0,,True
5774,CBF,10,2,0.2,28.163648891291636,28.163648891291636,14.081829185081,True
5774,UBCF,10,2,0.2,27.972552036849212,27.972552036849212,13.986278905543603,True
5775,CBF,10,1,0.1,,0.0,,True
5775,UBCF,10,1,0.1,,0.0,,True
5776,CBF,10,2,0.2,28.163648891291636,28.163648891291636,14.081829185081,True
5776,UBCF,10,1,0.1,,0.0,,True
5777,CBF,10,3,0.3,16.661937939696955,33.32387587939391,14.670392701795173,True
5777,UBCF,10,1,0.1,,0.0,,True
5778,CBF,10,1,0.1,,0.0,,True
5778,UBCF,10,1,0.1,,0.0,,True
5779,CBF,10,4,0.4,20.43932791311023,61.317983739330685,20.261094096195606,True
5779,UBCF,10,1,0.1,,0.0,,True
5780,CBF,10,2,0.2,1.5431923121318396,1.5431923121318396,0.7715961563145184,True
5780,UBCF,10,1,0.1,,0.0,,True
5781,CBF,10,2,0.2,27.972552036849212,27.972552036849212,13.986278905543603,True
5781,UBCF,10,1,0.1,,0.0,,True
5782,CBF,10,1,0.1,,0.0,,True
5782,UBCF,10,1,0.1,,0.0,,True
5783,CBF,10,1,0.1,,0.0,,True
5783,UBCF,10,1,0.1,,0.0,,True
5784,CBF,10,2,0.2,3.2384731178996904,3.2384731178996904,1.6192365637290824,True
5784,UBCF,10,1,0.1,,0.0,,True
5785,CBF,10,1,0.1,,0.0,,True
5785,UBCF,10,1,0.1,,0.0,,True
5786,CBF,10,2,0.2,1.851196413912366,1.851196413912366,0.9255982080141867,True
5786,UBCF,10,1,0.1,,0.0,,True
5787,CBF,10,3,0.3,19.066097957521308,38.132195915042615,15.419217548863594,True
5787,UBCF,10,2,0.2,37.90428148972095,37.90428148972095,18.95215698491864,True
5788,CBF,10,2,0.2,27.972552036849212,27.972552036849212,13.986278905543603,True
5788,UBCF,10,1,0.1,,0.0,,True
5789,CBF,10,1,0.1,,0.0,,True
5789,UBCF,10,1,0.1,,0.0,,True
5790,CBF,10,2,0.2,43.262588299701214,43.262588299701214,21.631301429361923,True
5790,UBCF,10,1,0.1,,0.0,,True
5791,CBF,10,2,0.2,38.97541147027279,38.97541147027279,19.487708880396617,True
5791,UBCF,10,1,0.1,,0.0,,True
5792,CBF,10,1,0.1,,0.0,,True
5792,UBCF,10,1,0.1,,0.0,,True
5793,CBF,10,2,0.2,28.163648891291636,28.163648891291636,14.081829185081,True
5793,UBCF,10,1,0.1,,0.0,,True
5794,CBF,10,1,0.1,,0.0,,True
5794,UBCF,10,1,0.1,,0.0,,True
5795,CBF,10,1,0.1,,0.0,,True
5795,UBCF,10,2,0.2,27.972552036849212,27.972552036849212,13.986278905543603,True
5796,CBF,10,1,0.1,,0.0,,True
5796,UBCF,10,1,0.1,,0.0,,True
5797,CBF,10,1,0.1,,0.0,,True
5797,UBCF,10,1,0.1,,0.0,,True
5798,CBF,10,1,0.1,,0.0,,True
5798,UBCF,10,1,0.1,,0.0,,True
5799,CBF,10,1,0.1,,0.0,,True
5799,UBCF,10,1,0.1,,0.0,,True
5800,CBF,10,2,0.2,1.4317359571066377,1.4317359571066377,0.7158679788583666,True
5800,UBCF,10,1,0.1,,0.0,,True
5801,CBF,10,4,0.4,19.90256498765533,59.707694962965995,16.083995679345257,True
5801,UBCF,10,1,0.1,,0.0,,True
5802,CBF,10,1,0.1,,0.0,,True
5802,UBCF,10,1,0.1,,0.0,,True
5803,CBF,10,3,0.3,24.637336222837426,49.27467244567485,16.47760031289955,True
5803,UBCF,10,1,0.1,,0.0,,True
5804,CBF,10,1,0.1,,0.0,,True
5804,UBCF,10,1,0.1,,0.0,,True
5805,CBF,10,1,0.1,,0.0,,True
5805,UBCF,10,1,0.1,,0.0,,True
5806,CBF,10,2,0.2,43.262588299701214,43.262588299701214,21.631301429361923,True
5806,UBCF,10,1,0.1,,0.0,,True
5807,CBF,10,3,0.3,17.422387190708463,34.844774381416926,13.984483048124067,True
5807,UBCF,10,2,0.2,43.06789496829618,43.06789496829618,21.53394824722954,True
5808,CBF,10,4,0.4,21.13583146014422,63.40749438043267,21.07038557193155,True
5808,UBCF,10,1,0.1,,0.0,,True
5809,CBF,10,2,0.2,38.97541147027279,38.97541147027279,19.487708880396617,True
5809,UBCF,10,1,0.1,,0.0,,True
5810,CBF,10,4,0.4,8.371339639207642,25.11401891762293,6.719870187443794,True
5810,UBCF,10,2,0.2,32.52874473344892,32.52874473344892,16.264373376438158,True
5811,CBF,10,2,0.2,43.262588299701214,43.262588299701214,21.631301429361923,True
5811,UBCF,10,2,0.2,37.90428148972095,37.90428148972095,18.95215698491864,True
5812,CBF,10,3,0.3,7.870809452381856,15.741618904763712,5.439765419610929,True
5812,UBCF,10,1,0.1,,0.0,,True
5813,CBF,10,3,0.3,16.661937939696955,33.32387587939391,14.670392701795173,True
5813,UBCF,10,1,0.1,,0.0,,True
5815,CBF,10,2,0.2,38.97541147027279,38.97541147027279,19.487708880396617,True
5815,UBCF,10,1,0.1,,0.0,,True
5816,CBF,10,1,0.1,,0.0,,True
5816,UBCF,10,1,0.1,,0.0,,True
5817,CBF,10,4,0.4,21.076747819219893,63.23024345765968,20.997982841365133,True
5817,UBCF,10,1,0.1,,0.0,,True
5818,CBF,10,1,0.1,,0.0,,True
5818,UBCF,10,2,0.2,27.972552036849212,27.972552036849212,13.986278905543603,True
5819,CBF,10,4,0.4,6.858506222543423,20.57551866763027,7.090586067054378,True
5819,UBCF,10,1,0.1,,0.0,,True
5820,CBF,10,1,0.1,,0.0,,True
5820,UBCF,10,1,0.1,,0.0,,True
5821,CBF,10,1,0.1,,0.0,,True
5821,UBCF,10,2,0.2,20.56227028829262,20.56227028829262,10.281135193399617,True
5822,CBF,10,2,0.2,1.4317359571066377,1.4317359571066377,0.7158679788583666,True
5822,UBCF,10,1,0.1,,0.0,,True
5823,CBF,10,2,0.2,1.5431923121318396,1.5431923121318396,0.7715961563145184,True
5823,UBCF,10,1,0.1,,0.0,,True
5824,CBF,10,2,0.2,43.262588299701214,43.262588299701214,21.631301429361923,True
5824,UBCF,10,1,0.1,,0.0,,True
5825,CBF,10,1,0.1,,0.0,,True
5825,UBCF,10,1,0.1,,0.0,,True
5826,CBF,10,1,0.1,,0.0,,True
5826,UBCF,10,1,0.1,,0.0,,True
5827,CBF,10,1,0.1,,0.0,,True
5827,UBCF,10,1,0.1,,0.0,,True
5828,CBF,10,2,0.2,19.802199491474596,19.802199491474596,9.901100073718258,True
5828,UBCF,10,1,0.1,,0.0,,True
5829,CBF,10,3,0.3,50.59972761018138,101.19945522036276,27.140055449550328,True
5829,UBCF,10,1,0.1,,0.0,,True
5830,CBF,10,1,0.1,,0.0,,True
5830,UBCF,10,2,0.2,42.31944671414057,42.31944671414057,21.159730993153076,True
5831,CBF,10,3,0.3,16.661937939696955,33.32387587939391,14.670392701795173,True
5831,UBCF,10,3,0.3,31.982087125955132,63.964174251910265,22.491845482861294,True
5832,CBF,10,2,0.2,39.131166621556076,39.131166621556076,19.565591509610922,True
5832,UBCF,10,1,0.1,,0.0,,True
5833,CBF,10,2,0.2,1.4317359571066377,1.4317359571066377,0.7158679788583666,True
5833,UBCF,10,1,0.1,,0.0,,True
5834,CBF,10,1,0.1,,0.0,,True
5834,UBCF,10,1,0.1,,0.0,,True
5835,CBF,10,2,0.2,32.501727533605106,32.501727533605106,16.250863767116847,True
5835,UBCF,10,1,0.1,,0.0,,True
5836,CBF,10,1,0.1,,0.0,,True
5836,UBCF,10,1,0.1,,0.0,,True
5837,CBF,10,2,0.2,1.5431923121318396,1.5431923121318396,0.7715961563145184,True
5837,UBCF,10,2,0.2,27.972552036849212,27.972552036849212,13.986278905543603,True
5838,CBF,10,1,0.1,,0.0,,True
5838,UBCF,10,1,0.1,,0.0,,True
5839,CBF,10,3,0.3,38.018461444091116,76.03692288818223,24.94602623208985,True
5839,UBCF,10,1,0.1,,0.0,,True
5840,CBF,10,2,0.2,43.262588299701214,43.262588299701214,21.631301429361923,True
5840,UBCF,10,2,0.2,19.380806902927784,19.380806902927784,9.690404897837317,True
5841,CBF,10,2,0.2,1.4317359571066377,1.4317359571066377,0.7158679788583666,True
5841,UBCF,10,1,0.1,,0.0,,True
5842,CBF,10,1,0.1,,0.0,,True
5842,UBCF,10,1,0.1,,0.0,,True
5843,CBF,10,3,0.3,43.12277045346657,86.24554090693314,24.94602623208985,True
5843,UBCF,10,1,0.1,,0.0,,True
5844,CBF,10,1,0.1,,0.0,,True
5844,UBCF,10,1,0.1,,0.0,,True
5845,CBF,10,1,0.1,,0.0,,True
5845,UBCF,10,1,0.1,,0.0,,True
5846,CBF,10,2,0.2,15.331600980045696,15.331600980045696,7.665801087987717,True
5846,UBCF,10,1,0.1,,0.0,,True
5848,CBF,10,2,0.2,33.67692365322722,33.67692365322722,16.838466700408475,True
5848,UBCF,10,1,0.1,,0.0,,True
5849,CBF,10,2,0.2,16.36414581336663,16.36414581336663,8.182073605008515,True
5849,UBCF,10,2,0.2,11.749728398231753,11.749728398231753,5.874864397864018,True
5850,CBF,10,1,0.1,,0.0,,True
5850,UBCF,10,1,0.1,,0.0,,True
5851,CBF,10,1,0.1,,0.0,,True
5851,UBCF,10,1,0.1,,0.0,,True
5852,CBF,10,1,0.1,,0.0,,True
5852,UBCF,10,2,0.2,20.56227028829262,20.56227028829262,10.281135193399617,True
5853,CBF,10,1,0.1,,0.0,,True
5853,UBCF,10,1,0.1,,0.0,,True
5854,CBF,10,1,0.1,,0.0,,True
5854,UBCF,10,1,0.1,,0.0,,True
5855,CBF,10,1,0.1,,0.0,,True
5855,UBCF,10,1,0.1,,0.0,,True
5856,CBF,10,1,0.1,,0.0,,True
5856,UBCF,10,1,0.1,,0.0,,True
5857,CBF,10,4,0.4,1.5281370252870932,4.584411075861279,1.187553163694539,True
5857,UBCF,10,1,0.1,,0.0,,True
5858,CBF,10,3,0.3,20.70131197994607,41.40262395989214,13.984483048124067,True
5858,UBCF,10,2,0.2,32.52874473344892,32.52874473344892,16.264373376438158,True
5859,CBF,10,1,0.1,,0.0,,True
5859,UBCF,10,2,0.2,31.43542951846135,31.43542951846135,15.717719488393843,True
5860,CBF,10,1,0.1,,0.0,,True
5860,UBCF,10,1,0.1,,0.0,,True
5861,CBF,10,1,0.1,,0.0,,True
5861,UBCF,10,2,0.2,11.749728398231753,11.749728398231753,5.874864397864018,True
5862,CBF,10,3,0.3,19.066097957521308,38.132195915042615,15.419217548863594,True
5862,UBCF,10,1,0.1,,0.0,,True
5863,CBF,10,2,0.2,27.972552036849212,27.972552036849212,13.986278905543603,True
5863,UBCF,10,1,0.1,,0.0,,True
5864,CBF,10,1,0.1,,0.0,,True
5864,UBCF,10,1,0.1,,0.0,,True
5865,CBF,10,1,0.1,,0.0,,True
5865,UBCF,10,1,0.1,,0.0,,True
5866,CBF,10,1,0.1,,0.0,,True
5866,UBCF,10,1,0.1,,0.0,,True
5867,CBF,10,2,0.2,1.4520848238930628,1.4520848238930628,0.7260424121934375,True
5867,UBCF,10,1,0.1,,0.0,,True
5868,CBF,10,2,0.2,34.72149846976685,34.72149846976685,17.360758094044108,True
5868,UBCF,10,1,0.1,,0.0,,True
5869,CBF,10,1,0.1,,0.0,,True
5869,UBCF,10,2,0.2,31.43542951846135,31.43542951846135,15.717719488393843,True
5870,CBF,10,1,0.1,,0.0,,True
5870,UBCF,10,1,0.1,,0.0,,True
5871,CBF,10,2,0.2,28.163648891291636,28.163648891291636,14.081829185081,True
5871,UBCF,10,1,0.1,,0.0,,True
5872,CBF,10,1,0.1,,0.0,,True
5872,UBCF,10,2,0.2,19.380806902927784,19.380806902927784,9.690404897837317,True
5873,CBF,10,1,0.1,,0.0,,True
5873,UBCF,10,1,0.1,,0.0,,True
5874,CBF,10,2,0.2,1.4520848238930628,1.4520848238930628,0.7260424121934375,True
5874,UBCF,10,1,0.1,,0.0,,True
5875,CBF,10,4,0.4,8.581333005178434,25.7439990155353,5.52440225451474,True
5875,UBCF,10,1,0.1,,0.0,,True
5876,CBF,10,1,0.1,,0.0,,True
5876,UBCF,10,2,0.2,20.56227028829262,20.56227028829262,10.281135193399617,True
5877,CBF,10,2,0.2,28.163648891291636,28.163648891291636,14.081829185081,True
5877,UBCF,10,1,0.1,,0.0,,True
5878,CBF,10,2,0.2,1.4317359571066377,1.4317359571066377,0.7158679788583666,True
5878,UBCF,10,1,0.1,,0.0,,True
5879,CBF,10,2,0.2,27.972552036849212,27.972552036849212,13.986278905543603,True
5879,UBCF,10,1,0.1,,0.0,,True
5880,CBF,10,1,0.1,,0.0,,True
5880,UBCF,10,2,0.2,20.56227028829262,20.56227028829262,10.281135193399617,True
5881,CBF,10,2,0.2,33.307372647861015,33.307372647861015,16.653688974915404,True
5881,UBCF,10,1,0.1,,0.0,,True
5882,CBF,10,1,0.1,,0.0,,True
5882,UBCF,10,1,0.1,,0.0,,True
5883,CBF,10,3,0.3,16.661937939696955,33.32387587939391,14.670392701795173,True
5883,UBCF,10,1,0.1,,0.0,,True
5884,CBF,10,2,0.2,39.245429755089575,39.245429755089575,19.622723579412103,True
5884,UBCF,10,1,0.1,,0.0,,True
5885,CBF,10,2,0.2,28.163648891291636,28.163648891291636,14.081829185081,True
5885,UBCF,10,1,0.1,,0.0,,True
5886,CBF,10,3,0.3,16.661937939696955,33.32387587939391,14.670392701795173,True
5886,UBCF,10,1,0.1,,0.0,,True
5887,CBF,10,4,0.4,26.7243388864777,80.1730166594331,20.997982841365136,True
5887,UBCF,10,1,0.1,,0.0,,True
5888,CBF,10,2,0.2,1.4317359571066377,1.4317359571066377,0.7158679788583666,True
5888,UBCF,10,1,0.1,,0.0,,True
5889,CBF,10,3,0.3,22.499637306332808,44.999274612665616,18.84959275822592,True
5889,UBCF,10,1,0.1,,0.0,,True
5890,CBF,10,1,0.1,,0.0,,True
5890,UBCF,10,1,0.1,,0.0,,True
5891,CBF,10,1,0.1,,0.0,,True
5891,UBCF,10,1,0.1,,0.0,,True
5892,CBF,10,2,0.2,1.4520848238930628,1.4520848238930628,0.7260424121934375,True
5892,UBCF,10,1,0.1,,0.0,,True
5893,CBF,10,1,0.1,,0.0,,True
5893,UBCF,10,1,0.1,,0.0,,True
5894,CBF,10,1,0.1,,0.0,,True
5894,UBCF,10,1,0.1,,0.0,,True
5895,CBF,10,2,0.2,34.23620159726591,34.23620159726591,17.118100997635054,True
5895,UBCF,10,2,0.2,11.749728398231753,11.749728398231753,5.874864397864018,True
5896,CBF,10,2,0.2,17.82423193742532,17.82423193742532,8.912116066560213,True
5896,UBCF,10,1,0.1,,0.0,,True
5897,CBF,10,1,0.1,,0.0,,True
5897,UBCF,10,1,0.1,,0.0,,True
5898,CBF,10,1,0.1,,0.0,,True
5898,UBCF,10,1,0.1,,0.0,,True
5899,CBF,10,3,0.3,39.05328904591443,78.10657809182887,22.70958043158625,True
5899,UBCF,10,1,0.1,,0.0,,True
5900,CBF,10,2,0.2,47.42548488878177,47.42548488878177,23.712758341755357,True
5900,UBCF,10,1,0.1,,0.0,,True
5901,CBF,10,1,0.1,,0.0,,True
5901,UBCF,10,1,0.1,,0.0,,True
5902,CBF,10,1,0.1,,0.0,,True
5902,UBCF,10,1,0.1,,0.0,,True
5903,CBF,10,2,0.2,38.97541147027279,38.97541147027279,19.487708880396617,True
5903,UBCF,10,1,0.1,,0.0,,True
5904,CBF,10,1,0.1,,0.0,,True
5904,UBCF,10,1,0.1,,0.0,,True
5905,CBF,10,1,0.1,,0.0,,True
5905,UBCF,10,1,0.1,,0.0,,True
5906,CBF,10,2,0.2,43.262588299701214,43.262588299701214,21.631301429361923,True
5906,UBCF,10,2,0.2,32.52874473344892,32.52874473344892,16.264373376438158,True
5907,CBF,10,4,0.4,23.58113358415471,70.74340075246413,22.39380159183812,True
5907,UBCF,10,1,0.1,,0.0,,True
5908,CBF,10,2,0.2,43.50817815473331,43.50817815473331,21.754100831478382,True
5908,UBCF,10,1,0.1,,0.0,,True
5909,CBF,10,1,0.1,,0.0,,True
5909,UBCF,10,1,0.1,,0.0,,True
5910,CBF,10,3,0.3,39.90103000773112,79.80206001546225,24.100304972323233,True
5910,UBCF,10,1,0.1,,0.0,,True
5911,CBF,10,3,0.3,46.391897658889384,92.78379531777877,28.335316861706,True
5911,UBCF,10,1,0.1,,0.0,,True
5912,CBF,10,3,0.3,31.429643406844413,62.859286813688826,24.100304972323233,True
5912,UBCF,10,1,0.1,,0.0,,True
5913,CBF,10,4,0.4,11.708891755683581,35.12667526705074,8.702285826885783,True
5913,UBCF,10,1,0.1,,0.0,,True
5914,CBF,10,2,0.2,35.047699610959974,35.047699610959974,17.52385828960975,True
5914,UBCF,10,1,0.1,,0.0,,True
5915,CBF,10,4,0.4,21.076747819219893,63.23024345765968,20.997982841365136,True
5915,UBCF,10,1,0.1,,0.0,,True
5916,CBF,10,4,0.4,18.26103774630581,54.78311323891743,14.030299240376484,True
5916,UBCF,10,1,0.1,,0.0,,True
5917,CBF,10,1,0.1,,0.0,,True
5917,UBCF,10,1,0.1,,0.0,,True
5918,CBF,10,2,0.2,39.89544829710059,39.89544829710059,19.947732443611972,True
5918,UBCF,10,1,0.1,,0.0,,True
5919,CBF,10,1,0.1,,0.0,,True
5919,UBCF,10,1,0.1,,0.0,,True
5920,CBF,10,3,0.3,38.81877516953293,77.63755033906585,27.314473332598265,True
5920,UBCF,10,1,0.1,,0.0,,True
5921,CBF,10,2,0.2,1.5156689175409355,1.5156689175409355,0.7578344591212706,True
5921,UBCF,10,1,0.1,,0.0,,True
5922,CBF,10,1,0.1,,0.0,,True
5922,UBCF,10,2,0.2,8.412640195690354,8.412640195690354,4.206320154926033,True
5923,CBF,10,2,0.2,33.214895727349095,33.214895727349095,16.60744789747381,True
5923,UBCF,10,1,0.1,,0.0,,True
5924,CBF,10,1,0.1,,0.0,,True
5924,UBCF,10,1,0.1,,0.0,,True
5925,CBF,10,2,0.2,1.4317359571066377,1.4317359571066377,0.7158679788583666,True
5925,UBCF,10,1,0.1,,0.0,,True
5926,CBF,10,2,0.2,1.4317359571066377,1.4317359571066377,0.7158679788583666,True
5926,UBCF,10,1,0.1,,0.0,,True
5927,CBF,10,3,0.3,15.367110491813616,30.73422098362723,12.860190551655819,True
5927,UBCF,10,1,0.1,,0.0,,True
5928,CBF,10,2,0.2,16.290572651640527,16.290572651640527,8.145286821625284,True
5928,UBCF,10,1,0.1,,0.0,,True
5929,CBF,10,1,0.1,,0.0,,True
5929,UBCF,10,1,0.1,,0.0,,True
5930,CBF,10,2,0.2,7.90812379907292,7.90812379907292,3.954061946399003,True
5930,UBCF,10,1,0.1,,0.0,,True
5931,CBF,10,2,0.2,33.67692365322722,33.67692365322722,16.838466700408475,True
5931,UBCF,10,1,0.1,,0.0,,True
5932,CBF,10,1,0.1,,0.0,,True
5932,UBCF,10,1,0.1,,0.0,,True
5933,CBF,10,2,0.2,18.063673535690604,18.063673535690604,9.031838163077367,True
5933,UBCF,10,1,0.1,,0.0,,True
5934,CBF,10,2,0.2,28.163648891291636,28.163648891291636,14.081829185081,True
5934,UBCF,10,1,0.1,,0.0,,True
5935,CBF,10,2,0.2,27.972552036849212,27.972552036849212,13.986278905543603,True
5935,UBCF,10,1,0.1,,0.0,,True
5936,CBF,10,1,0.1,,0.0,,True
5936,UBCF,10,1,0.1,,0.0,,True
5937,CBF,10,1,0.1,,0.0,,True
5937,UBCF,10,1,0.1,,0.0,,True
5938,CBF,10,1,0.1,,0.0,,True
5938,UBCF,10,1,0.1,,0.0,,True
5939,CBF,10,2,0.2,1.4317359571066377,1.4317359571066377,0.7158679788583666,True
5939,UBCF,10,2,0.2,28.023986357443068,28.023986357443068,14.01199605679436,True
5940,CBF,10,1,0.1,,0.0,,True
5940,UBCF,10,1,0.1,,0.0,,True
5941,CBF,10,1,0.1,,0.0,,True
5941,UBCF,10,2,0.2,42.31944671414057,42.31944671414057,21.159730993153076,True
5942,CBF,10,1,0.1,,0.0,,True
5942,UBCF,10,1,0.1,,0.0,,True
5943,CBF,10,2,0.2,27.972552036849212,27.972552036849212,13.986278905543603,True
5943,UBCF,10,1,0.1,,0.0,,True
5944,CBF,10,1,0.1,,0.0,,True
5944,UBCF,10,2,0.2,31.43542951846135,31.43542951846135,15.717719488393843,True
5945,CBF,10,1,0.1,,0.0,,True
5945,UBCF,10,1,0.1,,0.0,,True
5946,CBF,10,1,0.1,,0.0,,True
5946,UBCF,10,1,0.1,,0.0,,True
5947,CBF,10,2,0.2,27.972552036849212,27.972552036849212,13.986278905543603,True
5947,UBCF,10,1,0.1,,0.0,,True
5948,CBF,10,2,0.2,38.97541147027279,38.97541147027279,19.487708880396617,True
5948,UBCF,10,1,0.1,,0.0,,True
5949,CBF,10,1,0.1,,0.0,,True
5949,UBCF,10,1,0.1,,0.0,,True
5950,CBF,10,1,0.1,,0.0,,True
5950,UBCF,10,1,0.1,,0.0,,True
5951,CBF,10,1,0.1,,0.0,,True
5951,UBCF,10,1,0.1,,0.0,,True
5952,CBF,10,2,0.2,39.68146350068155,39.68146350068155,19.840734382814126,True
5952,UBCF,10,1,0.1,,0.0,,True
5953,CBF,10,2,0.2,49.51043674939537,49.51043674939537,24.75523684317079,True
5953,UBCF,10,1,0.1,,0.0,,True
5954,CBF,10,1,0.1,,0.0,,True
5954,UBCF,10,1,0.1,,0.0,,True
5956,CBF,10,1,0.1,,0.0,,True
5956,UBCF,10,1,0.1,,0.0,,True
5957,CBF,10,2,0.2,1.4317359571066377,1.4317359571066377,0.7158679788583666,True
5957,UBCF,10,1,0.1,,0.0,,True
5958,CBF,10,3,0.3,16.661937939696955,33.32387587939391,14.670392701795173,True
5958,UBCF,10,1,0.1,,0.0,,True
5959,CBF,10,1,0.1,,0.0,,True
5959,UBCF,10,1,0.1,,0.0,,True
5960,CBF,10,1,0.1,,0.0,,True
5960,UBCF,10,1,0.1,,0.0,,True
5961,CBF,10,2,0.2,1.4317359571066377,1.4317359571066377,0.7158679788583666,True
5961,UBCF,10,1,0.1,,0.0,,True
5962,CBF,10,1,0.1,,0.0,,True
5962,UBCF,10,1,0.1,,0.0,,True
5963,CBF,10,3,0.3,25.00741147678561,50.01482295357122,18.758589264432157,True
5963,UBCF,10,1,0.1,,0.0,,True
5964,CBF,10,3,0.3,1.2937418702284034,2.5874837404568067,1.0857956522152026,True
5964,UBCF,10,1,0.1,,0.0,,True
5965,CBF,10,3,0.3,10.710831164738693,21.421662329477385,7.8333525444931125,True
5965,UBCF,10,1,0.1,,0.0,,True
5966,CBF,10,1,0.1,,0.0,,True
5966,UBCF,10,1,0.1,,0.0,,True
5967,CBF,10,2,0.2,1.4317359571066377,1.4317359571066377,0.7158679788583666,True
5967,UBCF,10,1,0.1,,0.0,,True
5968,CBF,10,1,0.1,,0.0,,True
5968,UBCF,10,1,0.1,,0.0,,True
5969,CBF,10,1,0.1,,0.0,,True
5969,UBCF,10,1,0.1,,0.0,,True
5970,CBF,10,2,0.2,28.163648891291636,28.163648891291636,14.081829185081,True
5970,UBCF,10,1,0.1,,0.0,,True
5971,CBF,10,2,0.2,28.163648891291636,28.163648891291636,14.081829185081,True
5971,UBCF,10,1,0.1,,0.0,,True
5972,CBF,10,1,0.1,,0.0,,True
5972,UBCF,10,1,0.1,,0.0,,True
5974,CBF,10,3,0.3,4.680104311482991,9.360208622965983,3.7734193919112045,True
5974,UBCF,10,1,0.1,,0.0,,True
5975,CBF,10,2,0.2,42.46063206005696,42.46063206005696,21.230322245394014,True
5975,UBCF,10,1,0.1,,0.0,,True
5976,CBF,10,1,0.1,,0.0,,True
5976,UBCF,10,2,0.2,37.90428148972095,37.90428148972095,18.95215698491864,True
5977,CBF,10,2,0.2,43.262588299701214,43.262588299701214,21.631301429361923,True
5977,UBCF,10,1,0.1,,0.0,,True
5978,CBF,10,1,0.1,,0.0,,True
5978,UBCF,10,1,0.1,,0.0,,True
5979,CBF,10,2,0.2,1.4317359571066377,1.4317359571066377,0.7158679788583666,True
5979,UBCF,10,2,0.2,19.380806902927784,19.380806902927784,9.690404897837317,True
5980,CBF,10,2,0.2,47.2904786604151,47.2904786604151,23.645251826609766,True
5980,UBCF,10,1,0.1,,0.0,,True
5981,CBF,10,1,0.1,,0.0,,True
5981,UBCF,10,1,0.1,,0.0,,True
5982,CBF,10,2,0.2,8.492806526192252,8.492806526192252,4.246403326945568,True
5982,UBCF,10,1,0.1,,0.0,,True
5983,CBF,10,2,0.2,16.290572651640527,16.290572651640527,8.145286821625284,True
5983,UBCF,10,2,0.2,32.52874473344892,32.52874473344892,16.264373376438158,True
5984,CBF,10,1,0.1,,0.0,,True
5984,UBCF,10,1,0.1,,0.0,,True
5985,CBF,10,2,0.2,1.4317359571066377,1.4317359571066377,0.7158679788583666,True
5985,UBCF,10,1,0.1,,0.0,,True
5986,CBF,10,1,0.1,,0.0,,True
5986,UBCF,10,1,0.1,,0.0,,True
5987,CBF,10,2,0.2,1.5156689175409355,1.5156689175409355,0.7578344591212706,True
5987,UBCF,10,1,0.1,,0.0,,True
5988,CBF,10,1,0.1,,0.0,,True
5988,UBCF,10,1,0.1,,0.0,,True
5989,CBF,10,1,0.1,,0.0,,True
5989,UBCF,10,1,0.1,,0.0,,True
5990,CBF,10,3,0.3,16.661937939696955,33.32387587939391,14.670392701795173,True
5990,UBCF,10,1,0.1,,0.0,,True
5991,CBF,10,1,0.1,,0.0,,True
5991,UBCF,10,1,0.1,,0.0,,True
5992,CBF,10,1,0.1,,0.0,,True
5992,UBCF,10,1,0.1,,0.0,,True
5993,CBF,10,3,0.3,29.551415178475974,59.10283035695195,23.225886950306606,True
5993,UBCF,10,1,0.1,,0.0,,True
5994,CBF,10,1,0.1,,0.0,,True
5994,UBCF,10,1,0.1,,0.0,,True
5995,CBF,10,1,0.1,,0.0,,True
5995,UBCF,10,2,0.2,37.90428148972095,37.90428148972095,18.95215698491864,True
5996,CBF,10,2,0.2,39.131166621556076,39.131166621556076,19.565591509610922,True
5996,UBCF,10,1,0.1,,0.0,,True
5997,CBF,10,1,0.1,,0.0,,True
5997,UBCF,10,1,0.1,,0.0,,True
5998,CBF,10,2,0.2,1.5431923121318396,1.5431923121318396,0.7715961563145184,True
5998,UBCF,10,2,0.2,20.56227028829262,20.56227028829262,10.281135193399617,True
5999,CBF,10,1,0.1,,0.0,,True
5999,UBCF,10,1,0.1,,0.0,,True
6000,CBF,10,2,0.2,1.5431923121318396,1.5431923121318396,0.7715961563145184,True
6000,UBCF,10,1,0.1,,0.0,,True
6001,CBF,10,2,0.2,28.163648891291636,28.163648891291636,14.081829185081,True
6001,UBCF,10,1,0.1,,0.0,,True
6002,CBF,10,2,0.2,1.4317359571066377,1.4317359571066377,0.7158679788583666,True
6002,UBCF,10,1,0.1,,0.0,,True
6003,CBF,10,1,0.1,,0.0,,True
6003,UBCF,10,1,0.1,,0.0,,True
6004,CBF,10,2,0.2,27.972552036849212,27.972552036849212,13.986278905543603,True
6004,UBCF,10,1,0.1,,0.0,,True
6005,CBF,10,1,0.1,,0.0,,True
6005,UBCF,10,1,0.1,,0.0,,True
6007,CBF,10,1,0.1,,0.0,,True
6007,UBCF,10,1,0.1,,0.0,,True
6008,CBF,10,2,0.2,1.4520848238930628,1.4520848238930628,0.7260424121934375,True
6008,UBCF,10,1,0.1,,0.0,,True
6009,CBF,10,2,0.2,1.4317359571066377,1.4317359571066377,0.7158679788583666,True
6009,UBCF,10,1,0.1,,0.0,,True
6010,CBF,10,1,0.1,,0.0,,True
6010,UBCF,10,1,0.1,,0.0,,True
6011,CBF,10,1,0.1,,0.0,,True
6011,UBCF,10,1,0.1,,0.0,,True
6012,CBF,10,1,0.1,,0.0,,True
6012,UBCF,10,2,0.2,31.43542951846135,31.43542951846135,15.717719488393843,True
6013,CBF,10,2,0.2,28.163648891291636,28.163648891291636,14.081829185081,True
6013,UBCF,10,1,0.1,,0.0,,True
6014,CBF,10,2,0.2,39.89544829710059,39.89544829710059,19.947732443611972,True
6014,UBCF,10,1,0.1,,0.0,,True
6015,CBF,10,1,0.1,,0.0,,True
6015,UBCF,10,1,0.1,,0.0,,True
6016,CBF,10,2,0.2,1.4317359571066377,1.4317359571066377,0.7158679788583666,True
6016,UBCF,10,1,0.1,,0.0,,True
6017,CBF,10,1,0.1,,0.0,,True
6017,UBCF,10,1,0.1,,0.0,,True
6018,CBF,10,1,0.1,,0.0,,True
6018,UBCF,10,1,0.1,,0.0,,True
6019,CBF,10,2,0.2,19.115645729916185,19.115645729916185,9.557823552471355,True
6019,UBCF,10,2,0.2,20.56227028829262,20.56227028829262,10.281135193399617,True
6020,CBF,10,1,0.1,,0.0,,True
6020,UBCF,10,1,0.1,,0.0,,True
6021,CBF,10,2,0.2,0.618187081322193,0.618187081322193,0.3090935406794648,True
6021,UBCF,10,1,0.1,,0.0,,True
6022,CBF,10,1,0.1,,0.0,,True
6022,UBCF,10,2,0.2,48.054481419213076,48.054481419213076,24.027240711726357,True
6023,CBF,10,1,0.1,,0.0,,True
6023,UBCF,10,1,0.1,,0.0,,True
6024,CBF,10,2,0.2,27.972552036849212,27.972552036849212,13.986278905543603,True
6024,UBCF,10,1,0.1,,0.0,,True
6025,CBF,10,2,0.2,44.6387353025896,44.6387353025896,22.319382584751814,True
6025,UBCF,10,1,0.1,,0.0,,True
6026,CBF,10,1,0.1,,0.0,,True
6026,UBCF,10,2,0.2,45.85743379833855,45.85743379833855,22.92871906581808,True
6027,CBF,10,2,0.2,42.58985072810587,42.58985072810587,21.294941911813737,True
6027,UBCF,10,1,0.1,,0.0,,True
6028,CBF,10,2,0.2,1.4317359571066377,1.4317359571066377,0.7158679788583666,True
6028,UBCF,10,1,0.1,,0.0,,True
6029,CBF,10,2,0.2,43.262588299701214,43.262588299701214,21.631301429361923,True
6029,UBCF,10,1,0.1,,0.0,,True
6030,CBF,10,1,0.1,,0.0,,True
6030,UBCF,10,1,0.1,,0.0,,True
6031,CBF,10,1,0.1,,0.0,,True
6031,UBCF,10,1,0.1,,0.0,,True
6032,CBF,10,2,0.2,1.4317359571066377,1.4317359571066377,0.7158679788583666,True
6032,UBCF,10,1,0.1,,0.0,,True
6033,CBF,10,2,0.2,39.884336960417365,39.884336960417365,19.94216859195539,True
6033,UBCF,10,1,0.1,,0.0,,True
6034,CBF,10,2,0.2,41.37743428253662,41.37743428253662,20.688728097251076,True
6034,UBCF,10,1,0.1,,0.0,,True
6035,CBF,10,1,0.1,,0.0,,True
6035,UBCF,10,1,0.1,,0.0,,True
6036,CBF,10,2,0.2,19.380806902927784,19.380806902927784,9.690404897837317,True
6036,UBCF,10,1,0.1,,0.0,,True
6037,CBF,10,2,0.2,27.972552036849212,27.972552036849212,13.986278905543603,True
6037,UBCF,10,1,0.1,,0.0,,True
6038,CBF,10,3,0.3,16.661937939696955,33.32387587939391,14.670392701795173,True
6038,UBCF,10,1,0.1,,0.0,,True
6039,CBF,10,1,0.1,,0.0,,True
6039,UBCF,10,1,0.1,,0.0,,True
6040,CBF,10,1,0.1,,0.0,,True
6040,UBCF,10,1,0.1,,0.0,,True
6041,CBF,10,1,0.1,,0.0,,True
6041,UBCF,10,1,0.1,,0.0,,True
6042,CBF,10,4,0.4,26.7243388864777,80.1730166594331,20.997982841365136,True
6042,UBCF,10,1,0.1,,0.0,,True
6043,CBF,10,1,0.1,,0.0,,True
6043,UBCF,10,1,0.1,,0.0,,True
6044,CBF,10,3,0.3,40.494634821868374,80.98926964373675,24.940244259224546,True
6044,UBCF,10,1,0.1,,0.0,,True
6045,CBF,10,2,0.2,8.412640195690354,8.412640195690354,4.206320154926033,True
6045,UBCF,10,1,0.1,,0.0,,True
6046,CBF,10,2,0.2,43.262588299701214,43.262588299701214,21.631301429361923,True
6046,UBCF,10,1,0.1,,0.0,,True
6047,CBF,10,2,0.2,1.4317359571066377,1.4317359571066377,0.7158679788583666,True
6047,UBCF,10,2,0.2,31.43542951846135,31.43542951846135,15.717719488393843,True
6048,CBF,10,1,0.1,,0.0,,True
6048,UBCF,10,1,0.1,,0.0,,True
6049,CBF,10,2,0.2,1.2294901081794265,1.2294901081794265,0.6147450544389285,True
6049,UBCF,10,2,0.2,10.351160117462083,10.351160117462083,5.175580061801435,True
6050,CBF,10,2,0.2,1.4317359571066377,1.4317359571066377,0.7158679788583666,True
6050,UBCF,10,1,0.1,,0.0,,True
6051,CBF,10,2,0.2,28.163648891291636,28.163648891291636,14.081829185081,True
6051,UBCF,10,1,0.1,,0.0,,True
6052,CBF,10,1,0.1,,0.0,,True
6052,UBCF,10,2,0.2,37.90428148972095,37.90428148972095,18.95215698491864,True
6053,CBF,10,1,0.1,,0.0,,True
6053,UBCF,10,1,0.1,,0.0,,True
6054,CBF,10,1,0.1,,0.0,,True
6054,UBCF,10,2,0.2,27.972552036849212,27.972552036849212,13.986278905543603,True
6055,CBF,10,1,0.1,,0.0,,True
6055,UBCF,10,1,0.1,,0.0,,True
6056,CBF,10,1,0.1,,0.0,,True
6056,UBCF,10,1,0.1,,0.0,,True
6057,CBF,10,2,0.2,15.331600980045696,15.331600980045696,7.665801087987717,True
6057,UBCF,10,1,0.1,,0.0,,True
6058,CBF,10,3,0.3,19.86916854607542,39.73833709215084,13.812411814634183,True
6058,UBCF,10,1,0.1,,0.0,,True
6059,CBF,10,1,0.1,,0.0,,True
6059,UBCF,10,1,0.1,,0.0,,True
6060,CBF,10,1,0.1,,0.0,,True
6060,UBCF,10,1,0.1,,0.0,,True
6061,CBF,10,2,0.2,1.4520848238930628,1.4520848238930628,0.7260424121934375,True
6061,UBCF,10,1,0.1,,0.0,,True
6062,CBF,10,2,0.2,38.97541147027279,38.97541147027279,19.487708880396617,True
6062,UBCF,10,1,0.1,,0.0,,True
6063,CBF,10,4,0.4,21.076747819219893,63.23024345765968,20.997982841365136,True
6063,UBCF,10,1,0.1,,0.0,,True
6064,CBF,10,1,0.1,,0.0,,True
6064,UBCF,10,2,0.2,32.52874473344892,32.52874473344892,16.264373376438158,True
6065,CBF,10,1,0.1,,0.0,,True
6065,UBCF,10,1,0.1,,0.0,,True
6066,CBF,10,1,0.1,,0.0,,True
6066,UBCF,10,2,0.2,20.56227028829262,20.56227028829262,10.281135193399617,True
6067,CBF,10,4,0.4,11.14908967693781,33.44726903081343,9.34505208162404,True
6067,UBCF,10,1,0.1,,0.0,,True
6068,CBF,10,2,0.2,39.89544829710059,39.89544829710059,19.947732443611972,True
6068,UBCF,10,1,0.1,,0.0,,True
6069,CBF,10,1,0.1,,0.0,,True
6069,UBCF,10,1,0.1,,0.0,,True
6070,CBF,10,3,0.3,33.20085757433042,66.40171514866084,23.427638132482766,True
6070,UBCF,10,1,0.1,,0.0,,True
6071,CBF,10,1,0.1,,0.0,,True
6071,UBCF,10,1,0.1,,0.0,,True
6072,CBF,10,4,0.4,25.520887897527285,76.56266369258185,22.129754167928454,True
6072,UBCF,10,1,0.1,,0.0,,True
6073,CBF,10,2,0.2,39.884336960417365,39.884336960417365,19.94216859195539,True
6073,UBCF,10,1,0.1,,0.0,,True
6074,CBF,10,3,0.3,29.741831496078074,59.48366299215615,22.03639370655,True
6074,UBCF,10,1,0.1,,0.0,,True
6075,CBF,10,1,0.1,,0.0,,True
6075,UBCF,10,1,0.1,,0.0,,True
6076,CBF,10,2,0.2,0.7474288374934903,0.7474288374934903,0.3737144188207276,True
6076,UBCF,10,1,0.1,,0.0,,True
6077,CBF,10,1,0.1,,0.0,,True
6077,UBCF,10,1,0.1,,0.0,,True
6078,CBF,10,2,0.2,39.68146350068155,39.68146350068155,19.840734382814126,True
6078,UBCF,10,1,0.1,,0.0,,True
6079,CBF,10,1,0.1,,0.0,,True
6079,UBCF,10,1,0.1,,0.0,,True
6080,CBF,10,2,0.2,28.163648891291636,28.163648891291636,14.081829185081,True
6080,UBCF,10,1,0.1,,0.0,,True
6081,CBF,10,1,0.1,,0.0,,True
6081,UBCF,10,1,0.1,,0.0,,True
6082,CBF,10,2,0.2,28.163648891291636,28.163648891291636,14.081829185081,True
6082,UBCF,10,1,0.1,,0.0,,True
6083,CBF,10,2,0.2,1.5431923121318396,1.5431923121318396,0.7715961563145184,True
6083,UBCF,10,1,0.1,,0.0,,True
6084,CBF,10,2,0.2,2.3181081257908294,2.3181081257908294,1.1590540648649006,True
6084,UBCF,10,1,0.1,,0.0,,True
6085,CBF,10,1,0.1,,0.0,,True
6085,UBCF,10,1,0.1,,0.0,,True
6086,CBF,10,2,0.2,1.4317359571066377,1.4317359571066377,0.7158679788583666,True
6086,UBCF,10,1,0.1,,0.0,,True
6087,CBF,10,2,0.2,6.7248568044950225,6.7248568044950225,3.3624284085941114,True
6087,UBCF,10,1,0.1,,0.0,,True
6088,CBF,10,2,0.2,1.5431923121318396,1.5431923121318396,0.7715961563145184,True
6088,UBCF,10,1,0.1,,0.0,,True
6089,CBF,10,1,0.1,,0.0,,True
6089,UBCF,10,1,0.1,,0.0,,True
6090,CBF,10,2,0.2,19.747511248130476,19.747511248130476,9.873756747959575,True
6090,UBCF,10,1,0.1,,0.0,,True
6091,CBF,10,1,0.1,,0.0,,True
6091,UBCF,10,1,0.1,,0.0,,True
6092,CBF,10,1,0.1,,0.0,,True
6092,UBCF,10,1,0.1,,0.0,,True
6093,CBF,10,1,0.1,,0.0,,True
6093,UBCF,10,1,0.1,,0.0,,True
6094,CBF,10,2,0.2,39.884336960417365,39.884336960417365,19.94216859195539,True
6094,UBCF,10,1,0.1,,0.0,,True
6095,CBF,10,1,0.1,,0.0,,True
6095,UBCF,10,1,0.1,,0.0,,True
6096,CBF,10,2,0.2,33.67692365322722,33.67692365322722,16.838466700408475,True
6096,UBCF,10,1,0.1,,0.0,,True
6097,CBF,10,3,0.3,16.661937939696955,33.32387587939391,14.670392701795173,True
6097,UBCF,10,1,0.1,,0.0,,True
6098,CBF,10,1,0.1,,0.0,,True
6098,UBCF,10,1,0.1,,0.0,,True
6099,CBF,10,2,0.2,47.42548488878177,47.42548488878177,23.712758341755357,True
6099,UBCF,10,1,0.1,,0.0,,True
6100,CBF,10,1,0.1,,0.0,,True
6100,UBCF,10,1,0.1,,0.0,,True
6101,CBF,10,2,0.2,1.4520848238930628,1.4520848238930628,0.7260424121934375,True
6101,UBCF,10,1,0.1,,0.0,,True
6102,CBF,10,1,0.1,,0.0,,True
6102,UBCF,10,1,0.1,,0.0,,True
6103,CBF,10,2,0.2,7.1198546066846555,7.1198546066846555,3.559927367707824,True
6103,UBCF,10,2,0.2,37.90428148972095,37.90428148972095,18.95215698491864,True
6104,CBF,10,1,0.1,,0.0,,True
6104,UBCF,10,1,0.1,,0.0,,True
6105,CBF,10,1,0.1,,0.0,,True
6105,UBCF,10,1,0.1,,0.0,,True
6106,CBF,10,2,0.2,27.972552036849212,27.972552036849212,13.986278905543603,True
6106,UBCF,10,1,0.1,,0.0,,True
6107,CBF,10,1,0.1,,0.0,,True
6107,UBCF,10,1,0.1,,0.0,,True
6108,CBF,10,3,0.3,29.551415178475974,59.10283035695195,23.225886950306606,True
6108,UBCF,10,2,0.2,37.90428148972095,37.90428148972095,18.95215698491864,True
6109,CBF,10,2,0.2,36.24007716797648,36.24007716797648,18.12004609756425,True
6109,UBCF,10,1,0.1,,0.0,,True
6110,CBF,10,2,0.2,43.262588299701214,43.262588299701214,21.631301429361923,True
6110,UBCF,10,1,0.1,,0.0,,True
6111,CBF,10,2,0.2,33.67692365322722,33.67692365322722,16.838466700408475,True
6111,UBCF,10,1,0.1,,0.0,,True
6112,CBF,10,1,0.1,,0.0,,True
6112,UBCF,10,1,0.1,,0.0,,True
6113,CBF,10,2,0.2,39.89544829710059,39.89544829710059,19.947732443611972,True
6113,UBCF,10,1,0.1,,0.0,,True
6114,CBF,10,1,0.1,,0.0,,True
6114,UBCF,10,1,0.1,,0.0,,True
6115,CBF,10,2,0.2,28.163648891291636,28.163648891291636,14.081829185081,True
6115,UBCF,10,1,0.1,,0.0,,True
6116,CBF,10,2,0.2,18.063673535690604,18.063673535690604,9.031838163077367,True
6116,UBCF,10,1,0.1,,0.0,,True
6117,CBF,10,2,0.2,28.163648891291636,28.163648891291636,14.081829185081,True
6117,UBCF,10,1,0.1,,0.0,,True
6118,CBF,10,3,0.3,37.74275346153303,75.48550692306605,26.65203969884985,True
6118,UBCF,10,1,0.1,,0.0,,True
6119,CBF,10,2,0.2,2.3181081257908294,2.3181081257908294,1.1590540648649006,True
6119,UBCF,10,1,0.1,,0.0,,True
6120,CBF,10,1,0.1,,0.0,,True
6120,UBCF,10,1,0.1,,0.0,,True
6121,CBF,10,2,0.2,29.15869940542207,29.15869940542207,14.579355363761266,True
6121,UBCF,10,1,0.1,,0.0,,True
6122,CBF,10,2,0.2,1.5431923121318396,1.5431923121318396,0.7715961563145184,True
6122,UBCF,10,1,0.1,,0.0,,True
6123,CBF,10,3,0.3,31.429643406844413,62.859286813688826,24.100304972323233,True
6123,UBCF,10,1,0.1,,0.0,,True
6124,CBF,10,2,0.2,1.5156689175409355,1.5156689175409355,0.7578344591212706,True
6124,UBCF,10,1,0.1,,0.0,,True
6125,CBF,10,1,0.1,,0.0,,True
6125,UBCF,10,1,0.1,,0.0,,True
6126,CBF,10,1,0.1,,0.0,,True
6126,UBCF,10,1,0.1,,0.0,,True
6127,CBF,10,2,0.2,38.97541147027279,38.97541147027279,19.487708880396617,True
6127,UBCF,10,1,0.1,,0.0,,True
6128,CBF,10,2,0.2,8.412640195690354,8.412640195690354,4.206320154926033,True
6128,UBCF,10,1,0.1,,0.0,,True
6129,CBF,10,1,0.1,,0.0,,True
6129,UBCF,10,1,0.1,,0.0,,True
6130,CBF,10,1,0.1,,0.0,,True
6130,UBCF,10,1,0.1,,0.0,,True
6131,CBF,10,1,0.1,,0.0,,True
6131,UBCF,10,2,0.2,45.85743379833855,45.85743379833855,22.92871906581808,True
6132,CBF,10,1,0.1,,0.0,,True
6132,UBCF,10,1,0.1,,0.0,,True
6133,CBF,10,2,0.2,28.163648891291636,28.163648891291636,14.081829185081,True
6133,UBCF,10,1,0.1,,0.0,,True
6134,CBF,10,3,0.3,31.730134896007094,63.46026979201419,23.446819041658188,True
6134,UBCF,10,1,0.1,,0.0,,True
6135,CBF,10,2,0.2,29.15869940542207,29.15869940542207,14.579355363761266,True
6135,UBCF,10,1,0.1,,0.0,,True
6136,CBF,10,1,0.1,,0.0,,True
6136,UBCF,10,1,0.1,,0.0,,True
6137,CBF,10,1,0.1,,0.0,,True
6137,UBCF,10,1,0.1,,0.0,,True
6138,CBF,10,1,0.1,,0.0,,True
6138,UBCF,10,1,0.1,,0.0,,True
6139,CBF,10,2,0.2,33.67692365322722,33.67692365322722,16.838466700408475,True
6139,UBCF,10,1,0.1,,0.0,,True
6140,CBF,10,1,0.1,,0.0,,True
6140,UBCF,10,1,0.1,,0.0,,True
6141,CBF,10,2,0.2,27.972552036849212,27.972552036849212,13.986278905543603,True
6141,UBCF,10,1,0.1,,0.0,,True
6142,CBF,10,4,0.4,24.553206372719742,73.65961911815923,18.85836389334606,True
6142,UBCF,10,1,0.1,,0.0,,True
6143,CBF,10,3,0.3,16.661937939696955,33.32387587939391,14.670392701795173,True
6143,UBCF,10,1,0.1,,0.0,,True
6144,CBF,10,2,0.2,1.4317359571066377,1.4317359571066377,0.7158679788583666,True
6144,UBCF,10,1,0.1,,0.0,,True
6145,CBF,10,1,0.1,,0.0,,True
6145,UBCF,10,1,0.1,,0.0,,True
6146,CBF,10,2,0.2,43.262588299701214,43.262588299701214,21.631301429361923,True
6146,UBCF,10,1,0.1,,0.0,,True
6147,CBF,10,2,0.2,43.262588299701214,43.262588299701214,21.631301429361923,True
6147,UBCF,10,1,0.1,,0.0,,True
6148,CBF,10,3,0.3,16.661937939696955,33.32387587939391,14.670392701795173,True
6148,UBCF,10,1,0.1,,0.0,,True
6149,CBF,10,1,0.1,,0.0,,True
6149,UBCF,10,2,0.2,37.90428148972095,37.90428148972095,18.95215698491864,True
6150,CBF,10,2,0.2,19.32043757409859,19.32043757409859,9.660219798568896,True
6150,UBCF,10,1,0.1,,0.0,,True
6151,CBF,10,4,0.4,24.019045158685444,72.05713547605633,24.192985851838642,True
6151,UBCF,10,2,0.2,48.054481419213076,48.054481419213076,24.027240711726357,True
6152,CBF,10,2,0.2,28.78835446314406,28.78835446314406,14.394181002068278,True
6152,UBCF,10,1,0.1,,0.0,,True
6153,CBF,10,4,0.4,12.716102770783268,38.148308312349805,15.630429077008305,True
6153,UBCF,10,2,0.2,31.43542951846135,31.43542951846135,15.717719488393843,True
6154,CBF,10,1,0.1,,0.0,,True
6154,UBCF,10,1,0.1,,0.0,,True
6155,CBF,10,2,0.2,1.4317359571066377,1.4317359571066377,0.7158679788583666,True
6155,UBCF,10,1,0.1,,0.0,,True
6156,CBF,10,2,0.2,1.4317359571066377,1.4317359571066377,0.7158679788583666,True
6156,UBCF,10,1,0.1,,0.0,,True
6157,CBF,10,2,0.2,2.3181081257908294,2.3181081257908294,1.1590540648649006,True
6157,UBCF,10,2,0.2,20.56227028829262,20.56227028829262,10.281135193399617,True
6158,CBF,10,3,0.3,16.962779864591603,33.925559729183206,14.670392701795173,True
6158,UBCF,10,2,0.2,42.31944671414057,42.31944671414057,21.159730993153076,True
6159,CBF,10,2,0.2,0.618187081322193,0.618187081322193,0.3090935406794648,True
6159,UBCF,10,1,0.1,,0.0,,True
6160,CBF,10,1,0.1,,0.0,,True
6160,UBCF,10,1,0.1,,0.0,,True
6161,CBF,10,2,0.2,39.884336960417365,39.884336960417365,19.94216859195539,True
6161,UBCF,10,2,0.2,37.90428148972095,37.90428148972095,18.95215698491864,True
6162,CBF,10,1,0.1,,0.0,,True
6162,UBCF,10,1,0.1,,0.0,,True
6163,CBF,10,2,0.2,28.163648891291636,28.163648891291636,14.081829185081,True
6163,UBCF,10,1,0.1,,0.0,,True
6164,CBF,10,2,0.2,0.618187081322193,0.618187081322193,0.3090935406794648,True
6164,UBCF,10,2,0.2,10.351160117462083,10.351160117462083,5.175580061801435,True
6165,CBF,10,1,0.1,,0.0,,True
6165,UBCF,10,1,0.1,,0.0,,True
6166,CBF,10,1,0.1,,0.0,,True
6166,UBCF,10,1,0.1,,0.0,,True
6167,CBF,10,2,0.2,27.160195956283776,27.160195956283776,13.580101161191727,True
6167,UBCF,10,1,0.1,,0.0,,True
6168,CBF,10,1,0.1,,0.0,,True
6168,UBCF,10,1,0.1,,0.0,,True
6169,CBF,10,2,0.2,8.966796178516137,8.966796178516137,4.483398160676603,True
6169,UBCF,10,1,0.1,,0.0,,True
6170,CBF,10,1,0.1,,0.0,,True
6170,UBCF,10,1,0.1,,0.0,,True
6171,CBF,10,4,0.4,22.328899971465518,66.98669991439655,20.997982841365136,True
6171,UBCF,10,1,0.1,,0.0,,True
6172,CBF,10,1,0.1,,0.0,,True
6172,UBCF,10,2,0.2,37.90428148972095,37.90428148972095,18.95215698491864,True
6173,CBF,10,4,0.4,21.0334769037721,63.10043071131631,20.485977205069496,True
6173,UBCF,10,1,0.1,,0.0,,True
6174,CBF,10,4,0.4,21.076747819219893,63.23024345765968,20.997982841365133,True
6174,UBCF,10,1,0.1,,0.0,,True
6175,CBF,10,1,0.1,,0.0,,True
6175,UBCF,10,2,0.2,27.972552036849212,27.972552036849212,13.986278905543603,True
6176,CBF,10,2,0.2,1.4317359571066377,1.4317359571066377,0.7158679788583666,True
6176,UBCF,10,1,0.1,,0.0,,True
6177,CBF,10,2,0.2,1.4317359571066377,1.4317359571066377,0.7158679788583666,True
6177,UBCF,10,1,0.1,,0.0,,True
6178,CBF,10,1,0.1,,0.0,,True
6178,UBCF,10,1,0.1,,0.0,,True
6179,CBF,10,3,0.3,16.661937939696955,33.32387587939391,14.670392701795173,True
6179,UBCF,10,1,0.1,,0.0,,True
6181,CBF,10,1,0.1,,0.0,,True
6181,UBCF,10,1,0.1,,0.0,,True
6182,CBF,10,2,0.2,19.380806902927784,19.380806902927784,9.690404897837317,True
6182,UBCF,10,2,0.2,6.324005324956843,6.324005324956843,3.162002681399092,True
6183,CBF,10,2,0.2,31.43542951846135,31.43542951846135,15.717719488393843,True
6183,UBCF,10,1,0.1,,0.0,,True
6184,CBF,10,1,0.1,,0.0,,True
6184,UBCF,10,1,0.1,,0.0,,True
6185,CBF,10,2,0.2,1.5431923121318396,1.5431923121318396,0.7715961563145184,True
6185,UBCF,10,1,0.1,,0.0,,True
6186,CBF,10,1,0.1,,0.0,,True
6186,UBCF,10,1,0.1,,0.0,,True
6187,CBF,10,3,0.3,10.931495210424995,21.86299042084999,6.553512121686334,True
6187,UBCF,10,1,0.1,,0.0,,True
6188,CBF,10,2,0.2,43.262588299701214,43.262588299701214,21.631301429361923,True
6188,UBCF,10,2,0.2,32.52874473344892,32.52874473344892,16.264373376438158,True
6189,CBF,10,2,0.2,43.07938720561975,43.07938720561975,21.53969449295095,True
6189,UBCF,10,1,0.1,,0.0,,True
6190,CBF,10,4,0.4,10.605672738972158,31.817018216916473,7.203224923545278,True
6190,UBCF,10,1,0.1,,0.0,,True
6193,CBF,10,2,0.2,1.4317359571066377,1.4317359571066377,0.7158679788583666,True
6193,UBCF,10,1,0.1,,0.0,,True
6194,CBF,10,1,0.1,,0.0,,True
6194,UBCF,10,1,0.1,,0.0,,True
6195,CBF,10,1,0.1,,0.0,,True
6195,UBCF,10,1,0.1,,0.0,,True
6196,CBF,10,3,0.3,24.3950068584825,48.790013716965,18.153218482641964,True
6196,UBCF,10,2,0.2,37.90428148972095,37.90428148972095,18.95215698491864,True
6197,CBF,10,1,0.1,,0.0,,True
6197,UBCF,10,1,0.1,,0.0,,True
6198,CBF,10,2,0.2,28.163648891291636,28.163648891291636,14.081829185081,True
6198,UBCF,10,1,0.1,,0.0,,True
6199,CBF,10,2,0.2,28.163648891291636,28.163648891291636,14.081829185081,True
6199,UBCF,10,1,0.1,,0.0,,True
6200,CBF,10,2,0.2,32.70568879807172,32.70568879807172,16.352846904750777,True
6200,UBCF,10,1,0.1,,0.0,,True
6201,CBF,10,1,0.1,,0.0,,True
6201,UBCF,10,1,0.1,,0.0,,True
6202,CBF,10,2,0.2,7.90812379907292,7.90812379907292,3.954061946399003,True
6202,UBCF,10,1,0.1,,0.0,,True
6203,CBF,10,2,0.2,6.177944725527505,6.177944725527505,3.0889723973342056,True
6203,UBCF,10,2,0.2,31.43542951846135,31.43542951846135,15.717719488393843,True
6204,CBF,10,1,0.1,,0.0,,True
6204,UBCF,10,2,0.2,37.90428148972095,37.90428148972095,18.95215698491864,True
6206,CBF,10,2,0.2,1.4317359571066377,1.4317359571066377,0.7158679788583666,True
6206,UBCF,10,1,0.1,,0.0,,True
6207,CBF,10,2,0.2,27.972552036849212,27.972552036849212,13.986278905543603,True
6207,UBCF,10,1,0.1,,0.0,,True
6208,CBF,10,2,0.2,0.7696634962100063,0.7696634962100063,0.38483174829812516,True
6208,UBCF,10,1,0.1,,0.0,,True
6209,CBF,10,1,0.1,,0.0,,True
6209,UBCF,10,1,0.1,,0.0,,True
6210,CBF,10,2,0.2,33.67692365322722,33.67692365322722,16.838466700408475,True
6210,UBCF,10,1,0.1,,0.0,,True
6211,CBF,10,4,0.4,22.328899971465518,66.98669991439655,20.997982841365136,True
6211,UBCF,10,1,0.1,,0.0,,True
6212,CBF,10,2,0.2,47.42548488878177,47.42548488878177,23.712758341755357,True
6212,UBCF,10,1,0.1,,0.0,,True
6213,CBF,10,2,0.2,19.380806902927784,19.380806902927784,9.690404897837317,True
6213,UBCF,10,1,0.1,,0.0,,True
6214,CBF,10,1,0.1,,0.0,,True
6214,UBCF,10,1,0.1,,0.0,,True
6215,CBF,10,1,0.1,,0.0,,True
6215,UBCF,10,1,0.1,,0.0,,True
6216,CBF,10,1,0.1,,0.0,,True
6216,UBCF,10,2,0.2,42.31944671414057,42.31944671414057,21.159730993153076,True
6217,CBF,10,2,0.2,39.89544829710059,39.89544829710059,19.947732443611972,True
6217,UBCF,10,1,0.1,,0.0,,True
6218,CBF,10,1,0.1,,0.0,,True
6218,UBCF,10,1,0.1,,0.0,,True
6219,CBF,10,1,0.1,,0.0,,True
6219,UBCF,10,1,0.1,,0.0,,True
6220,CBF,10,1,0.1,,0.0,,True
6220,UBCF,10,1,0.1,,0.0,,True
6221,CBF,10,2,0.2,1.4317359571066377,1.4317359571066377,0.7158679788583666,True
6221,UBCF,10,1,0.1,,0.0,,True
6222,CBF,10,2,0.2,1.4317359571066377,1.4317359571066377,0.7158679788583666,True
6222,UBCF,10,1,0.1,,0.0,,True
6223,CBF,10,2,0.2,28.163648891291636,28.163648891291636,14.081829185081,True
6223,UBCF,10,2,0.2,20.56227028829262,20.56227028829262,10.281135193399617,True
6224,CBF,10,1,0.1,,0.0,,True
6224,UBCF,10,1,0.1,,0.0,,True
6225,CBF,10,2,0.2,2.3181081257908294,2.3181081257908294,1.1590540648649006,True
6225,UBCF,10,1,0.1,,0.0,,True
6226,CBF,10,2,0.2,27.972552036849212,27.972552036849212,13.986278905543603,True
6226,UBCF,10,1,0.1,,0.0,,True
6227,CBF,10,1,0.1,,0.0,,True
6227,UBCF,10,1,0.1,,0.0,,True
6228,CBF,10,1,0.1,,0.0,,True
6228,UBCF,10,2,0.2,20.56227028829262,20.56227028829262,10.281135193399617,True
6229,CBF,10,2,0.2,8.412640195690354,8.412640195690354,4.206320154926033,True
6229,UBCF,10,1,0.1,,0.0,,True
6230,CBF,10,3,0.3,39.90103000773112,79.80206001546225,24.100304972323233,True
6230,UBCF,10,1,0.1,,0.0,,True
6231,CBF,10,2,0.2,27.972552036849212,27.972552036849212,13.986278905543603,True
6231,UBCF,10,1,0.1,,0.0,,True
6232,CBF,10,2,0.2,31.508439618885845,31.508439618885845,15.754224995086402,True
6232,UBCF,10,1,0.1,,0.0,,True
6233,CBF,10,1,0.1,,0.0,,True
6233,UBCF,10,2,0.2,16.565863565943992,16.565863565943992,8.282932816586648,True
6234,CBF,10,2,0.2,33.67692365322722,33.67692365322722,16.838466700408475,True
6234,UBCF,10,1,0.1,,0.0,,True
6235,CBF,10,2,0.2,29.15869940542207,29.15869940542207,14.579355363761266,True
6235,UBCF,10,2,0.2,32.52874473344892,32.52874473344892,16.264373376438158,True
6236,CBF,10,1,0.1,,0.0,,True
6236,UBCF,10,1,0.1,,0.0,,True
6237,CBF,10,1,0.1,,0.0,,True
6237,UBCF,10,1,0.1,,0.0,,True
6238,CBF,10,1,0.1,,0.0,,True
6238,UBCF,10,1,0.1,,0.0,,True
6239,CBF,10,2,0.2,38.97541147027279,38.97541147027279,19.487708880396617,True
6239,UBCF,10,1,0.1,,0.0,,True
6240,CBF,10,1,0.1,,0.0,,True
6240,UBCF,10,1,0.1,,0.0,,True
6241,CBF,10,1,0.1,,0.0,,True
6241,UBCF,10,1,0.1,,0.0,,True
6242,CBF,10,2,0.2,10.6535360064198,10.6535360064198,5.3267683565995885,True
6242,UBCF,10,1,0.1,,0.0,,True
6243,CBF,10,4,0.4,23.501395927233123,70.50418778169937,21.645383018574975,True
6243,UBCF,10,2,0.2,37.90428148972095,37.90428148972095,18.95215698491864,True
6244,CBF,10,2,0.2,38.97541147027279,38.97541147027279,19.487708880396617,True
6244,UBCF,10,1,0.1,,0.0,,True
6245,CBF,10,2,0.2,1.4317359571066377,1.4317359571066377,0.7158679788583666,True
6245,UBCF,10,1,0.1,,0.0,,True
6246,CBF,10,1,0.1,,0.0,,True
6246,UBCF,10,2,0.2,37.90428148972095,37.90428148972095,18.95215698491864,True
6247,CBF,10,2,0.2,42.58985072810587,42.58985072810587,21.294941911813737,True
6247,UBCF,10,1,0.1,,0.0,,True
6248,CBF,10,1,0.1,,0.0,,True
6248,UBCF,10,1,0.1,,0.0,,True
6249,CBF,10,1,0.1,,0.0,,True
6249,UBCF,10,1,0.1,,0.0,,True
6250,CBF,10,2,0.2,16.290572651640527,16.290572651640527,8.145286821625284,True
6250,UBCF,10,1,0.1,,0.0,,True
6251,CBF,10,2,0.2,43.262588299701214,43.262588299701214,21.631301429361923,True
6251,UBCF,10,1,0.1,,0.0,,True
6252,CBF,10,1,0.1,,0.0,,True
6252,UBCF,10,2,0.2,10.351160117462083,10.351160117462083,5.175580061801435,True
6253,CBF,10,1,0.1,,0.0,,True
6253,UBCF,10,1,0.1,,0.0,,True
6254,CBF,10,4,0.4,21.0334769037721,63.10043071131631,20.485977205069496,True
6254,UBCF,10,1,0.1,,0.0,,True
6255,CBF,10,2,0.2,4.127413100707732,4.127413100707732,2.063706557612347,True
6255,UBCF,10,1,0.1,,0.0,,True
6256,CBF,10,2,0.2,4.018767944493889,4.018767944493889,2.0093839878880906,True
6256,UBCF,10,1,0.1,,0.0,,True
6257,CBF,10,1,0.1,,0.0,,True
6257,UBCF,10,1,0.1,,0.0,,True
6258,CBF,10,1,0.1,,0.0,,True
6258,UBCF,10,1,0.1,,0.0,,True
6259,CBF,10,1,0.1,,0.0,,True
6259,UBCF,10,1,0.1,,0.0,,True
6260,CBF,10,2,0.2,39.89544829710059,39.89544829710059,19.947732443611972,True
6260,UBCF,10,1,0.1,,0.0,,True
6261,CBF,10,3,0.3,16.661937939696955,33.32387587939391,14.670392701795173,True
6261,UBCF,10,1,0.1,,0.0,,True
6262,CBF,10,2,0.2,2.3181081257908294,2.3181081257908294,1.1590540648649006,True
6262,UBCF,10,1,0.1,,0.0,,True
6263,CBF,10,1,0.1,,0.0,,True
6263,UBCF,10,1,0.1,,0.0,,True
6264,CBF,10,2,0.2,33.307372647861015,33.307372647861015,16.653688974915404,True
6264,UBCF,10,1,0.1,,0.0,,True
6265,CBF,10,1,0.1,,0.0,,True
6265,UBCF,10,1,0.1,,0.0,,True
6266,CBF,10,2,0.2,43.262588299701214,43.262588299701214,21.631301429361923,True
6266,UBCF,10,1,0.1,,0.0,,True
6267,CBF,10,1,0.1,,0.0,,True
6267,UBCF,10,1,0.1,,0.0,,True
6268,CBF,10,1,0.1,,0.0,,True
6268,UBCF,10,2,0.2,20.56227028829262,20.56227028829262,10.281135193399617,True
6269,CBF,10,1,0.1,,0.0,,True
6269,UBCF,10,1,0.1,,0.0,,True
6270,CBF,10,2,0.2,28.163648891291636,28.163648891291636,14.081829185081,True
6270,UBCF,10,1,0.1,,0.0,,True
6271,CBF,10,2,0.2,39.884336960417365,39.884336960417365,19.94216859195539,True
6271,UBCF,10,1,0.1,,0.0,,True
6272,CBF,10,2,0.2,28.163648891291636,28.163648891291636,14.081829185081,True
6272,UBCF,10,2,0.2,37.90428148972095,37.90428148972095,18.95215698491864,True
6273,CBF,10,2,0.2,43.262588299701214,43.262588299701214,21.631301429361923,True
6273,UBCF,10,1,0.1,,0.0,,True
6274,CBF,10,2,0.2,1.4317359571066377,1.4317359571066377,0.7158679788583666,True
6274,UBCF,10,1,0.1,,0.0,,True
6275,CBF,10,1,0.1,,0.0,,True
6275,UBCF,10,1,0.1,,0.0,,True
6276,CBF,10,1,0.1,,0.0,,True
6276,UBCF,10,1,0.1,,0.0,,True
6277,CBF,10,2,0.2,2.3181081257908294,2.3181081257908294,1.1590540648649006,True
6277,UBCF,10,1,0.1,,0.0,,True
6278,CBF,10,2,0.2,1.5431923121318396,1.5431923121318396,0.7715961563145184,True
6278,UBCF,10,1,0.1,,0.0,,True
6279,CBF,10,2,0.2,33.307372647861015,33.307372647861015,16.653688974915404,True
6279,UBCF,10,1,0.1,,0.0,,True
6280,CBF,10,2,0.2,29.244206788991356,29.244206788991356,14.622107466146025,True
6280,UBCF,10,1,0.1,,0.0,,True
6281,CBF,10,4,0.4,32.78094957085625,98.34284871256875,24.733580429023867,True
6281,UBCF,10,2,0.2,20.56227028829262,20.56227028829262,10.281135193399617,True
6282,CBF,10,2,0.2,27.972552036849212,27.972552036849212,13.986278905543603,True
6282,UBCF,10,1,0.1,,0.0,,True
6283,CBF,10,2,0.2,1.5156689175409355,1.5156689175409355,0.7578344591212706,True
6283,UBCF,10,1,0.1,,0.0,,True
6284,CBF,10,2,0.2,43.07938720561975,43.07938720561975,21.53969449295095,True
6284,UBCF,10,1,0.1,,0.0,,True
6285,CBF,10,1,0.1,,0.0,,True
6285,UBCF,10,2,0.2,10.351160117462083,10.351160117462083,5.175580061801435,True
6286,CBF,10,2,0.2,43.262588299701214,43.262588299701214,21.631301429361923,True
6286,UBCF,10,1,0.1,,0.0,,True
6287,CBF,10,1,0.1,,0.0,,True
6287,UBCF,10,1,0.1,,0.0,,True
6288,CBF,10,1,0.1,,0.0,,True
6288,UBCF,10,1,0.1,,0.0,,True
6289,CBF,10,2,0.2,6.9018421688367555,6.9018421688367555,3.450921125911857,True
6289,UBCF,10,1,0.1,,0.0,,True
6290,CBF,10,1,0.1,,0.0,,True
6290,UBCF,10,2,0.2,43.06789496829618,43.06789496829618,21.53394824722954,True
6291,CBF,10,1,0.1,,0.0,,True
6291,UBCF,10,1,0.1,,0.0,,True
6292,CBF,10,1,0.1,,0.0,,True
6292,UBCF,10,2,0.2,37.90428148972095,37.90428148972095,18.95215698491864,True
6293,CBF,10,1,0.1,,0.0,,True
6293,UBCF,10,1,0.1,,0.0,,True
6294,CBF,10,2,0.2,2.3181081257908294,2.3181081257908294,1.1590540648649006,True
6294,UBCF,10,1,0.1,,0.0,,True
6295,CBF,10,1,0.1,,0.0,,True
6295,UBCF,10,1,0.1,,0.0,,True
6296,CBF,10,2,0.2,28.163648891291636,28.163648891291636,14.081829185081,True
6296,UBCF,10,1,0.1,,0.0,,True
6297,CBF,10,2,0.2,33.67692365322722,33.67692365322722,16.838466700408475,True
6297,UBCF,10,2,0.2,20.56227028829262,20.56227028829262,10.281135193399617,True
6298,CBF,10,2,0.2,1.5156689175409355,1.5156689175409355,0.7578344591212706,True
6298,UBCF,10,1,0.1,,0.0,,True
6299,CBF,10,1,0.1,,0.0,,True
6299,UBCF,10,1,0.1,,0.0,,True
6300,CBF,10,1,0.1,,0.0,,True
6300,UBCF,10,1,0.1,,0.0,,True
6301,CBF,10,2,0.2,1.4317359571066377,1.4317359571066377,0.7158679788583666,True
6301,UBCF,10,1,0.1,,0.0,,True
6302,CBF,10,2,0.2,29.15869940542207,29.15869940542207,14.579355363761266,True
6302,UBCF,10,2,0.2,31.43542951846135,31.43542951846135,15.717719488393843,True
6303,CBF,10,2,0.2,27.972552036849212,27.972552036849212,13.986278905543603,True
6303,UBCF,10,1,0.1,,0.0,,True
6304,CBF,10,2,0.2,7.90812379907292,7.90812379907292,3.954061946399003,True
6304,UBCF,10,2,0.2,19.380806902927784,19.380806902927784,9.690404897837317,True
6305,CBF,10,1,0.1,,0.0,,True
6305,UBCF,10,1,0.1,,0.0,,True
6306,CBF,10,1,0.1,,0.0,,True
6306,UBCF,10,1,0.1,,0.0,,True
6307,CBF,10,1,0.1,,0.0,,True
6307,UBCF,10,1,0.1,,0.0,,True
6308,CBF,10,1,0.1,,0.0,,True
6308,UBCF,10,1,0.1,,0.0,,True
6309,CBF,10,2,0.2,43.262588299701214,43.262588299701214,21.631301429361923,True
6309,UBCF,10,1,0.1,,0.0,,True
6310,CBF,10,1,0.1,,0.0,,True
6310,UBCF,10,1,0.1,,0.0,,True
6311,CBF,10,2,0.2,28.163648891291636,28.163648891291636,14.081829185081,True
6311,UBCF,10,2,0.2,10.351160117462083,10.351160117462083,5.175580061801435,True
6312,CBF,10,3,0.3,38.018461444091116,76.03692288818223,24.94602623208985,True
6312,UBCF,10,1,0.1,,0.0,,True
6313,CBF,10,3,0.3,29.741831496078074,59.48366299215615,22.03639370655,True
6313,UBCF,10,1,0.1,,0.0,,True
6314,CBF,10,2,0.2,28.163648891291636,28.163648891291636,14.081829185081,True
6314,UBCF,10,1,0.1,,0.0,,True
6315,CBF,10,2,0.2,27.972552036849212,27.972552036849212,13.986278905543603,True
6315,UBCF,10,1,0.1,,0.0,,True
6316,CBF,10,3,0.3,39.05328904591443,78.10657809182887,22.70958043158625,True
6316,UBCF,10,1,0.1,,0.0,,True
6317,CBF,10,2,0.2,20.357530189223063,20.357530189223063,10.178765101099387,True
6317,UBCF,10,1,0.1,,0.0,,True
6318,CBF,10,3,0.3,51.71236007998358,103.42472015996717,27.314473332598265,True
6318,UBCF,10,1,0.1,,0.0,,True
6319,CBF,10,2,0.2,38.80813907569703,38.80813907569703,19.404076617634217,True
6319,UBCF,10,1,0.1,,0.0,,True
6320,CBF,10,2,0.2,1.4317359571066377,1.4317359571066377,0.7158679788583666,True
6320,UBCF,10,1,0.1,,0.0,,True
6321,CBF,10,1,0.1,,0.0,,True
6321,UBCF,10,1,0.1,,0.0,,True
6322,CBF,10,3,0.3,36.01495180206175,72.0299036041235,23.225886950306606,True
6322,UBCF,10,1,0.1,,0.0,,True
6323,CBF,10,2,0.2,2.2151533823787313,2.2151533823787313,1.1075766915261889,True
6323,UBCF,10,1,0.1,,0.0,,True
6324,CBF,10,3,0.3,16.962779864591603,33.925559729183206,14.670392701795173,True
6324,UBCF,10,2,0.2,11.749728398231753,11.749728398231753,5.874864397864018,True
6325,CBF,10,1,0.1,,0.0,,True
6325,UBCF,10,1,0.1,,0.0,,True
6326,CBF,10,2,0.2,28.163648891291636,28.163648891291636,14.081829185081,True
6326,UBCF,10,2,0.2,37.90428148972095,37.90428148972095,18.95215698491864,True
6327,CBF,10,1,0.1,,0.0,,True
6327,UBCF,10,1,0.1,,0.0,,True
6328,CBF,10,1,0.1,,0.0,,True
6328,UBCF,10,1,0.1,,0.0,,True
6329,CBF,10,1,0.1,,0.0,,True
6329,UBCF,10,2,0.2,10.351160117462083,10.351160117462083,5.175580061801435,True
6331,CBF,10,2,0.2,32.70568879807172,32.70568879807172,16.352846904750777,True
6331,UBCF,10,1,0.1,,0.0,,True
6332,CBF,10,2,0.2,28.163648891291636,28.163648891291636,14.081829185081,True
6332,UBCF,10,2,0.2,37.90428148972095,37.90428148972095,18.95215698491864,True
6333,CBF,10,3,0.3,16.661937939696955,33.32387587939391,14.670392701795173,True
6333,UBCF,10,1,0.1,,0.0,,True
6334,CBF,10,2,0.2,1.4317359571066377,1.4317359571066377,0.7158679788583666,True
6334,UBCF,10,1,0.1,,0.0,,True
6335,CBF,10,1,0.1,,0.0,,True
6335,UBCF,10,1,0.1,,0.0,,True
6336,CBF,10,2,0.2,18.063673535690604,18.063673535690604,9.031838163077367,True
6336,UBCF,10,1,0.1,,0.0,,True
6337,CBF,10,1,0.1,,0.0,,True
6337,UBCF,10,1,0.1,,0.0,,True
6338,CBF,10,2,0.2,27.49856335510271,27.49856335510271,13.749286073593973,True
6338,UBCF,10,1,0.1,,0.0,,True
6339,CBF,10,1,0.1,,0.0,,True
6339,UBCF,10,1,0.1,,0.0,,True
6340,CBF,10,2,0.2,14.456726227043317,14.456726227043317,7.228363567687827,True
6340,UBCF,10,1,0.1,,0.0,,True
6341,CBF,10,1,0.1,,0.0,,True
6341,UBCF,10,2,0.2,20.56227028829262,20.56227028829262,10.281135193399617,True
6342,CBF,10,2,0.2,1.4317359571066377,1.4317359571066377,0.7158679788583666,True
6342,UBCF,10,1,0.1,,0.0,,True
6343,CBF,10,2,0.2,27.972552036849212,27.972552036849212,13.986278905543603,True
6343,UBCF,10,1,0.1,,0.0,,True
6344,CBF,10,2,0.2,1.4520848238930628,1.4520848238930628,0.7260424121934375,True
6344,UBCF,10,1,0.1,,0.0,,True
6345,CBF,10,2,0.2,27.972552036849212,27.972552036849212,13.986278905543603,True
6345,UBCF,10,1,0.1,,0.0,,True
6346,CBF,10,1,0.1,,0.0,,True
6346,UBCF,10,2,0.2,43.06789496829618,43.06789496829618,21.53394824722954,True
6347,CBF,10,1,0.1,,0.0,,True
6347,UBCF,10,1,0.1,,0.0,,True
6348,CBF,10,2,0.2,42.58985072810587,42.58985072810587,21.294941911813737,True
6348,UBCF,10,1,0.1,,0.0,,True
6349,CBF,10,1,0.1,,0.0,,True
6349,UBCF,10,1,0.1,,0.0,,True
6350,CBF,10,4,0.4,32.9937939892407,98.9813819677221,24.19298585183872,True
6350,UBCF,10,1,0.1,,0.0,,True
6351,CBF,10,1,0.1,,0.0,,True
6351,UBCF,10,1,0.1,,0.0,,True
6352,CBF,10,1,0.1,,0.0,,True
6352,UBCF,10,1,0.1,,0.0,,True
6353,CBF,10,2,0.2,28.163648891291636,28.163648891291636,14.081829185081,True
6353,UBCF,10,1,0.1,,0.0,,True
6354,CBF,10,1,0.1,,0.0,,True
6354,UBCF,10,1,0.1,,0.0,,True
6355,CBF,10,2,0.2,23.42832637973626,23.42832637973626,11.71416658667128,True
6355,UBCF,10,1,0.1,,0.0,,True
6356,CBF,10,2,0.2,28.163648891291636,28.163648891291636,14.081829185081,True
6356,UBCF,10,1,0.1,,0.0,,True
6357,CBF,10,1,0.1,,0.0,,True
6357,UBCF,10,1,0.1,,0.0,,True
6358,CBF,10,2,0.2,43.262588299701214,43.262588299701214,21.631301429361923,True
6358,UBCF,10,1,0.1,,0.0,,True
6359,CBF,10,1,0.1,,0.0,,True
6359,UBCF,10,1,0.1,,0.0,,True
6360,CBF,10,2,0.2,1.5156689175409355,1.5156689175409355,0.7578344591212706,True
6360,UBCF,10,2,0.2,37.90428148972095,37.90428148972095,18.95215698491864,True
6361,CBF,10,1,0.1,,0.0,,True
6361,UBCF,10,1,0.1,,0.0,,True
6362,CBF,10,2,0.2,27.972552036849212,27.972552036849212,13.986278905543603,True
6362,UBCF,10,1,0.1,,0.0,,True
6365,CBF,10,3,0.3,22.41855181995234,44.83710363990468,18.870146240805493,True
6365,UBCF,10,1,0.1,,0.0,,True
6366,CBF,10,2,0.2,34.72149846976685,34.72149846976685,17.360758094044108,True
6366,UBCF,10,1,0.1,,0.0,,True
6367,CBF,10,1,0.1,,0.0,,True
6367,UBCF,10,2,0.2,19.380806902927784,19.380806902927784,9.690404897837317,True
6368,CBF,10,1,0.1,,0.0,,True
6368,UBCF,10,2,0.2,37.90428148972095,37.90428148972095,18.95215698491864,True
6369,CBF,10,1,0.1,,0.0,,True
6369,UBCF,10,1,0.1,,0.0,,True
6370,CBF,10,3,0.3,16.661937939696955,33.32387587939391,14.670392701795173,True
6370,UBCF,10,1,0.1,,0.0,,True
6371,CBF,10,3,0.3,1.41637812681396,2.83275625362792,1.0857956522152026,True
6371,UBCF,10,1,0.1,,0.0,,True
6372,CBF,10,2,0.2,27.972552036849212,27.972552036849212,13.986278905543603,True
6372,UBCF,10,1,0.1,,0.0,,True
6373,CBF,10,1,0.1,,0.0,,True
6373,UBCF,10,1,0.1,,0.0,,True
6374,CBF,10,1,0.1,,0.0,,True
6374,UBCF,10,1,0.1,,0.0,,True
6375,CBF,10,2,0.2,3.8420770056466425,3.8420770056466425,1.9210385080692607,True
6375,UBCF,10,1,0.1,,0.0,,True
6376,CBF,10,2,0.2,27.972552036849212,27.972552036849212,13.986278905543603,True
6376,UBCF,10,1,0.1,,0.0,,True
6377,CBF,10,1,0.1,,0.0,,True
6377,UBCF,10,1,0.1,,0.0,,True
6378,CBF,10,2,0.2,1.4317359571066377,1.4317359571066377,0.7158679788583666,True
6378,UBCF,10,2,0.2,37.90428148972095,37.90428148972095,18.95215698491864,True
6379,CBF,10,2,0.2,47.42548488878177,47.42548488878177,23.712758341755357,True
6379,UBCF,10,1,0.1,,0.0,,True
6380,CBF,10,3,0.3,39.90103000773112,79.80206001546225,24.100304972323233,True
6380,UBCF,10,1,0.1,,0.0,,True
6381,CBF,10,1,0.1,,0.0,,True
6381,UBCF,10,1,0.1,,0.0,,True
6382,CBF,10,1,0.1,,0.0,,True
6382,UBCF,10,1,0.1,,0.0,,True
6383,CBF,10,2,0.2,1.4317359571066377,1.4317359571066377,0.7158679788583666,True
6383,UBCF,10,1,0.1,,0.0,,True
6384,CBF,10,2,0.2,1.4317359571066377,1.4317359571066377,0.7158679788583666,True
6384,UBCF,10,1,0.1,,0.0,,True
6385,CBF,10,2,0.2,33.307372647861015,33.307372647861015,16.653688974915404,True
6385,UBCF,10,1,0.1,,0.0,,True
6386,CBF,10,2,0.2,1.4520848238930628,1.4520848238930628,0.7260424121934375,True
6386,UBCF,10,1,0.1,,0.0,,True
6387,CBF,10,2,0.2,44.6387353025896,44.6387353025896,22.319382584751814,True
6387,UBCF,10,1,0.1,,0.0,,True
6388,CBF,10,2,0.2,2.5420414357668193,2.5420414357668193,1.271020718894901,True
6388,UBCF,10,1,0.1,,0.0,,True
6389,CBF,10,1,0.1,,0.0,,True
6389,UBCF,10,1,0.1,,0.0,,True
6390,CBF,10,3,0.3,40.494634821868374,80.98926964373675,24.940244259224546,True
6390,UBCF,10,1,0.1,,0.0,,True
6391,CBF,10,2,0.2,39.89544829710059,39.89544829710059,19.947732443611972,True
6391,UBCF,10,2,0.2,37.90428148972095,37.90428148972095,18.95215698491864,True
6392,CBF,10,1,0.1,,0.0,,True
6392,UBCF,10,2,0.2,37.90428148972095,37.90428148972095,18.95215698491864,True
6393,CBF,10,1,0.1,,0.0,,True
6393,UBCF,10,1,0.1,,0.0,,True
6394,CBF,10,2,0.2,47.12934881228967,47.12934881228967,23.564704578732673,True
6394,UBCF,10,1,0.1,,0.0,,True
6395,CBF,10,2,0.2,1.4317359571066377,1.4317359571066377,0.7158679788583666,True
6395,UBCF,10,1,0.1,,0.0,,True
6396,CBF,10,1,0.1,,0.0,,True
6396,UBCF,10,1,0.1,,0.0,,True
6397,CBF,10,1,0.1,,0.0,,True
6397,UBCF,10,1,0.1,,0.0,,True
6398,CBF,10,1,0.1,,0.0,,True
6398,UBCF,10,1,0.1,,0.0,,True
6399,CBF,10,1,0.1,,0.0,,True
6399,UBCF,10,1,0.1,,0.0,,True
6400,CBF,10,1,0.1,,0.0,,True
6400,UBCF,10,1,0.1,,0.0,,True
6401,CBF,10,1,0.1,,0.0,,True
6401,UBCF,10,1,0.1,,0.0,,True
6402,CBF,10,1,0.1,,0.0,,True
6402,UBCF,10,1,0.1,,0.0,,True
6403,CBF,10,1,0.1,,0.0,,True
6403,UBCF,10,1,0.1,,0.0,,True
6404,CBF,10,1,0.1,,0.0,,True
6404,UBCF,10,1,0.1,,0.0,,True
6405,CBF,10,4,0.4,8.682585979505635,26.047757938516906,7.361060409640933,True
6405,UBCF,10,1,0.1,,0.0,,True
6406,CBF,10,2,0.2,27.972552036849212,27.972552036849212,13.986278905543603,True
6406,UBCF,10,1,0.1,,0.0,,True
6407,CBF,10,1,0.1,,0.0,,True
6407,UBCF,10,2,0.2,37.90428148972095,37.90428148972095,18.95215698491864,True
6408,CBF,10,2,0.2,29.15869940542207,29.15869940542207,14.579355363761266,True
6408,UBCF,10,1,0.1,,0.0,,True
6409,CBF,10,2,0.2,1.4317359571066377,1.4317359571066377,0.7158679788583666,True
6409,UBCF,10,1,0.1,,0.0,,True
6410,CBF,10,2,0.2,1.4317359571066377,1.4317359571066377,0.7158679788583666,True
6410,UBCF,10,1,0.1,,0.0,,True
6411,CBF,10,2,0.2,43.262588299701214,43.262588299701214,21.631301429361923,True
6411,UBCF,10,1,0.1,,0.0,,True
6412,CBF,10,2,0.2,43.262588299701214,43.262588299701214,21.631301429361923,True
6412,UBCF,10,1,0.1,,0.0,,True
6413,CBF,10,1,0.1,,0.0,,True
6413,UBCF,10,2,0.2,10.351160117462083,10.351160117462083,5.175580061801435,True
6414,CBF,10,2,0.2,2.3181081257908294,2.3181081257908294,1.1590540648649006,True
6414,UBCF,10,1,0.1,,0.0,,True
6415,CBF,10,1,0.1,,0.0,,True
6415,UBCF,10,1,0.1,,0.0,,True
6416,CBF,10,2,0.2,43.262588299701214,43.262588299701214,21.631301429361923,True
6416,UBCF,10,1,0.1,,0.0,,True
6417,CBF,10,1,0.1,,0.0,,True
6417,UBCF,10,1,0.1,,0.0,,True
6418,CBF,10,2,0.2,28.163648891291636,28.163648891291636,14.081829185081,True
6418,UBCF,10,1,0.1,,0.0,,True
6419,CBF,10,2,0.2,16.039800087006007,16.039800087006007,8.019900878279927,True
6419,UBCF,10,1,0.1,,0.0,,True
6420,CBF,10,2,0.2,38.97541147027279,38.97541147027279,19.487708880396617,True
6420,UBCF,10,1,0.1,,0.0,,True
6421,CBF,10,3,0.3,29.741831496078074,59.48366299215615,22.03639370655,True
6421,UBCF,10,2,0.2,19.380806902927784,19.380806902927784,9.690404897837317,True
6422,CBF,10,1,0.1,,0.0,,True
6422,UBCF,10,2,0.2,20.56227028829262,20.56227028829262,10.281135193399617,True
6423,CBF,10,2,0.2,1.4317359571066377,1.4317359571066377,0.7158679788583666,True
6423,UBCF,10,1,0.1,,0.0,,True
6424,CBF,10,2,0.2,1.4317359571066377,1.4317359571066377,0.7158679788583666,True
6424,UBCF,10,1,0.1,,0.0,,True
6425,CBF,10,2,0.2,28.163648891291636,28.163648891291636,14.081829185081,True
6425,UBCF,10,2,0.2,37.90428148972095,37.90428148972095,18.95215698491864,True
6426,CBF,10,2,0.2,27.972552036849212,27.972552036849212,13.986278905543603,True
6426,UBCF,10,1,0.1,,0.0,,True
6427,CBF,10,1,0.1,,0.0,,True
6427,UBCF,10,1,0.1,,0.0,,True
6428,CBF,10,2,0.2,47.42548488878177,47.42548488878177,23.712758341755357,True
6428,UBCF,10,1,0.1,,0.0,,True
6429,CBF,10,2,0.2,1.4317359571066377,1.4317359571066377,0.7158679788583666,True
6429,UBCF,10,1,0.1,,0.0,,True
6430,CBF,10,3,0.3,51.71236007998358,103.42472015996717,27.314473332598265,True
6430,UBCF,10,1,0.1,,0.0,,True
6431,CBF,10,2,0.2,24.475756360953795,24.475756360953795,12.237881850962218,True
6431,UBCF,10,1,0.1,,0.0,,True
6432,CBF,10,1,0.1,,0.0,,True
6432,UBCF,10,1,0.1,,0.0,,True
6433,CBF,10,1,0.1,,0.0,,True
6433,UBCF,10,2,0.2,31.43542951846135,31.43542951846135,15.717719488393843,True
6434,CBF,10,1,0.1,,0.0,,True
6434,UBCF,10,1,0.1,,0.0,,True
6435,CBF,10,1,0.1,,0.0,,True
6435,UBCF,10,1,0.1,,0.0,,True
6436,CBF,10,1,0.1,,0.0,,True
6436,UBCF,10,1,0.1,,0.0,,True
6437,CBF,10,2,0.2,1.4317359571066377,1.4317359571066377,0.7158679788583666,True
6437,UBCF,10,1,0.1,,0.0,,True
6438,CBF,10,1,0.1,,0.0,,True
6438,UBCF,10,1,0.1,,0.0,,True
6439,CBF,10,2,0.2,1.5156689175409355,1.5156689175409355,0.7578344591212706,True
6439,UBCF,10,1,0.1,,0.0,,True
6440,CBF,10,2,0.2,28.163648891291636,28.163648891291636,14.081829185081,True
6440,UBCF,10,1,0.1,,0.0,,True
6441,CBF,10,2,0.2,1.5431923121318396,1.5431923121318396,0.7715961563145184,True
6441,UBCF,10,1,0.1,,0.0,,True
6442,CBF,10,2,0.2,8.412640195690354,8.412640195690354,4.206320154926033,True
6442,UBCF,10,1,0.1,,0.0,,True
6443,CBF,10,1,0.1,,0.0,,True
6443,UBCF,10,1,0.1,,0.0,,True
6444,CBF,10,3,0.3,38.018461444091116,76.03692288818223,24.94602623208985,True
6444,UBCF,10,1,0.1,,0.0,,True
6445,CBF,10,1,0.1,,0.0,,True
6445,UBCF,10,1,0.1,,0.0,,True
6446,CBF,10,1,0.1,,0.0,,True
6446,UBCF,10,1,0.1,,0.0,,True
6447,CBF,10,2,0.2,45.85743379833855,45.85743379833855,22.92871906581808,True
6447,UBCF,10,1,0.1,,0.0,,True
6448,CBF,10,1,0.1,,0.0,,True
6448,UBCF,10,1,0.1,,0.0,,True
6449,CBF,10,2,0.2,1.4317359571066377,1.4317359571066377,0.7158679788583666,True
6449,UBCF,10,1,0.1,,0.0,,True
6450,CBF,10,1,0.1,,0.0,,True
6450,UBCF,10,2,0.2,37.90428148972095,37.90428148972095,18.95215698491864,True
6451,CBF,10,2,0.2,1.4520848238930628,1.4520848238930628,0.7260424121934375,True
6451,UBCF,10,2,0.2,10.351160117462083,10.351160117462083,5.175580061801435,True
6452,CBF,10,1,0.1,,0.0,,True
6452,UBCF,10,1,0.1,,0.0,,True
6453,CBF,10,1,0.1,,0.0,,True
6453,UBCF,10,2,0.2,37.90428148972095,37.90428148972095,18.95215698491864,True
6454,CBF,10,1,0.1,,0.0,,True
6454,UBCF,10,1,0.1,,0.0,,True
6455,CBF,10,2,0.2,29.15869940542207,29.15869940542207,14.579355363761266,True
6455,UBCF,10,1,0.1,,0.0,,True
6456,CBF,10,2,0.2,33.67692365322722,33.67692365322722,16.838466700408475,True
6456,UBCF,10,1,0.1,,0.0,,True
6457,CBF,10,2,0.2,20.284388156448134,20.284388156448134,10.142196458657729,True
6457,UBCF,10,1,0.1,,0.0,,True
6458,CBF,10,1,0.1,,0.0,,True
6458,UBCF,10,1,0.1,,0.0,,True
6459,CBF,10,2,0.2,42.58985072810587,42.58985072810587,21.294941911813737,True
6459,UBCF,10,1,0.1,,0.0,,True
6460,CBF,10,2,0.2,1.5431923121318396,1.5431923121318396,0.7715961563145184,True
6460,UBCF,10,1,0.1,,0.0,,True
6461,CBF,10,2,0.2,1.22876572589593,1.22876572589593,0.6143828629786793,True
6461,UBCF,10,2,0.2,31.43542951846135,31.43542951846135,15.717719488393843,True
6462,CBF,10,1,0.1,,0.0,,True
6462,UBCF,10,1,0.1,,0.0,,True
6463,CBF,10,2,0.2,6.324005324956843,6.324005324956843,3.162002681399092,True
6463,UBCF,10,2,0.2,19.380806902927784,19.380806902927784,9.690404897837317,True
6464,CBF,10,1,0.1,,0.0,,True
6464,UBCF,10,1,0.1,,0.0,,True
6465,CBF,10,1,0.1,,0.0,,True
6465,UBCF,10,1,0.1,,0.0,,True
6466,CBF,10,2,0.2,32.70568879807172,32.70568879807172,16.352846904750777,True
6466,UBCF,10,1,0.1,,0.0,,True
6467,CBF,10,1,0.1,,0.0,,True
6467,UBCF,10,1,0.1,,0.0,,True
6468,CBF,10,2,0.2,19.380806902927784,19.380806902927784,9.690404897837317,True
6468,UBCF,10,2,0.2,6.324005324956843,6.324005324956843,3.162002681399092,True
6469,CBF,10,1,0.1,,0.0,,True
6469,UBCF,10,1,0.1,,0.0,,True
6470,CBF,10,1,0.1,,0.0,,True
6470,UBCF,10,1,0.1,,0.0,,True
6471,CBF,10,2,0.2,0.618187081322193,0.618187081322193,0.3090935406794648,True
6471,UBCF,10,1,0.1,,0.0,,True
6472,CBF,10,1,0.1,,0.0,,True
6472,UBCF,10,1,0.1,,0.0,,True
6473,CBF,10,2,0.2,19.802199491474596,19.802199491474596,9.901100073718258,True
6473,UBCF,10,1,0.1,,0.0,,True
6474,CBF,10,2,0.2,1.4317359571066377,1.4317359571066377,0.7158679788583666,True
6474,UBCF,10,1,0.1,,0.0,,True
6475,CBF,10,1,0.1,,0.0,,True
6475,UBCF,10,2,0.2,11.749728398231753,11.749728398231753,5.874864397864018,True
6476,CBF,10,1,0.1,,0.0,,True
6476,UBCF,10,1,0.1,,0.0,,True
6477,CBF,10,1,0.1,,0.0,,True
6477,UBCF,10,2,0.2,28.023986357443068,28.023986357443068,14.01199605679436,True
6478,CBF,10,1,0.1,,0.0,,True
6478,UBCF,10,1,0.1,,0.0,,True
6479,CBF,10,1,0.1,,0.0,,True
6479,UBCF,10,1,0.1,,0.0,,True
6480,CBF,10,1,0.1,,0.0,,True
6480,UBCF,10,1,0.1,,0.0,,True
6481,CBF,10,2,0.2,23.42832637973626,23.42832637973626,11.71416658667128,True
6481,UBCF,10,2,0.2,27.972552036849212,27.972552036849212,13.986278905543603,True
6482,CBF,10,2,0.2,31.959472788337028,31.959472788337028,15.979740346340005,True
6482,UBCF,10,1,0.1,,0.0,,True
6483,CBF,10,1,0.1,,0.0,,True
6483,UBCF,10,1,0.1,,0.0,,True
6484,CBF,10,1,0.1,,0.0,,True
6484,UBCF,10,1,0.1,,0.0,,True
6485,CBF,10,2,0.2,16.36414581336663,16.36414581336663,8.182073605008515,True
6485,UBCF,10,1,0.1,,0.0,,True
6486,CBF,10,2,0.2,1.4317359571066377,1.4317359571066377,0.7158679788583666,True
6486,UBCF,10,1,0.1,,0.0,,True
6487,CBF,10,1,0.1,,0.0,,True
6487,UBCF,10,1,0.1,,0.0,,True
6488,CBF,10,2,0.2,1.4317359571066377,1.4317359571066377,0.7158679788583666,True
6488,UBCF,10,1,0.1,,0.0,,True
6489,CBF,10,2,0.2,43.262588299701214,43.262588299701214,21.631301429361923,True
6489,UBCF,10,1,0.1,,0.0,,True
6490,CBF,10,2,0.2,34.458757929551,34.458757929551,17.229385228727526,True
6490,UBCF,10,1,0.1,,0.0,,True
6491,CBF,10,3,0.3,8.787898476085292,17.575796952170585,6.855558252398272,True
6491,UBCF,10,1,0.1,,0.0,,True
6492,CBF,10,1,0.1,,0.0,,True
6492,UBCF,10,1,0.1,,0.0,,True
6493,CBF,10,2,0.2,43.262588299701214,43.262588299701214,21.631301429361923,True
6493,UBCF,10,1,0.1,,0.0,,True
6494,CBF,10,2,0.2,29.15869940542207,29.15869940542207,14.579355363761266,True
6494,UBCF,10,1,0.1,,0.0,,True
6495,CBF,10,2,0.2,1.4317359571066377,1.4317359571066377,0.7158679788583666,True
6495,UBCF,10,1,0.1,,0.0,,True
6496,CBF,10,2,0.2,28.163648891291636,28.163648891291636,14.081829185081,True
6496,UBCF,10,1,0.1,,0.0,,True
6497,CBF,10,2,0.2,28.163648891291636,28.163648891291636,14.081829185081,True
6497,UBCF,10,1,0.1,,0.0,,True
6498,CBF,10,1,0.1,,0.0,,True
6498,UBCF,10,2,0.2,37.90428148972095,37.90428148972095,18.95215698491864,True
6499,CBF,10,2,0.2,43.262588299701214,43.262588299701214,21.631301429361923,True
6499,UBCF,10,1,0.1,,0.0,,True
6500,CBF,10,2,0.2,1.5431923121318396,1.5431923121318396,0.7715961563145184,True
6500,UBCF,10,1,0.1,,0.0,,True
6501,CBF,10,2,0.2,19.380806902927784,19.380806902927784,9.690404897837317,True
6501,UBCF,10,1,0.1,,0.0,,True
6502,CBF,10,3,0.3,5.2094405012046,10.4188810024092,3.7734193919112045,True
6502,UBCF,10,2,0.2,32.52874473344892,32.52874473344892,16.264373376438158,True
6503,CBF,10,4,0.4,30.345555923302857,91.03666776990858,25.772963808258666,True
6503,UBCF,10,1,0.1,,0.0,,True
6504,CBF,10,2,0.2,43.262588299701214,43.262588299701214,21.631301429361923,True
6504,UBCF,10,1,0.1,,0.0,,True
6505,CBF,10,2,0.2,1.4520848238930628,1.4520848238930628,0.7260424121934375,True
6505,UBCF,10,2,0.2,37.90428148972095,37.90428148972095,18.95215698491864,True
6506,CBF,10,1,0.1,,0.0,,True
6506,UBCF,10,1,0.1,,0.0,,True
6507,CBF,10,2,0.2,1.5156689175409355,1.5156689175409355,0.7578344591212706,True
6507,UBCF,10,2,0.2,37.90428148972095,37.90428148972095,18.95215698491864,True
6508,CBF,10,2,0.2,2.3181081257908294,2.3181081257908294,1.1590540648649006,True
6508,UBCF,10,1,0.1,,0.0,,True
6509,CBF,10,3,0.3,23.882382258444107,47.764764516888214,13.39040572421795,True
6509,UBCF,10,2,0.2,11.749728398231753,11.749728398231753,5.874864397864018,True
6510,CBF,10,2,0.2,18.346946635879913,18.346946635879913,9.173475207982682,True
6510,UBCF,10,1,0.1,,0.0,,True
6511,CBF,10,2,0.2,47.42548488878177,47.42548488878177,23.712758341755357,True
6511,UBCF,10,1,0.1,,0.0,,True
6512,CBF,10,1,0.1,,0.0,,True
6512,UBCF,10,2,0.2,45.85743379833855,45.85743379833855,22.92871906581808,True
6513,CBF,10,2,0.2,28.163648891291636,28.163648891291636,14.081829185081,True
6513,UBCF,10,1,0.1,,0.0,,True
6514,CBF,10,4,0.4,21.497879994413818,64.49363998324145,19.190306008873637,True
6514,UBCF,10,1,0.1,,0.0,,True
6515,CBF,10,3,0.3,38.81877516953293,77.63755033906585,27.314473332598265,True
6515,UBCF,10,1,0.1,,0.0,,True
6516,CBF,10,2,0.2,27.972552036849212,27.972552036849212,13.986278905543603,True
6516,UBCF,10,2,0.2,10.351160117462083,10.351160117462083,5.175580061801435,True
6517,CBF,10,2,0.2,27.972552036849212,27.972552036849212,13.986278905543603,True
6517,UBCF,10,1,0.1,,0.0,,True
6518,CBF,10,1,0.1,,0.0,,True
6518,UBCF,10,1,0.1,,0.0,,True
6519,CBF,10,1,0.1,,0.0,,True
6519,UBCF,10,1,0.1,,0.0,,True
6520,CBF,10,1,0.1,,0.0,,True
6520,UBCF,10,1,0.1,,0.0,,True
6521,CBF,10,2,0.2,39.68146350068155,39.68146350068155,19.840734382814126,True
6521,UBCF,10,1,0.1,,0.0,,True
6522,CBF,10,1,0.1,,0.0,,True
6522,UBCF,10,1,0.1,,0.0,,True
6523,CBF,10,1,0.1,,0.0,,True
6523,UBCF,10,1,0.1,,0.0,,True
6524,CBF,10,2,0.2,39.131166621556076,39.131166621556076,19.565591509610922,True
6524,UBCF,10,1,0.1,,0.0,,True
6525,CBF,10,1,0.1,,0.0,,True
6525,UBCF,10,1,0.1,,0.0,,True
6527,CBF,10,2,0.2,27.972552036849212,27.972552036849212,13.986278905543603,True
6527,UBCF,10,2,0.2,10.351160117462083,10.351160117462083,5.175580061801435,True
6528,CBF,10,4,0.4,39.29000059274508,117.87000177823523,25.018204755878415,True
6528,UBCF,10,1,0.1,,0.0,,True
6529,CBF,10,1,0.1,,0.0,,True
6529,UBCF,10,1,0.1,,0.0,,True
6530,CBF,10,1,0.1,,0.0,,True
6530,UBCF,10,1,0.1,,0.0,,True
6531,CBF,10,2,0.2,42.46063206005696,42.46063206005696,21.230322245394014,True
6531,UBCF,10,2,0.2,32.52874473344892,32.52874473344892,16.264373376438158,True
6532,CBF,10,2,0.2,43.262588299701214,43.262588299701214,21.631301429361923,True
6532,UBCF,10,1,0.1,,0.0,,True
6534,CBF,10,1,0.1,,0.0,,True
6534,UBCF,10,1,0.1,,0.0,,True
6535,CBF,10,2,0.2,43.262588299701214,43.262588299701214,21.631301429361923,True
6535,UBCF,10,1,0.1,,0.0,,True
6536,CBF,10,1,0.1,,0.0,,True
6536,UBCF,10,2,0.2,32.156236140329234,32.156236140329234,16.078123042774006,True
6537,CBF,10,2,0.2,43.262588299701214,43.262588299701214,21.631301429361923,True
6537,UBCF,10,1,0.1,,0.0,,True
6538,CBF,10,1,0.1,,0.0,,True
6538,UBCF,10,1,0.1,,0.0,,True
6539,CBF,10,2,0.2,1.4317359571066377,1.4317359571066377,0.7158679788583666,True
6539,UBCF,10,1,0.1,,0.0,,True
6540,CBF,10,1,0.1,,0.0,,True
6540,UBCF,10,1,0.1,,0.0,,True
6541,CBF,10,2,0.2,7.648687838546466,7.648687838546466,3.8243440423377715,True
6541,UBCF,10,1,0.1,,0.0,,True
6542,CBF,10,2,0.2,33.214895727349095,33.214895727349095,16.60744789747381,True
6542,UBCF,10,1,0.1,,0.0,,True
6543,CBF,10,3,0.3,17.422387190708463,34.844774381416926,13.984483048124067,True
6543,UBCF,10,1,0.1,,0.0,,True
6544,CBF,10,2,0.2,1.4317359571066377,1.4317359571066377,0.7158679788583666,True
6544,UBCF,10,1,0.1,,0.0,,True
6545,CBF,10,2,0.2,29.444732784299944,29.444732784299944,14.722369133263221,True
6545,UBCF,10,1,0.1,,0.0,,True
6546,CBF,10,3,0.3,26.091810477000088,52.183620954000176,15.833112457947399,True
6546,UBCF,10,1,0.1,,0.0,,True
6547,CBF,10,2,0.2,1.4317359571066377,1.4317359571066377,0.7158679788583666,True
6547,UBCF,10,2,0.2,27.972552036849212,27.972552036849212,13.986278905543603,True
6548,CBF,10,3,0.3,38.018461444091116,76.03692288818223,24.94602623208985,True
6548,UBCF,10,1,0.1,,0.0,,True
6549,CBF,10,2,0.2,10.08111406100853,10.08111406100853,5.040557317381017,True
6549,UBCF,10,1,0.1,,0.0,,True
6550,CBF,10,2,0.2,42.46063206005696,42.46063206005696,21.230322245394014,True
6550,UBCF,10,1,0.1,,0.0,,True
6551,CBF,10,2,0.2,28.163648891291636,28.163648891291636,14.081829185081,True
6551,UBCF,10,1,0.1,,0.0,,True
6552,CBF,10,2,0.2,43.262588299701214,43.262588299701214,21.631301429361923,True
6552,UBCF,10,1,0.1,,0.0,,True
6553,CBF,10,1,0.1,,0.0,,True
6553,UBCF,10,1,0.1,,0.0,,True
6554,CBF,10,3,0.3,20.70131197994607,41.40262395989214,13.984483048124067,True
6554,UBCF,10,2,0.2,37.90428148972095,37.90428148972095,18.95215698491864,True
6555,CBF,10,2,0.2,27.972552036849212,27.972552036849212,13.986278905543603,True
6555,UBCF,10,1,0.1,,0.0,,True
6556,CBF,10,2,0.2,17.82423193742532,17.82423193742532,8.912116066560213,True
6556,UBCF,10,1,0.1,,0.0,,True
6557,CBF,10,1,0.1,,0.0,,True
6557,UBCF,10,1,0.1,,0.0,,True
6558,CBF,10,1,0.1,,0.0,,True
6558,UBCF,10,1,0.1,,0.0,,True
6559,CBF,10,2,0.2,27.972552036849212,27.972552036849212,13.986278905543603,True
6559,UBCF,10,1,0.1,,0.0,,True
6560,CBF,10,1,0.1,,0.0,,True
6560,UBCF,10,1,0.1,,0.0,,True
6561,CBF,10,2,0.2,27.972552036849212,27.972552036849212,13.986278905543603,True
6561,UBCF,10,2,0.2,37.90428148972095,37.90428148972095,18.95215698491864,True
6562,CBF,10,4,0.4,21.245376837363374,63.73613051209012,20.767912736138832,True
6562,UBCF,10,1,0.1,,0.0,,True
6563,CBF,10,1,0.1,,0.0,,True
6563,UBCF,10,2,0.2,10.351160117462083,10.351160117462083,5.175580061801435,True
6564,CBF,10,4,0.4,30.345555923302857,91.03666776990858,25.772963808258666,True
6564,UBCF,10,1,0.1,,0.0,,True
6565,CBF,10,1,0.1,,0.0,,True
6565,UBCF,10,1,0.1,,0.0,,True
6566,CBF,10,1,0.1,,0.0,,True
6566,UBCF,10,2,0.2,27.972552036849212,27.972552036849212,13.986278905543603,True
6567,CBF,10,1,0.1,,0.0,,True
6567,UBCF,10,1,0.1,,0.0,,True
6568,CBF,10,2,0.2,1.5156689175409355,1.5156689175409355,0.7578344591212706,True
6568,UBCF,10,1,0.1,,0.0,,True
6569,CBF,10,1,0.1,,0.0,,True
6569,UBCF,10,2,0.2,32.52874473344892,32.52874473344892,16.264373376438158,True
6570,CBF,10,1,0.1,,0.0,,True
6570,UBCF,10,2,0.2,37.90428148972095,37.90428148972095,18.95215698491864,True
6571,CBF,10,2,0.2,39.89544829710059,39.89544829710059,19.947732443611972,True
6571,UBCF,10,1,0.1,,0.0,,True
6572,CBF,10,1,0.1,,0.0,,True
6572,UBCF,10,1,0.1,,0.0,,True
6573,CBF,10,2,0.2,18.063673535690604,18.063673535690604,9.031838163077367,True
6573,UBCF,10,1,0.1,,0.0,,True
6574,CBF,10,2,0.2,27.972552036849212,27.972552036849212,13.986278905543603,True
6574,UBCF,10,2,0.2,42.31944671414057,42.31944671414057,21.159730993153076,True
6575,CBF,10,3,0.3,16.661937939696955,33.32387587939391,14.670392701795173,True
6575,UBCF,10,1,0.1,,0.0,,True
6576,CBF,10,1,0.1,,0.0,,True
6576,UBCF,10,1,0.1,,0.0,,True
6577,CBF,10,2,0.2,28.163648891291636,28.163648891291636,14.081829185081,True
6577,UBCF,10,1,0.1,,0.0,,True
6578,CBF,10,2,0.2,0.8363485704715321,0.8363485704715321,0.4181742853099314,True
6578,UBCF,10,2,0.2,32.52874473344892,32.52874473344892,16.264373376438158,True
6579,CBF,10,1,0.1,,0.0,,True
6579,UBCF,10,1,0.1,,0.0,,True
6580,CBF,10,2,0.2,23.42832637973626,23.42832637973626,11.71416658667128,True
6580,UBCF,10,1,0.1,,0.0,,True
6581,CBF,10,1,0.1,,0.0,,True
6581,UBCF,10,1,0.1,,0.0,,True
6582,CBF,10,1,0.1,,0.0,,True
6582,UBCF,10,2,0.2,37.90428148972095,37.90428148972095,18.95215698491864,True
6583,CBF,10,1,0.1,,0.0,,True
6583,UBCF,10,2,0.2,32.70568879807172,32.70568879807172,16.352846904750777,True
6584,CBF,10,1,0.1,,0.0,,True
6584,UBCF,10,1,0.1,,0.0,,True
6585,CBF,10,2,0.2,21.49728874955651,21.49728874955651,10.748644375108986,True
6585,UBCF,10,1,0.1,,0.0,,True
6586,CBF,10,1,0.1,,0.0,,True
6586,UBCF,10,1,0.1,,0.0,,True
6587,CBF,10,1,0.1,,0.0,,True
6587,UBCF,10,1,0.1,,0.0,,True
6588,CBF,10,1,0.1,,0.0,,True
6588,UBCF,10,1,0.1,,0.0,,True
6589,CBF,10,1,0.1,,0.0,,True
6589,UBCF,10,1,0.1,,0.0,,True
6590,CBF,10,2,0.2,1.4317359571066377,1.4317359571066377,0.7158679788583666,True
6590,UBCF,10,1,0.1,,0.0,,True
6591,CBF,10,1,0.1,,0.0,,True
6591,UBCF,10,1,0.1,,0.0,,True
6592,CBF,10,1,0.1,,0.0,,True
6592,UBCF,10,1,0.1,,0.0,,True
6593,CBF,10,1,0.1,,0.0,,True
6593,UBCF,10,1,0.1,,0.0,,True
6594,CBF,10,2,0.2,1.4317359571066377,1.4317359571066377,0.7158679788583666,True
6594,UBCF,10,1,0.1,,0.0,,True
6595,CBF,10,3,0.3,58.08505181109997,116.17010362219995,27.75587227076728,True
6595,UBCF,10,1,0.1,,0.0,,True
6597,CBF,10,1,0.1,,0.0,,True
6597,UBCF,10,1,0.1,,0.0,,True
6598,CBF,10,2,0.2,8.966796178516137,8.966796178516137,4.483398160676603,True
6598,UBCF,10,1,0.1,,0.0,,True
6599,CBF,10,1,0.1,,0.0,,True
6599,UBCF,10,1,0.1,,0.0,,True
6600,CBF,10,1,0.1,,0.0,,True
6600,UBCF,10,1,0.1,,0.0,,True
6601,CBF,10,4,0.4,10.993601689590518,32.98080506877155,10.641086009560986,True
6601,UBCF,10,1,0.1,,0.0,,True
6602,CBF,10,3,0.3,16.661937939696955,33.32387587939391,14.670392701795173,True
6602,UBCF,10,1,0.1,,0.0,,True
6603,CBF,10,1,0.1,,0.0,,True
6603,UBCF,10,1,0.1,,0.0,,True
6604,CBF,10,4,0.4,8.408161596905684,25.22448479071705,9.168335956807377,True
6604,UBCF,10,1,0.1,,0.0,,True
6605,CBF,10,2,0.2,33.67692365322722,33.67692365322722,16.838466700408475,True
6605,UBCF,10,2,0.2,37.90428148972095,37.90428148972095,18.95215698491864,True
6606,CBF,10,2,0.2,6.681125490125292,6.681125490125292,3.3405628053226177,True
6606,UBCF,10,1,0.1,,0.0,,True
6607,CBF,10,3,0.3,12.426764073373096,24.853528146746193,9.141407590967168,True
6607,UBCF,10,2,0.2,37.90428148972095,37.90428148972095,18.95215698491864,True
6608,CBF,10,2,0.2,7.90812379907292,7.90812379907292,3.954061946399003,True
6608,UBCF,10,1,0.1,,0.0,,True
6609,CBF,10,2,0.2,1.5431923121318396,1.5431923121318396,0.7715961563145184,True
6609,UBCF,10,1,0.1,,0.0,,True
6610,CBF,10,1,0.1,,0.0,,True
6610,UBCF,10,1,0.1,,0.0,,True
6611,CBF,10,2,0.2,1.5156689175409355,1.5156689175409355,0.7578344591212706,True
6611,UBCF,10,2,0.2,8.412640195690354,8.412640195690354,4.206320154926033,True
6613,CBF,10,1,0.1,,0.0,,True
6613,UBCF,10,1,0.1,,0.0,,True
6614,CBF,10,2,0.2,1.851196413912366,1.851196413912366,0.9255982080141867,True
6614,UBCF,10,1,0.1,,0.0,,True
6615,CBF,10,2,0.2,19.380806902927784,19.380806902927784,9.690404897837317,True
6615,UBCF,10,2,0.2,10.351160117462083,10.351160117462083,5.175580061801435,True
6616,CBF,10,2,0.2,33.67692365322722,33.67692365322722,16.838466700408475,True
6616,UBCF,10,1,0.1,,0.0,,True
6617,CBF,10,1,0.1,,0.0,,True
6617,UBCF,10,2,0.2,19.380806902927784,19.380806902927784,9.690404897837317,True
6618,CBF,10,4,0.4,26.7243388864777,80.1730166594331,20.997982841365136,True
6618,UBCF,10,1,0.1,,0.0,,True
6619,CBF,10,2,0.2,29.15869940542207,29.15869940542207,14.579355363761266,True
6619,UBCF,10,1,0.1,,0.0,,True
6620,CBF,10,2,0.2,1.5431923121318396,1.5431923121318396,0.7715961563145184,True
6620,UBCF,10,1,0.1,,0.0,,True
6621,CBF,10,2,0.2,1.4520848238930628,1.4520848238930628,0.7260424121934375,True
6621,UBCF,10,1,0.1,,0.0,,True
6622,CBF,10,1,0.1,,0.0,,True
6622,UBCF,10,2,0.2,10.351160117462083,10.351160117462083,5.175580061801435,True
6623,CBF,10,2,0.2,1.4520848238930628,1.4520848238930628,0.7260424121934375,True
6623,UBCF,10,1,0.1,,0.0,,True
6624,CBF,10,2,0.2,1.5156689175409355,1.5156689175409355,0.7578344591212706,True
6624,UBCF,10,2,0.2,37.90428148972095,37.90428148972095,18.95215698491864,True
6625,CBF,10,1,0.1,,0.0,,True
6625,UBCF,10,1,0.1,,0.0,,True
6626,CBF,10,3,0.3,59.7169043701836,119.4338087403672,28.233996776339993,True
6626,UBCF,10,1,0.1,,0.0,,True
6627,CBF,10,1,0.1,,0.0,,True
6627,UBCF,10,1,0.1,,0.0,,True
6628,CBF,10,2,0.2,1.4317359571066377,1.4317359571066377,0.7158679788583666,True
6628,UBCF,10,2,0.2,10.351160117462083,10.351160117462083,5.175580061801435,True
6629,CBF,10,2,0.2,2.3181081257908294,2.3181081257908294,1.1590540648649006,True
6629,UBCF,10,1,0.1,,0.0,,True
6630,CBF,10,2,0.2,17.55783839129376,17.55783839129376,8.77892108885106,True
6630,UBCF,10,1,0.1,,0.0,,True
6631,CBF,10,1,0.1,,0.0,,True
6631,UBCF,10,1,0.1,,0.0,,True
6632,CBF,10,2,0.2,21.49728874955651,21.49728874955651,10.748644375108986,True
6632,UBCF,10,1,0.1,,0.0,,True
6633,CBF,10,1,0.1,,0.0,,True
6633,UBCF,10,1,0.1,,0.0,,True
6634,CBF,10,2,0.2,1.4520848238930628,1.4520848238930628,0.7260424121934375,True
6634,UBCF,10,2,0.2,37.716643134514264,37.716643134514264,18.8583301894921,True
6635,CBF,10,2,0.2,47.2904786604151,47.2904786604151,23.645251826609766,True
6635,UBCF,10,1,0.1,,0.0,,True
6636,CBF,10,2,0.2,28.163648891291636,28.163648891291636,14.081829185081,True
6636,UBCF,10,1,0.1,,0.0,,True
6637,CBF,10,2,0.2,1.5156689175409355,1.5156689175409355,0.7578344591212706,True
6637,UBCF,10,1,0.1,,0.0,,True
6638,CBF,10,1,0.1,,0.0,,True
6638,UBCF,10,1,0.1,,0.0,,True
6639,CBF,10,2,0.2,20.357530189223063,20.357530189223063,10.178765101099387,True
6639,UBCF,10,1,0.1,,0.0,,True
6640,CBF,10,1,0.1,,0.0,,True
6640,UBCF,10,1,0.1,,0.0,,True
6641,CBF,10,2,0.2,39.245429755089575,39.245429755089575,19.622723579412103,True
6641,UBCF,10,1,0.1,,0.0,,True
6642,CBF,10,1,0.1,,0.0,,True
6642,UBCF,10,1,0.1,,0.0,,True
6643,CBF,10,1,0.1,,0.0,,True
6643,UBCF,10,1,0.1,,0.0,,True
6644,CBF,10,2,0.2,32.70568879807172,32.70568879807172,16.352846904750777,True
6644,UBCF,10,1,0.1,,0.0,,True
6645,CBF,10,2,0.2,28.163648891291636,28.163648891291636,14.081829185081,True
6645,UBCF,10,1,0.1,,0.0,,True
6646,CBF,10,2,0.2,39.884336960417365,39.884336960417365,19.94216859195539,True
6646,UBCF,10,1,0.1,,0.0,,True
6647,CBF,10,2,0.2,33.67692365322722,33.67692365322722,16.838466700408475,True
6647,UBCF,10,1,0.1,,0.0,,True
6648,CBF,10,2,0.2,20.357530189223063,20.357530189223063,10.178765101099387,True
6648,UBCF,10,1,0.1,,0.0,,True
6649,CBF,10,2,0.2,42.58985072810587,42.58985072810587,21.294941911813737,True
6649,UBCF,10,1,0.1,,0.0,,True
6650,CBF,10,1,0.1,,0.0,,True
6650,UBCF,10,2,0.2,37.90428148972095,37.90428148972095,18.95215698491864,True
6651,CBF,10,3,0.3,16.962779864591603,33.925559729183206,14.670392701795173,True
6651,UBCF,10,1,0.1,,0.0,,True
6652,CBF,10,2,0.2,38.54334327738816,38.54334327738816,19.27168404100997,True
6652,UBCF,10,1,0.1,,0.0,,True
6653,CBF,10,1,0.1,,0.0,,True
6653,UBCF,10,1,0.1,,0.0,,True
6654,CBF,10,2,0.2,27.972552036849212,27.972552036849212,13.986278905543603,True
6654,UBCF,10,1,0.1,,0.0,,True
6655,CBF,10,2,0.2,1.4317359571066377,1.4317359571066377,0.7158679788583666,True
6655,UBCF,10,1,0.1,,0.0,,True
6656,CBF,10,4,0.4,22.328899971465518,66.98669991439655,20.997982841365136,True
6656,UBCF,10,1,0.1,,0.0,,True
6657,CBF,10,4,0.4,21.040532767148616,63.12159830144584,20.485977205069496,True
6657,UBCF,10,1,0.1,,0.0,,True
6658,CBF,10,1,0.1,,0.0,,True
6658,UBCF,10,1,0.1,,0.0,,True
6659,CBF,10,2,0.2,43.07938720561975,43.07938720561975,21.53969449295095,True
6659,UBCF,10,1,0.1,,0.0,,True
6660,CBF,10,3,0.3,33.6014455060437,67.2028910120874,22.810905049544317,True
6660,UBCF,10,1,0.1,,0.0,,True
6661,CBF,10,1,0.1,,0.0,,True
6661,UBCF,10,2,0.2,20.56227028829262,20.56227028829262,10.281135193399617,True
6662,CBF,10,2,0.2,17.934206032638222,17.934206032638222,8.967103115916322,True
6662,UBCF,10,1,0.1,,0.0,,True
6663,CBF,10,2,0.2,35.047699610959974,35.047699610959974,17.52385828960975,True
6663,UBCF,10,1,0.1,,0.0,,True
6664,CBF,10,3,0.3,14.569364031562456,29.138728063124912,12.386229006732073,True
6664,UBCF,10,1,0.1,,0.0,,True
6665,CBF,10,2,0.2,33.67692365322722,33.67692365322722,16.838466700408475,True
6665,UBCF,10,1,0.1,,0.0,,True
6666,CBF,10,3,0.3,38.018461444091116,76.03692288818223,24.94602623208985,True
6666,UBCF,10,1,0.1,,0.0,,True
6667,CBF,10,1,0.1,,0.0,,True
6667,UBCF,10,1,0.1,,0.0,,True
6668,CBF,10,2,0.2,39.245429755089575,39.245429755089575,19.622723579412103,True
6668,UBCF,10,1,0.1,,0.0,,True
6669,CBF,10,2,0.2,23.42832637973626,23.42832637973626,11.71416658667128,True
6669,UBCF,10,1,0.1,,0.0,,True
6670,CBF,10,2,0.2,1.5156689175409355,1.5156689175409355,0.7578344591212706,True
6670,UBCF,10,1,0.1,,0.0,,True
6671,CBF,10,1,0.1,,0.0,,True
6671,UBCF,10,1,0.1,,0.0,,True
6672,CBF,10,2,0.2,43.07938720561975,43.07938720561975,21.53969449295095,True
6672,UBCF,10,1,0.1,,0.0,,True
6673,CBF,10,2,0.2,23.42832637973626,23.42832637973626,11.71416658667128,True
6673,UBCF,10,1,0.1,,0.0,,True
6675,CBF,10,1,0.1,,0.0,,True
6675,UBCF,10,1,0.1,,0.0,,True
6676,CBF,10,1,0.1,,0.0,,True
6676,UBCF,10,1,0.1,,0.0,,True
6677,CBF,10,2,0.2,33.67692365322722,33.67692365322722,16.838466700408475,True
6677,UBCF,10,1,0.1,,0.0,,True
6678,CBF,10,2,0.2,45.76874505995922,45.76874505995922,22.88438506416864,True
6678,UBCF,10,2,0.2,27.972552036849212,27.972552036849212,13.986278905543603,True
6679,CBF,10,1,0.1,,0.0,,True
6679,UBCF,10,1,0.1,,0.0,,True
6680,CBF,10,4,0.4,25.92121586392756,77.76364759178269,26.782086546655954,True
6680,UBCF,10,1,0.1,,0.0,,True
6681,CBF,10,3,0.3,22.299377713080172,44.598755426160345,18.847041605587137,True
6681,UBCF,10,2,0.2,31.43542951846135,31.43542951846135,15.717719488393843,True
6682,CBF,10,3,0.3,16.196260804476402,32.392521608952805,11.91141347464548,True
6682,UBCF,10,1,0.1,,0.0,,True
6683,CBF,10,2,0.2,1.5156689175409355,1.5156689175409355,0.7578344591212706,True
6683,UBCF,10,1,0.1,,0.0,,True
6684,CBF,10,2,0.2,43.262588299701214,43.262588299701214,21.631301429361923,True
6684,UBCF,10,1,0.1,,0.0,,True
6685,CBF,10,2,0.2,1.4317359571066377,1.4317359571066377,0.7158679788583666,True
6685,UBCF,10,1,0.1,,0.0,,True
6686,CBF,10,2,0.2,38.97541147027279,38.97541147027279,19.487708880396617,True
6686,UBCF,10,1,0.1,,0.0,,True
6687,CBF,10,2,0.2,1.5431923121318396,1.5431923121318396,0.7715961563145184,True
6687,UBCF,10,1,0.1,,0.0,,True
6688,CBF,10,2,0.2,42.465208485480964,42.465208485480964,21.23260746937205,True
6688,UBCF,10,1,0.1,,0.0,,True
6689,CBF,10,4,0.4,6.689877204399944,20.06963161319983,7.5082192704521535,True
6689,UBCF,10,1,0.1,,0.0,,True
6690,CBF,10,1,0.1,,0.0,,True
6690,UBCF,10,1,0.1,,0.0,,True
6691,CBF,10,2,0.2,28.163648891291636,28.163648891291636,14.081829185081,True
6691,UBCF,10,1,0.1,,0.0,,True
6692,CBF,10,1,0.1,,0.0,,True
6692,UBCF,10,1,0.1,,0.0,,True
6693,CBF,10,1,0.1,,0.0,,True
6693,UBCF,10,2,0.2,37.90428148972095,37.90428148972095,18.95215698491864,True
6694,CBF,10,1,0.1,,0.0,,True
6694,UBCF,10,1,0.1,,0.0,,True
6695,CBF,10,1,0.1,,0.0,,True
6695,UBCF,10,1,0.1,,0.0,,True
6696,CBF,10,2,0.2,28.163648891291636,28.163648891291636,14.081829185081,True
6696,UBCF,10,1,0.1,,0.0,,True
6697,CBF,10,1,0.1,,0.0,,True
6697,UBCF,10,1,0.1,,0.0,,True
6698,CBF,10,2,0.2,1.5431923121318396,1.5431923121318396,0.7715961563145184,True
6698,UBCF,10,1,0.1,,0.0,,True
6699,CBF,10,2,0.2,28.163648891291636,28.163648891291636,14.081829185081,True
6699,UBCF,10,1,0.1,,0.0,,True
6700,CBF,10,2,0.2,28.163648891291636,28.163648891291636,14.081829185081,True
6700,UBCF,10,1,0.1,,0.0,,True
6701,CBF,10,2,0.2,48.09345756415611,48.09345756415611,24.046737297997502,True
6701,UBCF,10,1,0.1,,0.0,,True
6702,CBF,10,2,0.2,6.681125490125292,6.681125490125292,3.3405628053226177,True
6702,UBCF,10,1,0.1,,0.0,,True
6703,CBF,10,4,0.4,29.327193268677636,87.98157980603291,25.560148421311528,True
6703,UBCF,10,1,0.1,,0.0,,True
6704,CBF,10,2,0.2,28.163648891291636,28.163648891291636,14.081829185081,True
6704,UBCF,10,1,0.1,,0.0,,True
6705,CBF,10,1,0.1,,0.0,,True
6705,UBCF,10,1,0.1,,0.0,,True
6706,CBF,10,1,0.1,,0.0,,True
6706,UBCF,10,1,0.1,,0.0,,True
6707,CBF,10,1,0.1,,0.0,,True
6707,UBCF,10,1,0.1,,0.0,,True
6708,CBF,10,1,0.1,,0.0,,True
6708,UBCF,10,1,0.1,,0.0,,True
6709,CBF,10,2,0.2,1.5431923121318396,1.5431923121318396,0.7715961563145184,True
6709,UBCF,10,1,0.1,,0.0,,True
6710,CBF,10,2,0.2,1.4317359571066377,1.4317359571066377,0.7158679788583666,True
6710,UBCF,10,1,0.1,,0.0,,True
6711,CBF,10,1,0.1,,0.0,,True
6711,UBCF,10,2,0.2,11.749728398231753,11.749728398231753,5.874864397864018,True
6712,CBF,10,1,0.1,,0.0,,True
6712,UBCF,10,1,0.1,,0.0,,True
6713,CBF,10,1,0.1,,0.0,,True
6713,UBCF,10,1,0.1,,0.0,,True
6714,CBF,10,1,0.1,,0.0,,True
6714,UBCF,10,1,0.1,,0.0,,True
6715,CBF,10,4,0.4,24.715007788586885,74.14502336576065,20.59651573336327,True
6715,UBCF,10,1,0.1,,0.0,,True
6716,CBF,10,2,0.2,27.972552036849212,27.972552036849212,13.986278905543603,True
6716,UBCF,10,1,0.1,,0.0,,True
6717,CBF,10,1,0.1,,0.0,,True
6717,UBCF,10,2,0.2,27.972552036849212,27.972552036849212,13.986278905543603,True
6718,CBF,10,2,0.2,38.97541147027279,38.97541147027279,19.487708880396617,True
6718,UBCF,10,1,0.1,,0.0,,True
6719,CBF,10,4,0.4,22.328899971465518,66.98669991439655,20.997982841365136,True
6719,UBCF,10,1,0.1,,0.0,,True
6720,CBF,10,1,0.1,,0.0,,True
6720,UBCF,10,1,0.1,,0.0,,True
6721,CBF,10,2,0.2,6.7248568044950225,6.7248568044950225,3.3624284085941114,True
6721,UBCF,10,1,0.1,,0.0,,True
6722,CBF,10,1,0.1,,0.0,,True
6722,UBCF,10,2,0.2,27.972552036849212,27.972552036849212,13.986278905543603,True
6723,CBF,10,1,0.1,,0.0,,True
6723,UBCF,10,2,0.2,16.565863565943992,16.565863565943992,8.282932816586648,True
6724,CBF,10,2,0.2,27.972552036849212,27.972552036849212,13.986278905543603,True
6724,UBCF,10,1,0.1,,0.0,,True
6725,CBF,10,1,0.1,,0.0,,True
6725,UBCF,10,1,0.1,,0.0,,True
6726,CBF,10,2,0.2,34.46052295613447,34.46052295613447,17.23026822876045,True
6726,UBCF,10,2,0.2,37.90428148972095,37.90428148972095,18.95215698491864,True
6727,CBF,10,1,0.1,,0.0,,True
6727,UBCF,10,1,0.1,,0.0,,True
6728,CBF,10,3,0.3,39.90110591137264,79.80221182274528,27.75587227076728,True
6728,UBCF,10,1,0.1,,0.0,,True
6729,CBF,10,2,0.2,2.3181081257908294,2.3181081257908294,1.1590540648649006,True
6729,UBCF,10,1,0.1,,0.0,,True
6730,CBF,10,3,0.3,22.176741456494614,44.35348291298923,18.84959275822592,True
6730,UBCF,10,1,0.1,,0.0,,True
6731,CBF,10,2,0.2,1.4317359571066377,1.4317359571066377,0.7158679788583666,True
6731,UBCF,10,1,0.1,,0.0,,True
6732,CBF,10,3,0.3,46.391897658889384,92.78379531777877,28.335316861706,True
6732,UBCF,10,1,0.1,,0.0,,True
6733,CBF,10,3,0.3,19.86916854607542,39.73833709215084,13.812411814634183,True
6733,UBCF,10,1,0.1,,0.0,,True
6734,CBF,10,2,0.2,1.4317359571066377,1.4317359571066377,0.7158679788583666,True
6734,UBCF,10,1,0.1,,0.0,,True
6735,CBF,10,1,0.1,,0.0,,True
6735,UBCF,10,1,0.1,,0.0,,True
6736,CBF,10,2,0.2,19.380806902927784,19.380806902927784,9.690404897837317,True
6736,UBCF,10,1,0.1,,0.0,,True
6737,CBF,10,1,0.1,,0.0,,True
6737,UBCF,10,1,0.1,,0.0,,True
6738,CBF,10,1,0.1,,0.0,,True
6738,UBCF,10,1,0.1,,0.0,,True
6739,CBF,10,2,0.2,28.163648891291636,28.163648891291636,14.081829185081,True
6739,UBCF,10,1,0.1,,0.0,,True
6740,CBF,10,1,0.1,,0.0,,True
6740,UBCF,10,1,0.1,,0.0,,True
6741,CBF,10,1,0.1,,0.0,,True
6741,UBCF,10,2,0.2,37.716643134514264,37.716643134514264,18.8583301894921,True
6742,CBF,10,2,0.2,7.90812379907292,7.90812379907292,3.954061946399003,True
6742,UBCF,10,2,0.2,37.90428148972095,37.90428148972095,18.95215698491864,True
6743,CBF,10,2,0.2,38.97541147027279,38.97541147027279,19.487708880396617,True
6743,UBCF,10,1,0.1,,0.0,,True
6744,CBF,10,2,0.2,29.15869940542207,29.15869940542207,14.579355363761266,True
6744,UBCF,10,2,0.2,32.52874473344892,32.52874473344892,16.264373376438158,True
6745,CBF,10,1,0.1,,0.0,,True
6745,UBCF,10,1,0.1,,0.0,,True
6746,CBF,10,1,0.1,,0.0,,True
6746,UBCF,10,1,0.1,,0.0,,True
6747,CBF,10,1,0.1,,0.0,,True
6747,UBCF,10,1,0.1,,0.0,,True
6748,CBF,10,1,0.1,,0.0,,True
6748,UBCF,10,1,0.1,,0.0,,True
6749,CBF,10,1,0.1,,0.0,,True
6749,UBCF,10,1,0.1,,0.0,,True
6751,CBF,10,2,0.2,28.163648891291636,28.163648891291636,14.081829185081,True
6751,UBCF,10,1,0.1,,0.0,,True
6752,CBF,10,2,0.2,18.520770095129077,18.520770095129077,9.260386933619406,True
6752,UBCF,10,1,0.1,,0.0,,True
6753,CBF,10,1,0.1,,0.0,,True
6753,UBCF,10,2,0.2,32.52874473344892,32.52874473344892,16.264373376438158,True
6754,CBF,10,3,0.3,16.962779864591603,33.925559729183206,14.670392701795173,True
6754,UBCF,10,1,0.1,,0.0,,True
6755,CBF,10,2,0.2,43.262588299701214,43.262588299701214,21.631301429361923,True
6755,UBCF,10,1,0.1,,0.0,,True
6756,CBF,10,1,0.1,,0.0,,True
6756,UBCF,10,1,0.1,,0.0,,True
6757,CBF,10,2,0.2,38.97541147027279,38.97541147027279,19.487708880396617,True
6757,UBCF,10,1,0.1,,0.0,,True
6758,CBF,10,2,0.2,17.82423193742532,17.82423193742532,8.912116066560213,True
6758,UBCF,10,1,0.1,,0.0,,True
6759,CBF,10,2,0.2,17.82423193742532,17.82423193742532,8.912116066560213,True
6759,UBCF,10,2,0.2,10.351160117462083,10.351160117462083,5.175580061801435,True
6760,CBF,10,1,0.1,,0.0,,True
6760,UBCF,10,2,0.2,37.90428148972095,37.90428148972095,18.95215698491864,True
6761,CBF,10,4,0.4,19.90256498765533,59.707694962965995,16.083995679345257,True
6761,UBCF,10,1,0.1,,0.0,,True
6762,CBF,10,2,0.2,38.54334327738816,38.54334327738816,19.27168404100997,True
6762,UBCF,10,1,0.1,,0.0,,True
6763,CBF,10,2,0.2,6.681125490125292,6.681125490125292,3.3405628053226177,True
6763,UBCF,10,1,0.1,,0.0,,True
6764,CBF,10,1,0.1,,0.0,,True
6764,UBCF,10,1,0.1,,0.0,,True
6765,CBF,10,2,0.2,1.5156689175409355,1.5156689175409355,0.7578344591212706,True
6765,UBCF,10,2,0.2,10.351160117462083,10.351160117462083,5.175580061801435,True
6766,CBF,10,1,0.1,,0.0,,True
6766,UBCF,10,2,0.2,11.749728398231753,11.749728398231753,5.874864397864018,True
6767,CBF,10,2,0.2,28.163648891291636,28.163648891291636,14.081829185081,True
6767,UBCF,10,1,0.1,,0.0,,True
6768,CBF,10,2,0.2,1.4520848238930628,1.4520848238930628,0.7260424121934375,True
6768,UBCF,10,1,0.1,,0.0,,True
6769,CBF,10,1,0.1,,0.0,,True
6769,UBCF,10,2,0.2,42.31944671414057,42.31944671414057,21.159730993153076,True
6770,CBF,10,2,0.2,2.3181081257908294,2.3181081257908294,1.1590540648649006,True
6770,UBCF,10,1,0.1,,0.0,,True
6771,CBF,10,2,0.2,43.262588299701214,43.262588299701214,21.631301429361923,True
6771,UBCF,10,1,0.1,,0.0,,True
6772,CBF,10,2,0.2,2.3181081257908294,2.3181081257908294,1.1590540648649006,True
6772,UBCF,10,2,0.2,37.90428148972095,37.90428148972095,18.95215698491864,True
6773,CBF,10,1,0.1,,0.0,,True
6773,UBCF,10,2,0.2,28.023986357443068,28.023986357443068,14.01199605679436,True
6774,CBF,10,2,0.2,32.156236140329234,32.156236140329234,16.078123042774006,True
6774,UBCF,10,1,0.1,,0.0,,True
6775,CBF,10,2,0.2,27.972552036849212,27.972552036849212,13.986278905543603,True
6775,UBCF,10,1,0.1,,0.0,,True
6776,CBF,10,3,0.3,19.86916854607542,39.73833709215084,13.812411814634183,True
6776,UBCF,10,1,0.1,,0.0,,True
6777,CBF,10,2,0.2,49.8470642659412,49.8470642659412,24.923534339870493,True
6777,UBCF,10,1,0.1,,0.0,,True
6778,CBF,10,2,0.2,29.15869940542207,29.15869940542207,14.579355363761266,True
6778,UBCF,10,1,0.1,,0.0,,True
6779,CBF,10,2,0.2,2.3193999029054835,2.3193999029054835,1.1596999568570554,True
6779,UBCF,10,1,0.1,,0.0,,True
6780,CBF,10,2,0.2,10.08111406100853,10.08111406100853,5.040557317381017,True
6780,UBCF,10,2,0.2,27.972552036849212,27.972552036849212,13.986278905543603,True
6781,CBF,10,1,0.1,,0.0,,True
6781,UBCF,10,1,0.1,,0.0,,True
6782,CBF,10,4,0.4,32.101902624371235,96.3057078731137,25.65059302720848,True
6782,UBCF,10,2,0.2,37.90428148972095,37.90428148972095,18.95215698491864,True
6783,CBF,10,2,0.2,33.214895727349095,33.214895727349095,16.60744789747381,True
6783,UBCF,10,1,0.1,,0.0,,True
6784,CBF,10,2,0.2,39.304889873625584,39.304889873625584,19.65246355239085,True
6784,UBCF,10,1,0.1,,0.0,,True
6785,CBF,10,1,0.1,,0.0,,True
6785,UBCF,10,1,0.1,,0.0,,True
6786,CBF,10,2,0.2,1.5431923121318396,1.5431923121318396,0.7715961563145184,True
6786,UBCF,10,1,0.1,,0.0,,True
6787,CBF,10,1,0.1,,0.0,,True
6787,UBCF,10,1,0.1,,0.0,,True
6788,CBF,10,1,0.1,,0.0,,True
6788,UBCF,10,1,0.1,,0.0,,True
6789,CBF,10,2,0.2,39.68146350068155,39.68146350068155,19.840734382814126,True
6789,UBCF,10,1,0.1,,0.0,,True
6790,CBF,10,2,0.2,43.262588299701214,43.262588299701214,21.631301429361923,True
6790,UBCF,10,1,0.1,,0.0,,True
6791,CBF,10,1,0.1,,0.0,,True
6791,UBCF,10,2,0.2,37.90428148972095,37.90428148972095,18.95215698491864,True
6792,CBF,10,3,0.3,14.136140876135858,28.272281752271716,9.927258843010186,True
6792,UBCF,10,1,0.1,,0.0,,True
6793,CBF,10,2,0.2,18.063673535690604,18.063673535690604,9.031838163077367,True
6793,UBCF,10,1,0.1,,0.0,,True
6794,CBF,10,1,0.1,,0.0,,True
6794,UBCF,10,2,0.2,27.972552036849212,27.972552036849212,13.986278905543603,True
6795,CBF,10,4,0.4,22.241682820702156,66.72504846210647,20.91186791301194,True
6795,UBCF,10,1,0.1,,0.0,,True
6796,CBF,10,1,0.1,,0.0,,True
6796,UBCF,10,1,0.1,,0.0,,True
6797,CBF,10,2,0.2,28.163648891291636,28.163648891291636,14.081829185081,True
6797,UBCF,10,2,0.2,19.380806902927784,19.380806902927784,9.690404897837317,True
6798,CBF,10,2,0.2,32.501727533605106,32.501727533605106,16.250863767116847,True
6798,UBCF,10,2,0.2,10.351160117462083,10.351160117462083,5.175580061801435,True
6799,CBF,10,3,0.3,38.018461444091116,76.03692288818223,24.94602623208985,True
6799,UBCF,10,1,0.1,,0.0,,True
6800,CBF,10,3,0.3,37.74275346153303,75.48550692306605,26.65203969884985,True
6800,UBCF,10,1,0.1,,0.0,,True
6801,CBF,10,1,0.1,,0.0,,True
6801,UBCF,10,1,0.1,,0.0,,True
6802,CBF,10,1,0.1,,0.0,,True
6802,UBCF,10,1,0.1,,0.0,,True
6803,CBF,10,1,0.1,,0.0,,True
6803,UBCF,10,1,0.1,,0.0,,True
6804,CBF,10,1,0.1,,0.0,,True
6804,UBCF,10,1,0.1,,0.0,,True
6805,CBF,10,3,0.3,39.64262294641554,79.28524589283109,22.03639370655,True
6805,UBCF,10,1,0.1,,0.0,,True
6806,CBF,10,4,0.4,28.667320095018088,86.00196028505427,22.04778684392698,True
6806,UBCF,10,1,0.1,,0.0,,True
6807,CBF,10,4,0.4,8.408161596905684,25.22448479071705,9.168335956807377,True
6807,UBCF,10,1,0.1,,0.0,,True
6808,CBF,10,2,0.2,27.972552036849212,27.972552036849212,13.986278905543603,True
6808,UBCF,10,1,0.1,,0.0,,True
6809,CBF,10,1,0.1,,0.0,,True
6809,UBCF,10,1,0.1,,0.0,,True
6810,CBF,10,2,0.2,39.884336960417365,39.884336960417365,19.94216859195539,True
6810,UBCF,10,1,0.1,,0.0,,True
6811,CBF,10,1,0.1,,0.0,,True
6811,UBCF,10,1,0.1,,0.0,,True
6812,CBF,10,2,0.2,39.304889873625584,39.304889873625584,19.65246355239085,True
6812,UBCF,10,2,0.2,37.90428148972095,37.90428148972095,18.95215698491864,True
6813,CBF,10,1,0.1,,0.0,,True
6813,UBCF,10,1,0.1,,0.0,,True
6814,CBF,10,1,0.1,,0.0,,True
6814,UBCF,10,2,0.2,20.56227028829262,20.56227028829262,10.281135193399617,True
6815,CBF,10,1,0.1,,0.0,,True
6815,UBCF,10,2,0.2,27.972552036849212,27.972552036849212,13.986278905543603,True
6816,CBF,10,3,0.3,37.74275346153303,75.48550692306605,26.65203969884985,True
6816,UBCF,10,2,0.2,37.90428148972095,37.90428148972095,18.95215698491864,True
6817,CBF,10,1,0.1,,0.0,,True
6817,UBCF,10,1,0.1,,0.0,,True
6818,CBF,10,2,0.2,28.163648891291636,28.163648891291636,14.081829185081,True
6818,UBCF,10,1,0.1,,0.0,,True
6819,CBF,10,4,0.4,19.875759523170668,59.62727856951201,20.261094096195606,True
6819,UBCF,10,2,0.2,20.56227028829262,20.56227028829262,10.281135193399617,True
6820,CBF,10,1,0.1,,0.0,,True
6820,UBCF,10,1,0.1,,0.0,,True
6821,CBF,10,2,0.2,27.972552036849212,27.972552036849212,13.986278905543603,True
6821,UBCF,10,1,0.1,,0.0,,True
6822,CBF,10,1,0.1,,0.0,,True
6822,UBCF,10,1,0.1,,0.0,,True
6823,CBF,10,2,0.2,39.131166621556076,39.131166621556076,19.565591509610922,True
6823,UBCF,10,1,0.1,,0.0,,True
6824,CBF,10,2,0.2,1.4317359571066377,1.4317359571066377,0.7158679788583666,True
6824,UBCF,10,1,0.1,,0.0,,True
6825,CBF,10,1,0.1,,0.0,,True
6825,UBCF,10,1,0.1,,0.0,,True
6826,CBF,10,2,0.2,19.380806902927784,19.380806902927784,9.690404897837317,True
6826,UBCF,10,2,0.2,37.90428148972095,37.90428148972095,18.95215698491864,True
6827,CBF,10,2,0.2,1.4317359571066377,1.4317359571066377,0.7158679788583666,True
6827,UBCF,10,1,0.1,,0.0,,True
6828,CBF,10,2,0.2,1.5156689175409355,1.5156689175409355,0.7578344591212706,True
6828,UBCF,10,1,0.1,,0.0,,True
6829,CBF,10,4,0.4,26.7243388864777,80.1730166594331,20.997982841365136,True
6829,UBCF,10,2,0.2,16.565863565943992,16.565863565943992,8.282932816586648,True
6830,CBF,10,2,0.2,15.430756590272077,15.430756590272077,7.715379133733166,True
6830,UBCF,10,1,0.1,,0.0,,True
6831,CBF,10,2,0.2,20.357530189223063,20.357530189223063,10.178765101099387,True
6831,UBCF,10,2,0.2,27.972552036849212,27.972552036849212,13.986278905543603,True
6832,CBF,10,1,0.1,,0.0,,True
6832,UBCF,10,2,0.2,32.156236140329234,32.156236140329234,16.078123042774006,True
6833,CBF,10,1,0.1,,0.0,,True
6833,UBCF,10,1,0.1,,0.0,,True
6834,CBF,10,2,0.2,43.262588299701214,43.262588299701214,21.631301429361923,True
6834,UBCF,10,2,0.2,10.351160117462083,10.351160117462083,5.175580061801435,True
6835,CBF,10,1,0.1,,0.0,,True
6835,UBCF,10,1,0.1,,0.0,,True
6836,CBF,10,1,0.1,,0.0,,True
6836,UBCF,10,1,0.1,,0.0,,True
6837,CBF,10,2,0.2,33.307372647861015,33.307372647861015,16.653688974915404,True
6837,UBCF,10,1,0.1,,0.0,,True
6838,CBF,10,1,0.1,,0.0,,True
6838,UBCF,10,1,0.1,,0.0,,True
6839,CBF,10,4,0.4,40.82890868167514,122.48672604502542,26.18787946928723,True
6839,UBCF,10,1,0.1,,0.0,,True
6840,CBF,10,1,0.1,,0.0,,True
6840,UBCF,10,1,0.1,,0.0,,True
6841,CBF,10,2,0.2,1.4520848238930628,1.4520848238930628,0.7260424121934375,True
6841,UBCF,10,2,0.2,10.351160117462083,10.351160117462083,5.175580061801435,True
6842,CBF,10,2,0.2,1.5431923121318396,1.5431923121318396,0.7715961563145184,True
6842,UBCF,10,1,0.1,,0.0,,True
6843,CBF,10,1,0.1,,0.0,,True
6843,UBCF,10,1,0.1,,0.0,,True
6844,CBF,10,3,0.3,39.90103000773112,79.80206001546225,24.100304972323233,True
6844,UBCF,10,1,0.1,,0.0,,True
6845,CBF,10,1,0.1,,0.0,,True
6845,UBCF,10,1,0.1,,0.0,,True
6846,CBF,10,2,0.2,1.5431923121318396,1.5431923121318396,0.7715961563145184,True
6846,UBCF,10,2,0.2,20.56227028829262,20.56227028829262,10.281135193399617,True
6847,CBF,10,2,0.2,1.5156689175409355,1.5156689175409355,0.7578344591212706,True
6847,UBCF,10,1,0.1,,0.0,,True
6848,CBF,10,1,0.1,,0.0,,True
6848,UBCF,10,1,0.1,,0.0,,True
6849,CBF,10,2,0.2,1.4317359571066377,1.4317359571066377,0.7158679788583666,True
6849,UBCF,10,1,0.1,,0.0,,True
6850,CBF,10,3,0.3,43.12277045346657,86.24554090693314,24.94602623208985,True
6850,UBCF,10,1,0.1,,0.0,,True
6851,CBF,10,2,0.2,1.4520848238930628,1.4520848238930628,0.7260424121934375,True
6851,UBCF,10,1,0.1,,0.0,,True
6852,CBF,10,2,0.2,2.5420414357668193,2.5420414357668193,1.271020718894901,True
6852,UBCF,10,1,0.1,,0.0,,True
6853,CBF,10,4,0.4,23.501617001378197,70.5048510041346,24.84736791465938,True
6853,UBCF,10,1,0.1,,0.0,,True
6854,CBF,10,2,0.2,39.89544829710059,39.89544829710059,19.947732443611972,True
6854,UBCF,10,1,0.1,,0.0,,True
6855,CBF,10,2,0.2,29.15869940542207,29.15869940542207,14.579355363761266,True
6855,UBCF,10,1,0.1,,0.0,,True
6856,CBF,10,1,0.1,,0.0,,True
6856,UBCF,10,1,0.1,,0.0,,True
6858,CBF,10,1,0.1,,0.0,,True
6858,UBCF,10,1,0.1,,0.0,,True
6859,CBF,10,2,0.2,27.972552036849212,27.972552036849212,13.986278905543603,True
6859,UBCF,10,1,0.1,,0.0,,True
6860,CBF,10,2,0.2,2.3181081257908294,2.3181081257908294,1.1590540648649006,True
6860,UBCF,10,1,0.1,,0.0,,True
6861,CBF,10,1,0.1,,0.0,,True
6861,UBCF,10,1,0.1,,0.0,,True
6862,CBF,10,3,0.3,23.95204137034503,47.90408274069006,15.553813901934406,True
6862,UBCF,10,1,0.1,,0.0,,True
6863,CBF,10,2,0.2,1.4317359571066377,1.4317359571066377,0.7158679788583666,True
6863,UBCF,10,2,0.2,37.90428148972095,37.90428148972095,18.95215698491864,True
6864,CBF,10,1,0.1,,0.0,,True
6864,UBCF,10,1,0.1,,0.0,,True
6865,CBF,10,2,0.2,1.4317359571066377,1.4317359571066377,0.7158679788583666,True
6865,UBCF,10,2,0.2,11.689178632130913,11.689178632130913,5.844589814051703,True
6866,CBF,10,1,0.1,,0.0,,True
6866,UBCF,10,1,0.1,,0.0,,True
6867,CBF,10,2,0.2,32.501727533605106,32.501727533605106,16.250863767116847,True
6867,UBCF,10,1,0.1,,0.0,,True
6868,CBF,10,2,0.2,18.063673535690604,18.063673535690604,9.031838163077367,True
6868,UBCF,10,2,0.2,10.351160117462083,10.351160117462083,5.175580061801435,True
6869,CBF,10,1,0.1,,0.0,,True
6869,UBCF,10,1,0.1,,0.0,,True
6870,CBF,10,1,0.1,,0.0,,True
6870,UBCF,10,1,0.1,,0.0,,True
6871,CBF,10,2,0.2,28.163648891291636,28.163648891291636,14.081829185081,True
6871,UBCF,10,1,0.1,,0.0,,True
6872,CBF,10,2,0.2,29.15869940542207,29.15869940542207,14.579355363761266,True
6872,UBCF,10,1,0.1,,0.0,,True
6873,CBF,10,2,0.2,28.163648891291636,28.163648891291636,14.081829185081,True
6873,UBCF,10,1,0.1,,0.0,,True
6874,CBF,10,2,0.2,27.972552036849212,27.972552036849212,13.986278905543603,True
6874,UBCF,10,1,0.1,,0.0,,True
6875,CBF,10,3,0.3,15.733591411112258,31.467182822224515,12.498526438558054,True
6875,UBCF,10,1,0.1,,0.0,,True
6876,CBF,10,1,0.1,,0.0,,True
6876,UBCF,10,1,0.1,,0.0,,True
6877,CBF,10,2,0.2,19.802199491474596,19.802199491474596,9.901100073718258,True
6877,UBCF,10,1,0.1,,0.0,,True
6878,CBF,10,4,0.4,9.660313749151308,28.980941247453924,9.168335956807377,True
6878,UBCF,10,1,0.1,,0.0,,True
6879,CBF,10,1,0.1,,0.0,,True
6879,UBCF,10,1,0.1,,0.0,,True
6880,CBF,10,1,0.1,,0.0,,True
6880,UBCF,10,1,0.1,,0.0,,True
6881,CBF,10,2,0.2,1.5156689175409355,1.5156689175409355,0.7578344591212706,True
6881,UBCF,10,2,0.2,20.56227028829262,20.56227028829262,10.281135193399617,True
6882,CBF,10,1,0.1,,0.0,,True
6882,UBCF,10,1,0.1,,0.0,,True
6883,CBF,10,2,0.2,1.4520848238930628,1.4520848238930628,0.7260424121934375,True
6883,UBCF,10,2,0.2,16.565863565943992,16.565863565943992,8.282932816586648,True
6884,CBF,10,1,0.1,,0.0,,True
6884,UBCF,10,1,0.1,,0.0,,True
6885,CBF,10,2,0.2,33.307372647861015,33.307372647861015,16.653688974915404,True
6885,UBCF,10,1,0.1,,0.0,,True
6886,CBF,10,4,0.4,29.15024928466957,87.45074785400871,19.71693182555296,True
6886,UBCF,10,2,0.2,10.351160117462083,10.351160117462083,5.175580061801435,True
6887,CBF,10,2,0.2,1.4317359571066377,1.4317359571066377,0.7158679788583666,True
6887,UBCF,10,1,0.1,,0.0,,True
6888,CBF,10,1,0.1,,0.0,,True
6888,UBCF,10,1,0.1,,0.0,,True
6889,CBF,10,2,0.2,47.42548488878177,47.42548488878177,23.712758341755357,True
6889,UBCF,10,2,0.2,20.56227028829262,20.56227028829262,10.281135193399617,True
6890,CBF,10,1,0.1,,0.0,,True
6890,UBCF,10,1,0.1,,0.0,,True
6891,CBF,10,1,0.1,,0.0,,True
6891,UBCF,10,1,0.1,,0.0,,True
6892,CBF,10,1,0.1,,0.0,,True
6892,UBCF,10,2,0.2,19.380806902927784,19.380806902927784,9.690404897837317,True
6893,CBF,10,2,0.2,43.262588299701214,43.262588299701214,21.631301429361923,True
6893,UBCF,10,1,0.1,,0.0,,True
6894,CBF,10,1,0.1,,0.0,,True
6894,UBCF,10,2,0.2,10.351160117462083,10.351160117462083,5.175580061801435,True
6895,CBF,10,2,0.2,28.163648891291636,28.163648891291636,14.081829185081,True
6895,UBCF,10,1,0.1,,0.0,,True
6896,CBF,10,2,0.2,1.5156689175409355,1.5156689175409355,0.7578344591212706,True
6896,UBCF,10,1,0.1,,0.0,,True
6897,CBF,10,1,0.1,,0.0,,True
6897,UBCF,10,1,0.1,,0.0,,True
6898,CBF,10,2,0.2,32.501727533605106,32.501727533605106,16.250863767116847,True
6898,UBCF,10,2,0.2,27.972552036849212,27.972552036849212,13.986278905543603,True
6899,CBF,10,3,0.3,22.176741456494614,44.35348291298923,18.84959275822592,True
6899,UBCF,10,1,0.1,,0.0,,True
6900,CBF,10,3,0.3,2.262141808879094,4.524283617758188,1.5794521525871865,True
6900,UBCF,10,1,0.1,,0.0,,True
6901,CBF,10,1,0.1,,0.0,,True
6901,UBCF,10,2,0.2,20.56227028829262,20.56227028829262,10.281135193399617,True
6902,CBF,10,1,0.1,,0.0,,True
6902,UBCF,10,2,0.2,19.380806902927784,19.380806902927784,9.690404897837317,True
6903,CBF,10,2,0.2,23.42832637973626,23.42832637973626,11.71416658667128,True
6903,UBCF,10,1,0.1,,0.0,,True
6904,CBF,10,1,0.1,,0.0,,True
6904,UBCF,10,2,0.2,20.56227028829262,20.56227028829262,10.281135193399617,True
6905,CBF,10,2,0.2,33.67692365322722,33.67692365322722,16.838466700408475,True
6905,UBCF,10,1,0.1,,0.0,,True
6906,CBF,10,1,0.1,,0.0,,True
6906,UBCF,10,1,0.1,,0.0,,True
6907,CBF,10,1,0.1,,0.0,,True
6907,UBCF,10,1,0.1,,0.0,,True
6908,CBF,10,1,0.1,,0.0,,True
6908,UBCF,10,1,0.1,,0.0,,True
6909,CBF,10,2,0.2,5.859110933607617,5.859110933607617,2.929555475275662,True
6909,UBCF,10,1,0.1,,0.0,,True
6910,CBF,10,1,0.1,,0.0,,True
6910,UBCF,10,1,0.1,,0.0,,True
6911,CBF,10,1,0.1,,0.0,,True
6911,UBCF,10,2,0.2,27.972552036849212,27.972552036849212,13.986278905543603,True
6912,CBF,10,1,0.1,,0.0,,True
6912,UBCF,10,1,0.1,,0.0,,True
6913,CBF,10,3,0.3,20.70131197994607,41.40262395989214,13.984483048124067,True
6913,UBCF,10,1,0.1,,0.0,,True
6914,CBF,10,2,0.2,28.163648891291636,28.163648891291636,14.081829185081,True
6914,UBCF,10,1,0.1,,0.0,,True
6915,CBF,10,1,0.1,,0.0,,True
6915,UBCF,10,2,0.2,16.963483781761255,16.963483781761255,8.481742762077442,True
6916,CBF,10,2,0.2,1.4317359571066377,1.4317359571066377,0.7158679788583666,True
6916,UBCF,10,1,0.1,,0.0,,True
6917,CBF,10,2,0.2,32.52874473344892,32.52874473344892,16.264373376438158,True
6917,UBCF,10,1,0.1,,0.0,,True
6918,CBF,10,2,0.2,43.07938720561975,43.07938720561975,21.53969449295095,True
6918,UBCF,10,1,0.1,,0.0,,True
6919,CBF,10,4,0.4,7.8491355970953975,23.547406791286193,5.52440225451474,True
6919,UBCF,10,1,0.1,,0.0,,True
6920,CBF,10,2,0.2,2.509651933633141,2.509651933633141,1.254825970151607,True
6920,UBCF,10,1,0.1,,0.0,,True
6921,CBF,10,1,0.1,,0.0,,True
6921,UBCF,10,1,0.1,,0.0,,True
6922,CBF,10,2,0.2,43.07938720561975,43.07938720561975,21.53969449295095,True
6922,UBCF,10,1,0.1,,0.0,,True
6923,CBF,10,2,0.2,48.46052491028783,48.46052491028783,24.230281176322904,True
6923,UBCF,10,1,0.1,,0.0,,True
6924,CBF,10,1,0.1,,0.0,,True
6924,UBCF,10,1,0.1,,0.0,,True
6925,CBF,10,3,0.3,43.12277045346657,86.24554090693314,24.94602623208985,True
6925,UBCF,10,1,0.1,,0.0,,True
6926,CBF,10,1,0.1,,0.0,,True
6926,UBCF,10,1,0.1,,0.0,,True
6927,CBF,10,3,0.3,4.629827094746711,9.259654189493421,3.257746532354249,True
6927,UBCF,10,1,0.1,,0.0,,True
6928,CBF,10,2,0.2,33.67692365322722,33.67692365322722,16.838466700408475,True
6928,UBCF,10,1,0.1,,0.0,,True
6929,CBF,10,2,0.2,20.284388156448134,20.284388156448134,10.142196458657729,True
6929,UBCF,10,1,0.1,,0.0,,True
6930,CBF,10,1,0.1,,0.0,,True
6930,UBCF,10,2,0.2,20.56227028829262,20.56227028829262,10.281135193399617,True
6931,CBF,10,1,0.1,,0.0,,True
6931,UBCF,10,1,0.1,,0.0,,True
6932,CBF,10,1,0.1,,0.0,,True
6932,UBCF,10,1,0.1,,0.0,,True
6933,CBF,10,2,0.2,1.5156689175409355,1.5156689175409355,0.7578344591212706,True
6933,UBCF,10,1,0.1,,0.0,,True
6934,CBF,10,2,0.2,43.262588299701214,43.262588299701214,21.631301429361923,True
6934,UBCF,10,2,0.2,37.90428148972095,37.90428148972095,18.95215698491864,True
6935,CBF,10,2,0.2,1.4317359571066377,1.4317359571066377,0.7158679788583666,True
6935,UBCF,10,1,0.1,,0.0,,True
6936,CBF,10,2,0.2,27.972552036849212,27.972552036849212,13.986278905543603,True
6936,UBCF,10,1,0.1,,0.0,,True
6937,CBF,10,3,0.3,36.01495180206175,72.0299036041235,23.225886950306606,True
6937,UBCF,10,1,0.1,,0.0,,True
6938,CBF,10,1,0.1,,0.0,,True
6938,UBCF,10,1,0.1,,0.0,,True
6939,CBF,10,1,0.1,,0.0,,True
6939,UBCF,10,2,0.2,6.271109147198457,6.271109147198457,3.1355545981176123,True
6940,CBF,10,2,0.2,27.972552036849212,27.972552036849212,13.986278905543603,True
6940,UBCF,10,2,0.2,20.56227028829262,20.56227028829262,10.281135193399617,True
6941,CBF,10,2,0.2,28.163648891291636,28.163648891291636,14.081829185081,True
6941,UBCF,10,1,0.1,,0.0,,True
6942,CBF,10,1,0.1,,0.0,,True
6942,UBCF,10,1,0.1,,0.0,,True
6943,CBF,10,2,0.2,28.163648891291636,28.163648891291636,14.081829185081,True
6943,UBCF,10,1,0.1,,0.0,,True
6944,CBF,10,1,0.1,,0.0,,True
6944,UBCF,10,2,0.2,37.90428148972095,37.90428148972095,18.95215698491864,True
6945,CBF,10,2,0.2,39.68146350068155,39.68146350068155,19.840734382814126,True
6945,UBCF,10,1,0.1,,0.0,,True
6946,CBF,10,2,0.2,39.884336960417365,39.884336960417365,19.94216859195539,True
6946,UBCF,10,1,0.1,,0.0,,True
6947,CBF,10,3,0.3,20.70131197994607,41.40262395989214,13.984483048124067,True
6947,UBCF,10,2,0.2,42.31944671414057,42.31944671414057,21.159730993153076,True
6948,CBF,10,1,0.1,,0.0,,True
6948,UBCF,10,1,0.1,,0.0,,True
6949,CBF,10,2,0.2,27.972552036849212,27.972552036849212,13.986278905543603,True
6949,UBCF,10,1,0.1,,0.0,,True
6950,CBF,10,1,0.1,,0.0,,True
6950,UBCF,10,1,0.1,,0.0,,True
6951,CBF,10,1,0.1,,0.0,,True
6951,UBCF,10,1,0.1,,0.0,,True
6952,CBF,10,1,0.1,,0.0,,True
6952,UBCF,10,1,0.1,,0.0,,True
6953,CBF,10,1,0.1,,0.0,,True
6953,UBCF,10,1,0.1,,0.0,,True
6954,CBF,10,2,0.2,32.70568879807172,32.70568879807172,16.352846904750777,True
6954,UBCF,10,1,0.1,,0.0,,True
6955,CBF,10,2,0.2,38.54334327738816,38.54334327738816,19.27168404100997,True
6955,UBCF,10,1,0.1,,0.0,,True
6956,CBF,10,2,0.2,34.72149846976685,34.72149846976685,17.360758094044108,True
6956,UBCF,10,1,0.1,,0.0,,True
6957,CBF,10,1,0.1,,0.0,,True
6957,UBCF,10,2,0.2,20.56227028829262,20.56227028829262,10.281135193399617,True
6958,CBF,10,2,0.2,1.4317359571066377,1.4317359571066377,0.7158679788583666,True
6958,UBCF,10,1,0.1,,0.0,,True
6959,CBF,10,1,0.1,,0.0,,True
6959,UBCF,10,1,0.1,,0.0,,True
6960,CBF,10,2,0.2,28.163648891291636,28.163648891291636,14.081829185081,True
6960,UBCF,10,1,0.1,,0.0,,True
6961,CBF,10,2,0.2,1.5431923121318396,1.5431923121318396,0.7715961563145184,True
6961,UBCF,10,1,0.1,,0.0,,True
6962,CBF,10,1,0.1,,0.0,,True
6962,UBCF,10,1,0.1,,0.0,,True
6963,CBF,10,2,0.2,1.5156689175409355,1.5156689175409355,0.7578344591212706,True
6963,UBCF,10,2,0.2,37.90428148972095,37.90428148972095,18.95215698491864,True
6964,CBF,10,1,0.1,,0.0,,True
6964,UBCF,10,1,0.1,,0.0,,True
6965,CBF,10,1,0.1,,0.0,,True
6965,UBCF,10,2,0.2,37.716643134514264,37.716643134514264,18.8583301894921,True
6966,CBF,10,2,0.2,27.972552036849212,27.972552036849212,13.986278905543603,True
6966,UBCF,10,1,0.1,,0.0,,True
6967,CBF,10,1,0.1,,0.0,,True
6967,UBCF,10,1,0.1,,0.0,,True
6968,CBF,10,1,0.1,,0.0,,True
6968,UBCF,10,1,0.1,,0.0,,True
6969,CBF,10,1,0.1,,0.0,,True
6969,UBCF,10,1,0.1,,0.0,,True
6970,CBF,10,1,0.1,,0.0,,True
6970,UBCF,10,1,0.1,,0.0,,True
6971,CBF,10,4,0.4,6.401837488735436,19.205512466206308,7.5082192704521535,True
6971,UBCF,10,1,0.1,,0.0,,True
6972,CBF,10,1,0.1,,0.0,,True
6972,UBCF,10,1,0.1,,0.0,,True
6973,CBF,10,1,0.1,,0.0,,True
6973,UBCF,10,1,0.1,,0.0,,True
6974,CBF,10,2,0.2,4.127413100707732,4.127413100707732,2.063706557612347,True
6974,UBCF,10,1,0.1,,0.0,,True
6975,CBF,10,4,0.4,22.75003214665944,68.25009643997832,19.71693182555267,True
6975,UBCF,10,1,0.1,,0.0,,True
6976,CBF,10,3,0.3,16.962779864591603,33.925559729183206,14.670392701795173,True
6976,UBCF,10,1,0.1,,0.0,,True
6977,CBF,10,1,0.1,,0.0,,True
6977,UBCF,10,1,0.1,,0.0,,True
6978,CBF,10,2,0.2,25.779941246069974,25.779941246069974,12.889970810120642,True
6978,UBCF,10,2,0.2,37.90428148972095,37.90428148972095,18.95215698491864,True
6979,CBF,10,3,0.3,38.018461444091116,76.03692288818223,24.94602623208985,True
6979,UBCF,10,1,0.1,,0.0,,True
6980,CBF,10,2,0.2,47.42548488878177,47.42548488878177,23.712758341755357,True
6980,UBCF,10,1,0.1,,0.0,,True
6981,CBF,10,4,0.4,23.58113358415471,70.74340075246413,22.39380159183812,True
6981,UBCF,10,2,0.2,11.749728398231753,11.749728398231753,5.874864397864018,True
6982,CBF,10,1,0.1,,0.0,,True
6982,UBCF,10,1,0.1,,0.0,,True
6984,CBF,10,3,0.3,16.661937939696955,33.32387587939391,14.670392701795173,True
6984,UBCF,10,1,0.1,,0.0,,True
6985,CBF,10,1,0.1,,0.0,,True
6985,UBCF,10,1,0.1,,0.0,,True
6986,CBF,10,2,0.2,43.262588299701214,43.262588299701214,21.631301429361923,True
6986,UBCF,10,1,0.1,,0.0,,True
6987,CBF,10,3,0.3,36.01495180206175,72.0299036041235,23.225886950306606,True
6987,UBCF,10,1,0.1,,0.0,,True
6988,CBF,10,1,0.1,,0.0,,True
6988,UBCF,10,2,0.2,37.90428148972095,37.90428148972095,18.95215698491864,True
6989,CBF,10,1,0.1,,0.0,,True
6989,UBCF,10,1,0.1,,0.0,,True
6990,CBF,10,3,0.3,29.551415178475974,59.10283035695195,23.225886950306606,True
6990,UBCF,10,1,0.1,,0.0,,True
6991,CBF,10,2,0.2,1.5431923121318396,1.5431923121318396,0.7715961563145184,True
6991,UBCF,10,2,0.2,10.351160117462083,10.351160117462083,5.175580061801435,True
6992,CBF,10,4,0.4,33.49942358803141,100.49827076409423,20.78851065318266,True
6992,UBCF,10,2,0.2,28.023986357443068,28.023986357443068,14.01199605679436,True
6993,CBF,10,2,0.2,36.24007716797648,36.24007716797648,18.12004609756425,True
6993,UBCF,10,1,0.1,,0.0,,True
6994,CBF,10,1,0.1,,0.0,,True
6994,UBCF,10,1,0.1,,0.0,,True
6995,CBF,10,2,0.2,4.1614064244650635,4.1614064244650635,2.080703229398236,True
6995,UBCF,10,1,0.1,,0.0,,True
6996,CBF,10,3,0.3,29.253961518229833,58.507923036459665,21.212851599467935,True
6996,UBCF,10,1,0.1,,0.0,,True
6997,CBF,10,3,0.3,38.81877516953293,77.63755033906585,27.314473332598265,True
6997,UBCF,10,2,0.2,42.31944671414057,42.31944671414057,21.159730993153076,True
6998,CBF,10,1,0.1,,0.0,,True
6998,UBCF,10,1,0.1,,0.0,,True
6999,CBF,10,2,0.2,8.966796178516137,8.966796178516137,4.483398160676603,True
6999,UBCF,10,1,0.1,,0.0,,True
7000,CBF,10,2,0.2,27.972552036849212,27.972552036849212,13.986278905543603,True
7000,UBCF,10,1,0.1,,0.0,,True
7001,CBF,10,2,0.2,1.5156689175409355,1.5156689175409355,0.7578344591212706,True
7001,UBCF,10,1,0.1,,0.0,,True
7002,CBF,10,2,0.2,27.972552036849212,27.972552036849212,13.986278905543603,True
7002,UBCF,10,1,0.1,,0.0,,True
7003,CBF,10,2,0.2,27.972552036849212,27.972552036849212,13.986278905543603,True
7003,UBCF,10,1,0.1,,0.0,,True
7004,CBF,10,2,0.2,2.5420414357668193,2.5420414357668193,1.271020718894901,True
7004,UBCF,10,1,0.1,,0.0,,True
7005,CBF,10,2,0.2,17.82423193742532,17.82423193742532,8.912116066560213,True
7005,UBCF,10,1,0.1,,0.0,,True
7006,CBF,10,3,0.3,29.551415178475974,59.10283035695195,23.225886950306606,True
7006,UBCF,10,2,0.2,37.90428148972095,37.90428148972095,18.95215698491864,True
7007,CBF,10,2,0.2,8.966796178516137,8.966796178516137,4.483398160676603,True
7007,UBCF,10,1,0.1,,0.0,,True
7008,CBF,10,2,0.2,34.72149846976685,34.72149846976685,17.360758094044108,True
7008,UBCF,10,1,0.1,,0.0,,True
7009,CBF,10,2,0.2,29.15869940542207,29.15869940542207,14.579355363761266,True
7009,UBCF,10,1,0.1,,0.0,,True
7010,CBF,10,1,0.1,,0.0,,True
7010,UBCF,10,2,0.2,37.90428148972095,37.90428148972095,18.95215698491864,True
7011,CBF,10,2,0.2,1.5431923121318396,1.5431923121318396,0.7715961563145184,True
7011,UBCF,10,1,0.1,,0.0,,True
7012,CBF,10,1,0.1,,0.0,,True
7012,UBCF,10,1,0.1,,0.0,,True
7013,CBF,10,2,0.2,39.884336960417365,39.884336960417365,19.94216859195539,True
7013,UBCF,10,2,0.2,20.56227028829262,20.56227028829262,10.281135193399617,True
7014,CBF,10,1,0.1,,0.0,,True
7014,UBCF,10,1,0.1,,0.0,,True
7015,CBF,10,2,0.2,42.58985072810587,42.58985072810587,21.294941911813737,True
7015,UBCF,10,1,0.1,,0.0,,True
7016,CBF,10,2,0.2,28.163648891291636,28.163648891291636,14.081829185081,True
7016,UBCF,10,1,0.1,,0.0,,True
7017,CBF,10,1,0.1,,0.0,,True
7017,UBCF,10,1,0.1,,0.0,,True
7018,CBF,10,1,0.1,,0.0,,True
7018,UBCF,10,2,0.2,10.351160117462083,10.351160117462083,5.175580061801435,True
7019,CBF,10,2,0.2,28.163648891291636,28.163648891291636,14.081829185081,True
7019,UBCF,10,1,0.1,,0.0,,True
7020,CBF,10,3,0.3,26.851077991066447,53.70215598213289,15.252953508825021,True
7020,UBCF,10,1,0.1,,0.0,,True
7021,CBF,10,2,0.2,33.67692365322722,33.67692365322722,16.838466700408475,True
7021,UBCF,10,2,0.2,11.749728398231753,11.749728398231753,5.874864397864018,True
7022,CBF,10,2,0.2,33.307372647861015,33.307372647861015,16.653688974915404,True
7022,UBCF,10,1,0.1,,0.0,,True
7023,CBF,10,2,0.2,28.163648891291636,28.163648891291636,14.081829185081,True
7023,UBCF,10,1,0.1,,0.0,,True
7024,CBF,10,1,0.1,,0.0,,True
7024,UBCF,10,1,0.1,,0.0,,True
7025,CBF,10,2,0.2,34.29011890939597,34.29011890939597,17.145067764900144,True
7025,UBCF,10,1,0.1,,0.0,,True
7026,CBF,10,3,0.3,39.64262294641554,79.28524589283109,22.03639370655,True
7026,UBCF,10,2,0.2,37.90428148972095,37.90428148972095,18.95215698491864,True
7027,CBF,10,2,0.2,27.972552036849212,27.972552036849212,13.986278905543603,True
7027,UBCF,10,1,0.1,,0.0,,True
7028,CBF,10,1,0.1,,0.0,,True
7028,UBCF,10,1,0.1,,0.0,,True
7029,CBF,10,1,0.1,,0.0,,True
7029,UBCF,10,1,0.1,,0.0,,True
7030,CBF,10,1,0.1,,0.0,,True
7030,UBCF,10,1,0.1,,0.0,,True
7031,CBF,10,3,0.3,36.09297687065265,72.1859537413053,25.47925704214642,True
7031,UBCF,10,1,0.1,,0.0,,True
7032,CBF,10,1,0.1,,0.0,,True
7032,UBCF,10,1,0.1,,0.0,,True
7033,CBF,10,1,0.1,,0.0,,True
7033,UBCF,10,1,0.1,,0.0,,True
7034,CBF,10,1,0.1,,0.0,,True
7034,UBCF,10,1,0.1,,0.0,,True
7035,CBF,10,2,0.2,6.681125490125292,6.681125490125292,3.3405628053226177,True
7035,UBCF,10,1,0.1,,0.0,,True
7036,CBF,10,2,0.2,1.4317359571066377,1.4317359571066377,0.7158679788583666,True
7036,UBCF,10,1,0.1,,0.0,,True
7038,CBF,10,1,0.1,,0.0,,True
7038,UBCF,10,1,0.1,,0.0,,True
7039,CBF,10,1,0.1,,0.0,,True
7039,UBCF,10,2,0.2,28.023986357443068,28.023986357443068,14.01199605679436,True
7040,CBF,10,2,0.2,1.4317359571066377,1.4317359571066377,0.7158679788583666,True
7040,UBCF,10,1,0.1,,0.0,,True
7041,CBF,10,1,0.1,,0.0,,True
7041,UBCF,10,1,0.1,,0.0,,True
7042,CBF,10,2,0.2,38.97541147027279,38.97541147027279,19.487708880396617,True
7042,UBCF,10,2,0.2,27.972552036849212,27.972552036849212,13.986278905543603,True
7043,CBF,10,2,0.2,28.163648891291636,28.163648891291636,14.081829185081,True
7043,UBCF,10,1,0.1,,0.0,,True
7044,CBF,10,2,0.2,39.89544829710059,39.89544829710059,19.947732443611972,True
7044,UBCF,10,1,0.1,,0.0,,True
7045,CBF,10,1,0.1,,0.0,,True
7045,UBCF,10,1,0.1,,0.0,,True
7046,CBF,10,2,0.2,38.97541147027279,38.97541147027279,19.487708880396617,True
7046,UBCF,10,1,0.1,,0.0,,True
7047,CBF,10,2,0.2,1.4317359571066377,1.4317359571066377,0.7158679788583666,True
7047,UBCF,10,2,0.2,10.351160117462083,10.351160117462083,5.175580061801435,True
7048,CBF,10,2,0.2,28.163648891291636,28.163648891291636,14.081829185081,True
7048,UBCF,10,1,0.1,,0.0,,True
7049,CBF,10,2,0.2,9.46923141650165,9.46923141650165,4.734615761799725,True
7049,UBCF,10,1,0.1,,0.0,,True
7050,CBF,10,1,0.1,,0.0,,True
7050,UBCF,10,1,0.1,,0.0,,True
7051,CBF,10,2,0.2,2.3181081257908294,2.3181081257908294,1.1590540648649006,True
7051,UBCF,10,1,0.1,,0.0,,True
7052,CBF,10,1,0.1,,0.0,,True
7052,UBCF,10,2,0.2,10.351160117462083,10.351160117462083,5.175580061801435,True
7053,CBF,10,2,0.2,27.972552036849212,27.972552036849212,13.986278905543603,True
7053,UBCF,10,1,0.1,,0.0,,True
7054,CBF,10,1,0.1,,0.0,,True
7054,UBCF,10,1,0.1,,0.0,,True
7055,CBF,10,2,0.2,7.90812379907292,7.90812379907292,3.954061946399003,True
7055,UBCF,10,1,0.1,,0.0,,True
7056,CBF,10,1,0.1,,0.0,,True
7056,UBCF,10,1,0.1,,0.0,,True
7057,CBF,10,2,0.2,39.68146350068155,39.68146350068155,19.840734382814126,True
7057,UBCF,10,1,0.1,,0.0,,True
7058,CBF,10,2,0.2,28.163648891291636,28.163648891291636,14.081829185081,True
7058,UBCF,10,1,0.1,,0.0,,True
7059,CBF,10,1,0.1,,0.0,,True
7059,UBCF,10,1,0.1,,0.0,,True
7060,CBF,10,1,0.1,,0.0,,True
7060,UBCF,10,1,0.1,,0.0,,True
7061,CBF,10,2,0.2,43.262588299701214,43.262588299701214,21.631301429361923,True
7061,UBCF,10,1,0.1,,0.0,,True
7062,CBF,10,2,0.2,27.972552036849212,27.972552036849212,13.986278905543603,True
7062,UBCF,10,1,0.1,,0.0,,True
7063,CBF,10,3,0.3,54.20315480682549,108.40630961365098,26.65203969884985,True
7063,UBCF,10,1,0.1,,0.0,,True
7064,CBF,10,2,0.2,8.412640195690354,8.412640195690354,4.206320154926033,True
7064,UBCF,10,1,0.1,,0.0,,True
7065,CBF,10,2,0.2,39.884336960417365,39.884336960417365,19.94216859195539,True
7065,UBCF,10,1,0.1,,0.0,,True
7066,CBF,10,1,0.1,,0.0,,True
7066,UBCF,10,1,0.1,,0.0,,True
7067,CBF,10,2,0.2,27.972552036849212,27.972552036849212,13.986278905543603,True
7067,UBCF,10,1,0.1,,0.0,,True
7068,CBF,10,2,0.2,27.972552036849212,27.972552036849212,13.986278905543603,True
7068,UBCF,10,1,0.1,,0.0,,True
7069,CBF,10,2,0.2,1.4317359571066377,1.4317359571066377,0.7158679788583666,True
7069,UBCF,10,1,0.1,,0.0,,True
7070,CBF,10,1,0.1,,0.0,,True
7070,UBCF,10,1,0.1,,0.0,,True
7071,CBF,10,4,0.4,26.7243388864777,80.1730166594331,20.997982841365136,True
7071,UBCF,10,1,0.1,,0.0,,True
7072,CBF,10,1,0.1,,0.0,,True
7072,UBCF,10,1,0.1,,0.0,,True
7073,CBF,10,3,0.3,38.018461444091116,76.03692288818223,24.94602623208985,True
7073,UBCF,10,1,0.1,,0.0,,True
7074,CBF,10,2,0.2,1.4317359571066377,1.4317359571066377,0.7158679788583666,True
7074,UBCF,10,1,0.1,,0.0,,True
7075,CBF,10,2,0.2,39.304889873625584,39.304889873625584,19.65246355239085,True
7075,UBCF,10,1,0.1,,0.0,,True
7076,CBF,10,2,0.2,28.163648891291636,28.163648891291636,14.081829185081,True
7076,UBCF,10,1,0.1,,0.0,,True
7077,CBF,10,1,0.1,,0.0,,True
7077,UBCF,10,1,0.1,,0.0,,True
7078,CBF,10,1,0.1,,0.0,,True
7078,UBCF,10,2,0.2,10.351160117462083,10.351160117462083,5.175580061801435,True
7079,CBF,10,3,0.3,16.00286294846914,32.00572589693828,12.498526438558054,True
7079,UBCF,10,1,0.1,,0.0,,True
7080,CBF,10,2,0.2,4.127413100707732,4.127413100707732,2.063706557612347,True
7080,UBCF,10,1,0.1,,0.0,,True
7081,CBF,10,1,0.1,,0.0,,True
7081,UBCF,10,1,0.1,,0.0,,True
7082,CBF,10,1,0.1,,0.0,,True
7082,UBCF,10,1,0.1,,0.0,,True
7083,CBF,10,2,0.2,28.163648891291636,28.163648891291636,14.081829185081,True
7083,UBCF,10,1,0.1,,0.0,,True
7084,CBF,10,3,0.3,16.962779864591603,33.925559729183206,14.670392701795173,True
7084,UBCF,10,1,0.1,,0.0,,True
7085,CBF,10,1,0.1,,0.0,,True
7085,UBCF,10,1,0.1,,0.0,,True
7086,CBF,10,2,0.2,43.07938720561975,43.07938720561975,21.53969449295095,True
7086,UBCF,10,1,0.1,,0.0,,True
7087,CBF,10,4,0.4,22.328899971465518,66.98669991439655,20.997982841365136,True
7087,UBCF,10,1,0.1,,0.0,,True
7088,CBF,10,1,0.1,,0.0,,True
7088,UBCF,10,1,0.1,,0.0,,True
7089,CBF,10,1,0.1,,0.0,,True
7089,UBCF,10,1,0.1,,0.0,,True
7090,CBF,10,2,0.2,38.97541147027279,38.97541147027279,19.487708880396617,True
7090,UBCF,10,1,0.1,,0.0,,True
7091,CBF,10,3,0.3,15.733591411112258,31.467182822224515,12.498526438558054,True
7091,UBCF,10,1,0.1,,0.0,,True
7092,CBF,10,1,0.1,,0.0,,True
7092,UBCF,10,1,0.1,,0.0,,True
7093,CBF,10,1,0.1,,0.0,,True
7093,UBCF,10,1,0.1,,0.0,,True
7094,CBF,10,1,0.1,,0.0,,True
7094,UBCF,10,1,0.1,,0.0,,True
7095,CBF,10,1,0.1,,0.0,,True
7095,UBCF,10,1,0.1,,0.0,,True
7096,CBF,10,1,0.1,,0.0,,True
7096,UBCF,10,1,0.1,,0.0,,True
7097,CBF,10,1,0.1,,0.0,,True
7097,UBCF,10,1,0.1,,0.0,,True
7098,CBF,10,1,0.1,,0.0,,True
7098,UBCF,10,1,0.1,,0.0,,True
7099,CBF,10,1,0.1,,0.0,,True
7099,UBCF,10,2,0.2,37.90428148972095,37.90428148972095,18.95215698491864,True
7101,CBF,10,3,0.3,16.661937939696955,33.32387587939391,14.670392701795173,True
7101,UBCF,10,1,0.1,,0.0,,True
7102,CBF,10,2,0.2,29.15869940542207,29.15869940542207,14.579355363761266,True
7102,UBCF,10,1,0.1,,0.0,,True
7103,CBF,10,2,0.2,0.618187081322193,0.618187081322193,0.3090935406794648,True
7103,UBCF,10,1,0.1,,0.0,,True
7104,CBF,10,2,0.2,27.972552036849212,27.972552036849212,13.986278905543603,True
7104,UBCF,10,1,0.1,,0.0,,True
7105,CBF,10,4,0.4,11.501934034250866,34.5058021027526,10.641086009560986,True
7105,UBCF,10,1,0.1,,0.0,,True
7106,CBF,10,1,0.1,,0.0,,True
7106,UBCF,10,1,0.1,,0.0,,True
7107,CBF,10,2,0.2,1.5431923121318396,1.5431923121318396,0.7715961563145184,True
7107,UBCF,10,1,0.1,,0.0,,True
7108,CBF,10,1,0.1,,0.0,,True
7108,UBCF,10,1,0.1,,0.0,,True
7109,CBF,10,2,0.2,39.245429755089575,39.245429755089575,19.622723579412103,True
7109,UBCF,10,1,0.1,,0.0,,True
7110,CBF,10,2,0.2,29.15869940542207,29.15869940542207,14.579355363761266,True
7110,UBCF,10,1,0.1,,0.0,,True
7111,CBF,10,2,0.2,28.163648891291636,28.163648891291636,14.081829185081,True
7111,UBCF,10,1,0.1,,0.0,,True
7112,CBF,10,2,0.2,1.4317359571066377,1.4317359571066377,0.7158679788583666,True
7112,UBCF,10,2,0.2,45.76874505995922,45.76874505995922,22.88438506416864,True
7113,CBF,10,1,0.1,,0.0,,True
7113,UBCF,10,1,0.1,,0.0,,True
7114,CBF,10,2,0.2,33.67692365322722,33.67692365322722,16.838466700408475,True
7114,UBCF,10,2,0.2,31.43542951846135,31.43542951846135,15.717719488393843,True
7115,CBF,10,2,0.2,43.262588299701214,43.262588299701214,21.631301429361923,True
7115,UBCF,10,1,0.1,,0.0,,True
7116,CBF,10,1,0.1,,0.0,,True
7116,UBCF,10,1,0.1,,0.0,,True
7117,CBF,10,1,0.1,,0.0,,True
7117,UBCF,10,1,0.1,,0.0,,True
7118,CBF,10,2,0.2,32.70568879807172,32.70568879807172,16.352846904750777,True
7118,UBCF,10,2,0.2,10.351160117462083,10.351160117462083,5.175580061801435,True
7119,CBF,10,1,0.1,,0.0,,True
7119,UBCF,10,1,0.1,,0.0,,True
7120,CBF,10,1,0.1,,0.0,,True
7120,UBCF,10,2,0.2,27.972552036849212,27.972552036849212,13.986278905543603,True
7121,CBF,10,2,0.2,19.380806902927784,19.380806902927784,9.690404897837317,True
7121,UBCF,10,1,0.1,,0.0,,True
7122,CBF,10,2,0.2,27.972552036849212,27.972552036849212,13.986278905543603,True
7122,UBCF,10,1,0.1,,0.0,,True
7123,CBF,10,3,0.3,29.253961518229833,58.507923036459665,21.212851599467935,True
7123,UBCF,10,1,0.1,,0.0,,True
7124,CBF,10,3,0.3,38.018461444091116,76.03692288818223,24.94602623208985,True
7124,UBCF,10,1,0.1,,0.0,,True
7125,CBF,10,1,0.1,,0.0,,True
7125,UBCF,10,2,0.2,31.43542951846135,31.43542951846135,15.717719488393843,True
7126,CBF,10,2,0.2,2.3181081257908294,2.3181081257908294,1.1590540648649006,True
7126,UBCF,10,1,0.1,,0.0,,True
7127,CBF,10,1,0.1,,0.0,,True
7127,UBCF,10,1,0.1,,0.0,,True
7128,CBF,10,3,0.3,16.661937939696955,33.32387587939391,14.670392701795173,True
7128,UBCF,10,1,0.1,,0.0,,True
7129,CBF,10,4,0.4,7.8491355970953975,23.547406791286193,5.52440225451474,True
7129,UBCF,10,1,0.1,,0.0,,True
7130,CBF,10,1,0.1,,0.0,,True
7130,UBCF,10,1,0.1,,0.0,,True
7131,CBF,10,2,0.2,1.5156689175409355,1.5156689175409355,0.7578344591212706,True
7131,UBCF,10,2,0.2,32.52874473344892,32.52874473344892,16.264373376438158,True
7132,CBF,10,4,0.4,22.328899971465518,66.98669991439655,20.997982841365136,True
7132,UBCF,10,1,0.1,,0.0,,True
7133,CBF,10,1,0.1,,0.0,,True
7133,UBCF,10,1,0.1,,0.0,,True
7135,CBF,10,2,0.2,1.4317359571066377,1.4317359571066377,0.7158679788583666,True
7135,UBCF,10,1,0.1,,0.0,,True
7136,CBF,10,1,0.1,,0.0,,True
7136,UBCF,10,1,0.1,,0.0,,True
7137,CBF,10,2,0.2,44.6387353025896,44.6387353025896,22.319382584751814,True
7137,UBCF,10,1,0.1,,0.0,,True
7138,CBF,10,3,0.3,31.429643406844413,62.859286813688826,24.100304972323233,True
7138,UBCF,10,1,0.1,,0.0,,True
7139,CBF,10,4,0.4,46.28945424002319,138.86836272006957,28.733320743258666,True
7139,UBCF,10,2,0.2,10.351160117462083,10.351160117462083,5.175580061801435,True
7140,CBF,10,4,0.4,6.033415054910214,18.10024516473064,5.52440225451474,True
7140,UBCF,10,2,0.2,37.90428148972095,37.90428148972095,18.95215698491864,True
7141,CBF,10,2,0.2,43.262588299701214,43.262588299701214,21.631301429361923,True
7141,UBCF,10,1,0.1,,0.0,,True
7142,CBF,10,3,0.3,38.018461444091116,76.03692288818223,24.94602623208985,True
7142,UBCF,10,1,0.1,,0.0,,True
7143,CBF,10,2,0.2,27.972552036849212,27.972552036849212,13.986278905543603,True
7143,UBCF,10,1,0.1,,0.0,,True
7144,CBF,10,3,0.3,38.018461444091116,76.03692288818223,24.94602623208985,True
7144,UBCF,10,2,0.2,37.90428148972095,37.90428148972095,18.95215698491864,True
7145,CBF,10,3,0.3,20.311891254846106,40.62378250969221,13.39040572421795,True
7145,UBCF,10,1,0.1,,0.0,,True
7146,CBF,10,1,0.1,,0.0,,True
7146,UBCF,10,1,0.1,,0.0,,True
7147,CBF,10,1,0.1,,0.0,,True
7147,UBCF,10,1,0.1,,0.0,,True
7148,CBF,10,1,0.1,,0.0,,True
7148,UBCF,10,1,0.1,,0.0,,True
7149,CBF,10,1,0.1,,0.0,,True
7149,UBCF,10,2,0.2,27.972552036849212,27.972552036849212,13.986278905543603,True
7150,CBF,10,2,0.2,1.4317359571066377,1.4317359571066377,0.7158679788583666,True
7150,UBCF,10,1,0.1,,0.0,,True
7151,CBF,10,2,0.2,29.15869940542207,29.15869940542207,14.579355363761266,True
7151,UBCF,10,1,0.1,,0.0,,True
7152,CBF,10,1,0.1,,0.0,,True
7152,UBCF,10,1,0.1,,0.0,,True
7153,CBF,10,2,0.2,23.42832637973626,23.42832637973626,11.71416658667128,True
7153,UBCF,10,1,0.1,,0.0,,True
7154,CBF,10,3,0.3,43.12277045346657,86.24554090693314,24.94602623208985,True
7154,UBCF,10,1,0.1,,0.0,,True
7155,CBF,10,1,0.1,,0.0,,True
7155,UBCF,10,1,0.1,,0.0,,True
7156,CBF,10,1,0.1,,0.0,,True
7156,UBCF,10,1,0.1,,0.0,,True
7157,CBF,10,3,0.3,39.05328904591443,78.10657809182887,22.70958043158625,True
7157,UBCF,10,1,0.1,,0.0,,True
7158,CBF,10,2,0.2,1.4317359571066377,1.4317359571066377,0.7158679788583666,True
7158,UBCF,10,1,0.1,,0.0,,True
7159,CBF,10,1,0.1,,0.0,,True
7159,UBCF,10,1,0.1,,0.0,,True
7160,CBF,10,3,0.3,47.745311562003025,95.49062312400605,23.427638132482766,True
7160,UBCF,10,1,0.1,,0.0,,True
7161,CBF,10,1,0.1,,0.0,,True
7161,UBCF,10,1,0.1,,0.0,,True
7162,CBF,10,1,0.1,,0.0,,True
7162,UBCF,10,1,0.1,,0.0,,True
7163,CBF,10,2,0.2,1.4317359571066377,1.4317359571066377,0.7158679788583666,True
7163,UBCF,10,1,0.1,,0.0,,True
7164,CBF,10,1,0.1,,0.0,,True
7164,UBCF,10,1,0.1,,0.0,,True
7165,CBF,10,2,0.2,28.163648891291636,28.163648891291636,14.081829185081,True
7165,UBCF,10,1,0.1,,0.0,,True
7166,CBF,10,2,0.2,27.972552036849212,27.972552036849212,13.986278905543603,True
7166,UBCF,10,1,0.1,,0.0,,True
7167,CBF,10,2,0.2,33.67692365322722,33.67692365322722,16.838466700408475,True
7167,UBCF,10,1,0.1,,0.0,,True
7168,CBF,10,3,0.3,16.661937939696955,33.32387587939391,14.670392701795173,True
7168,UBCF,10,1,0.1,,0.0,,True
7169,CBF,10,1,0.1,,0.0,,True
7169,UBCF,10,2,0.2,20.56227028829262,20.56227028829262,10.281135193399617,True
7170,CBF,10,1,0.1,,0.0,,True
7170,UBCF,10,1,0.1,,0.0,,True
7171,CBF,10,2,0.2,28.163648891291636,28.163648891291636,14.081829185081,True
7171,UBCF,10,1,0.1,,0.0,,True
7172,CBF,10,1,0.1,,0.0,,True
7172,UBCF,10,1,0.1,,0.0,,True
7173,CBF,10,1,0.1,,0.0,,True
7173,UBCF,10,1,0.1,,0.0,,True
7174,CBF,10,2,0.2,43.07938720561975,43.07938720561975,21.53969449295095,True
7174,UBCF,10,1,0.1,,0.0,,True
7175,CBF,10,3,0.3,28.108468059624972,56.216936119249944,17.513509954850523,True
7175,UBCF,10,2,0.2,11.749728398231753,11.749728398231753,5.874864397864018,True
7176,CBF,10,1,0.1,,0.0,,True
7176,UBCF,10,1,0.1,,0.0,,True
7177,CBF,10,2,0.2,1.4317359571066377,1.4317359571066377,0.7158679788583666,True
7177,UBCF,10,1,0.1,,0.0,,True
7178,CBF,10,2,0.2,43.262588299701214,43.262588299701214,21.631301429361923,True
7178,UBCF,10,1,0.1,,0.0,,True
7179,CBF,10,2,0.2,1.4317359571066377,1.4317359571066377,0.7158679788583666,True
7179,UBCF,10,1,0.1,,0.0,,True
7180,CBF,10,2,0.2,23.42832637973626,23.42832637973626,11.71416658667128,True
7180,UBCF,10,1,0.1,,0.0,,True
7181,CBF,10,2,0.2,2.3181081257908294,2.3181081257908294,1.1590540648649006,True
7181,UBCF,10,1,0.1,,0.0,,True
7182,CBF,10,2,0.2,43.07938720561975,43.07938720561975,21.53969449295095,True
7182,UBCF,10,1,0.1,,0.0,,True
7183,CBF,10,1,0.1,,0.0,,True
7183,UBCF,10,1,0.1,,0.0,,True
7184,CBF,10,2,0.2,43.262588299701214,43.262588299701214,21.631301429361923,True
7184,UBCF,10,1,0.1,,0.0,,True
7185,CBF,10,2,0.2,1.5156689175409355,1.5156689175409355,0.7578344591212706,True
7185,UBCF,10,1,0.1,,0.0,,True
7186,CBF,10,2,0.2,33.307372647861015,33.307372647861015,16.653688974915404,True
7186,UBCF,10,1,0.1,,0.0,,True
7187,CBF,10,1,0.1,,0.0,,True
7187,UBCF,10,1,0.1,,0.0,,True
7188,CBF,10,1,0.1,,0.0,,True
7188,UBCF,10,2,0.2,31.43542951846135,31.43542951846135,15.717719488393843,True
7189,CBF,10,2,0.2,27.972552036849212,27.972552036849212,13.986278905543603,True
7189,UBCF,10,1,0.1,,0.0,,True
7190,CBF,10,1,0.1,,0.0,,True
7190,UBCF,10,1,0.1,,0.0,,True
7191,CBF,10,1,0.1,,0.0,,True
7191,UBCF,10,1,0.1,,0.0,,True
7192,CBF,10,1,0.1,,0.0,,True
7192,UBCF,10,1,0.1,,0.0,,True
7193,CBF,10,3,0.3,29.551415178475974,59.10283035695195,23.225886950306606,True
7193,UBCF,10,1,0.1,,0.0,,True
7194,CBF,10,3,0.3,21.614315348224494,43.22863069644899,18.662510688252606,True
7194,UBCF,10,1,0.1,,0.0,,True
7195,CBF,10,2,0.2,0.618187081322193,0.618187081322193,0.3090935406794648,True
7195,UBCF,10,1,0.1,,0.0,,True
7196,CBF,10,1,0.1,,0.0,,True
7196,UBCF,10,1,0.1,,0.0,,True
7197,CBF,10,1,0.1,,0.0,,True
7197,UBCF,10,1,0.1,,0.0,,True
7198,CBF,10,2,0.2,2.3181081257908294,2.3181081257908294,1.1590540648649006,True
7198,UBCF,10,1,0.1,,0.0,,True
7199,CBF,10,1,0.1,,0.0,,True
7199,UBCF,10,2,0.2,42.31944671414057,42.31944671414057,21.159730993153076,True
7200,CBF,10,2,0.2,28.163648891291636,28.163648891291636,14.081829185081,True
7200,UBCF,10,1,0.1,,0.0,,True
7201,CBF,10,1,0.1,,0.0,,True
7201,UBCF,10,1,0.1,,0.0,,True
7202,CBF,10,2,0.2,19.32043757409859,19.32043757409859,9.660219798568896,True
7202,UBCF,10,1,0.1,,0.0,,True
7203,CBF,10,2,0.2,7.90812379907292,7.90812379907292,3.954061946399003,True
7203,UBCF,10,1,0.1,,0.0,,True
7204,CBF,10,2,0.2,39.68146350068155,39.68146350068155,19.840734382814126,True
7204,UBCF,10,1,0.1,,0.0,,True
7205,CBF,10,1,0.1,,0.0,,True
7205,UBCF,10,1,0.1,,0.0,,True
7206,CBF,10,2,0.2,39.68146350068155,39.68146350068155,19.840734382814126,True
7206,UBCF,10,1,0.1,,0.0,,True
7207,CBF,10,2,0.2,8.966796178516137,8.966796178516137,4.483398160676603,True
7207,UBCF,10,1,0.1,,0.0,,True
7208,CBF,10,2,0.2,27.972552036849212,27.972552036849212,13.986278905543603,True
7208,UBCF,10,1,0.1,,0.0,,True
7209,CBF,10,2,0.2,39.884336960417365,39.884336960417365,19.94216859195539,True
7209,UBCF,10,1,0.1,,0.0,,True
7210,CBF,10,1,0.1,,0.0,,True
7210,UBCF,10,1,0.1,,0.0,,True
7211,CBF,10,1,0.1,,0.0,,True
7211,UBCF,10,1,0.1,,0.0,,True
7212,CBF,10,2,0.2,28.163648891291636,28.163648891291636,14.081829185081,True
7212,UBCF,10,1,0.1,,0.0,,True
7213,CBF,10,2,0.2,39.884336960417365,39.884336960417365,19.94216859195539,True
7213,UBCF,10,1,0.1,,0.0,,True
7214,CBF,10,1,0.1,,0.0,,True
7214,UBCF,10,1,0.1,,0.0,,True
7216,CBF,10,1,0.1,,0.0,,True
7216,UBCF,10,1,0.1,,0.0,,True
7217,CBF,10,2,0.2,1.4317359571066377,1.4317359571066377,0.7158679788583666,True
7217,UBCF,10,2,0.2,37.90428148972095,37.90428148972095,18.95215698491864,True
7218,CBF,10,3,0.3,38.018461444091116,76.03692288818223,24.94602623208985,True
7218,UBCF,10,1,0.1,,0.0,,True
7219,CBF,10,1,0.1,,0.0,,True
7219,UBCF,10,2,0.2,20.56227028829262,20.56227028829262,10.281135193399617,True
7220,CBF,10,2,0.2,1.5156689175409355,1.5156689175409355,0.7578344591212706,True
7220,UBCF,10,1,0.1,,0.0,,True
7221,CBF,10,1,0.1,,0.0,,True
7221,UBCF,10,1,0.1,,0.0,,True
7222,CBF,10,2,0.2,27.972552036849212,27.972552036849212,13.986278905543603,True
7222,UBCF,10,2,0.2,10.351160117462083,10.351160117462083,5.175580061801435,True
7223,CBF,10,2,0.2,39.884336960417365,39.884336960417365,19.94216859195539,True
7223,UBCF,10,1,0.1,,0.0,,True
7224,CBF,10,2,0.2,28.163648891291636,28.163648891291636,14.081829185081,True
7224,UBCF,10,1,0.1,,0.0,,True
7225,CBF,10,2,0.2,36.24007716797648,36.24007716797648,18.12004609756425,True
7225,UBCF,10,1,0.1,,0.0,,True
7226,CBF,10,1,0.1,,0.0,,True
7226,UBCF,10,2,0.2,37.90428148972095,37.90428148972095,18.95215698491864,True
7227,CBF,10,1,0.1,,0.0,,True
7227,UBCF,10,1,0.1,,0.0,,True
7228,CBF,10,1,0.1,,0.0,,True
7228,UBCF,10,1,0.1,,0.0,,True
7229,CBF,10,2,0.2,28.163648891291636,28.163648891291636,14.081829185081,True
7229,UBCF,10,1,0.1,,0.0,,True
7230,CBF,10,1,0.1,,0.0,,True
7230,UBCF,10,1,0.1,,0.0,,True
7231,CBF,10,2,0.2,20.357530189223063,20.357530189223063,10.178765101099387,True
7231,UBCF,10,1,0.1,,0.0,,True
7232,CBF,10,2,0.2,39.131166621556076,39.131166621556076,19.565591509610922,True
7232,UBCF,10,1,0.1,,0.0,,True
7233,CBF,10,2,0.2,1.851196413912366,1.851196413912366,0.9255982080141867,True
7233,UBCF,10,1,0.1,,0.0,,True
7234,CBF,10,1,0.1,,0.0,,True
7234,UBCF,10,1,0.1,,0.0,,True
7235,CBF,10,1,0.1,,0.0,,True
7235,UBCF,10,1,0.1,,0.0,,True
7236,CBF,10,4,0.4,21.076747819219893,63.23024345765968,20.997982841365136,True
7236,UBCF,10,1,0.1,,0.0,,True
7237,CBF,10,1,0.1,,0.0,,True
7237,UBCF,10,1,0.1,,0.0,,True
7238,CBF,10,2,0.2,1.4317359571066377,1.4317359571066377,0.7158679788583666,True
7238,UBCF,10,1,0.1,,0.0,,True
7239,CBF,10,2,0.2,28.163648891291636,28.163648891291636,14.081829185081,True
7239,UBCF,10,1,0.1,,0.0,,True
7240,CBF,10,1,0.1,,0.0,,True
7240,UBCF,10,1,0.1,,0.0,,True
7241,CBF,10,1,0.1,,0.0,,True
7241,UBCF,10,1,0.1,,0.0,,True
7242,CBF,10,2,0.2,43.07938720561975,43.07938720561975,21.53969449295095,True
7242,UBCF,10,1,0.1,,0.0,,True
7243,CBF,10,1,0.1,,0.0,,True
7243,UBCF,10,1,0.1,,0.0,,True
7244,CBF,10,2,0.2,23.42832637973626,23.42832637973626,11.71416658667128,True
7244,UBCF,10,1,0.1,,0.0,,True
7245,CBF,10,1,0.1,,0.0,,True
7245,UBCF,10,1,0.1,,0.0,,True
7246,CBF,10,1,0.1,,0.0,,True
7246,UBCF,10,1,0.1,,0.0,,True
7247,CBF,10,2,0.2,1.4520848238930628,1.4520848238930628,0.7260424121934375,True
7247,UBCF,10,2,0.2,19.380806902927784,19.380806902927784,9.690404897837317,True
7248,CBF,10,2,0.2,29.15869940542207,29.15869940542207,14.579355363761266,True
7248,UBCF,10,1,0.1,,0.0,,True
7249,CBF,10,2,0.2,1.5156689175409355,1.5156689175409355,0.7578344591212706,True
7249,UBCF,10,1,0.1,,0.0,,True
7250,CBF,10,1,0.1,,0.0,,True
7250,UBCF,10,1,0.1,,0.0,,True
7251,CBF,10,3,0.3,16.661937939696955,33.32387587939391,14.670392701795173,True
7251,UBCF,10,1,0.1,,0.0,,True
7252,CBF,10,2,0.2,1.5431923121318396,1.5431923121318396,0.7715961563145184,True
7252,UBCF,10,1,0.1,,0.0,,True
7253,CBF,10,1,0.1,,0.0,,True
7253,UBCF,10,2,0.2,19.380806902927784,19.380806902927784,9.690404897837317,True
7254,CBF,10,2,0.2,28.163648891291636,28.163648891291636,14.081829185081,True
7254,UBCF,10,1,0.1,,0.0,,True
7255,CBF,10,1,0.1,,0.0,,True
7255,UBCF,10,1,0.1,,0.0,,True
7256,CBF,10,1,0.1,,0.0,,True
7256,UBCF,10,1,0.1,,0.0,,True
7257,CBF,10,2,0.2,38.97541147027279,38.97541147027279,19.487708880396617,True
7257,UBCF,10,1,0.1,,0.0,,True
7258,CBF,10,1,0.1,,0.0,,True
7258,UBCF,10,1,0.1,,0.0,,True
7259,CBF,10,1,0.1,,0.0,,True
7259,UBCF,10,2,0.2,10.351160117462083,10.351160117462083,5.175580061801435,True
7260,CBF,10,2,0.2,33.307372647861015,33.307372647861015,16.653688974915404,True
7260,UBCF,10,2,0.2,10.351160117462083,10.351160117462083,5.175580061801435,True
7261,CBF,10,3,0.3,38.018461444091116,76.03692288818223,24.94602623208985,True
7261,UBCF,10,2,0.2,10.351160117462083,10.351160117462083,5.175580061801435,True
7262,CBF,10,2,0.2,39.131166621556076,39.131166621556076,19.565591509610922,True
7262,UBCF,10,1,0.1,,0.0,,True
7263,CBF,10,1,0.1,,0.0,,True
7263,UBCF,10,1,0.1,,0.0,,True
7264,CBF,10,1,0.1,,0.0,,True
7264,UBCF,10,1,0.1,,0.0,,True
7265,CBF,10,2,0.2,14.993686438360292,14.993686438360292,7.496844321734191,True
7265,UBCF,10,2,0.2,20.56227028829262,20.56227028829262,10.281135193399617,True
7266,CBF,10,3,0.3,51.71236007998358,103.42472015996717,27.314473332598265,True
7266,UBCF,10,1,0.1,,0.0,,True
7267,CBF,10,2,0.2,47.42548488878177,47.42548488878177,23.712758341755357,True
7267,UBCF,10,1,0.1,,0.0,,True
7268,CBF,10,2,0.2,39.68146350068155,39.68146350068155,19.840734382814126,True
7268,UBCF,10,1,0.1,,0.0,,True
7269,CBF,10,2,0.2,39.59342686098516,39.59342686098516,19.79672190853865,True
7269,UBCF,10,1,0.1,,0.0,,True
7270,CBF,10,1,0.1,,0.0,,True
7270,UBCF,10,1,0.1,,0.0,,True
7271,CBF,10,1,0.1,,0.0,,True
7271,UBCF,10,1,0.1,,0.0,,True
7272,CBF,10,1,0.1,,0.0,,True
7272,UBCF,10,1,0.1,,0.0,,True
7273,CBF,10,2,0.2,19.380806902927784,19.380806902927784,9.690404897837317,True
7273,UBCF,10,1,0.1,,0.0,,True
7274,CBF,10,2,0.2,42.58985072810587,42.58985072810587,21.294941911813737,True
7274,UBCF,10,1,0.1,,0.0,,True
7275,CBF,10,2,0.2,35.32312498770699,35.32312498770699,17.661569595164398,True
7275,UBCF,10,1,0.1,,0.0,,True
7276,CBF,10,1,0.1,,0.0,,True
7276,UBCF,10,1,0.1,,0.0,,True
7277,CBF,10,2,0.2,28.163648891291636,28.163648891291636,14.081829185081,True
7277,UBCF,10,1,0.1,,0.0,,True
7278,CBF,10,2,0.2,39.884336960417365,39.884336960417365,19.94216859195539,True
7278,UBCF,10,1,0.1,,0.0,,True
7279,CBF,10,2,0.2,44.6387353025896,44.6387353025896,22.319382584751814,True
7279,UBCF,10,1,0.1,,0.0,,True
7280,CBF,10,1,0.1,,0.0,,True
7280,UBCF,10,1,0.1,,0.0,,True
7281,CBF,10,2,0.2,18.346946635879913,18.346946635879913,9.173475207982682,True
7281,UBCF,10,1,0.1,,0.0,,True
7282,CBF,10,4,0.4,7.8491355970953975,23.547406791286193,5.52440225451474,True
7282,UBCF,10,2,0.2,8.412640195690354,8.412640195690354,4.206320154926033,True
7283,CBF,10,2,0.2,39.884336960417365,39.884336960417365,19.94216859195539,True
7283,UBCF,10,1,0.1,,0.0,,True
7284,CBF,10,1,0.1,,0.0,,True
7284,UBCF,10,1,0.1,,0.0,,True
7285,CBF,10,2,0.2,28.163648891291636,28.163648891291636,14.081829185081,True
7285,UBCF,10,1,0.1,,0.0,,True
7286,CBF,10,3,0.3,29.551415178475974,59.10283035695195,23.225886950306606,True
7286,UBCF,10,1,0.1,,0.0,,True
7287,CBF,10,2,0.2,1.4317359571066377,1.4317359571066377,0.7158679788583666,True
7287,UBCF,10,1,0.1,,0.0,,True
7288,CBF,10,1,0.1,,0.0,,True
7288,UBCF,10,1,0.1,,0.0,,True
7289,CBF,10,1,0.1,,0.0,,True
7289,UBCF,10,2,0.2,20.56227028829262,20.56227028829262,10.281135193399617,True
7290,CBF,10,2,0.2,43.07938720561975,43.07938720561975,21.53969449295095,True
7290,UBCF,10,1,0.1,,0.0,,True
7291,CBF,10,2,0.2,1.4317359571066377,1.4317359571066377,0.7158679788583666,True
7291,UBCF,10,1,0.1,,0.0,,True
7292,CBF,10,3,0.3,16.661937939696955,33.32387587939391,14.670392701795173,True
7292,UBCF,10,1,0.1,,0.0,,True
7293,CBF,10,1,0.1,,0.0,,True
7293,UBCF,10,1,0.1,,0.0,,True
7294,CBF,10,1,0.1,,0.0,,True
7294,UBCF,10,1,0.1,,0.0,,True
7295,CBF,10,1,0.1,,0.0,,True
7295,UBCF,10,1,0.1,,0.0,,True
7297,CBF,10,2,0.2,1.851196413912366,1.851196413912366,0.9255982080141867,True
7297,UBCF,10,1,0.1,,0.0,,True
7298,CBF,10,1,0.1,,0.0,,True
7298,UBCF,10,1,0.1,,0.0,,True
7299,CBF,10,1,0.1,,0.0,,True
7299,UBCF,10,1,0.1,,0.0,,True
7300,CBF,10,1,0.1,,0.0,,True
7300,UBCF,10,2,0.2,18.520770095129077,18.520770095129077,9.260386933619406,True
7301,CBF,10,1,0.1,,0.0,,True
7301,UBCF,10,1,0.1,,0.0,,True
7302,CBF,10,4,0.4,30.345555923302857,91.03666776990858,25.772963808258666,True
7302,UBCF,10,1,0.1,,0.0,,True
7303,CBF,10,1,0.1,,0.0,,True
7303,UBCF,10,1,0.1,,0.0,,True
7304,CBF,10,3,0.3,33.20085757433042,66.40171514866084,23.427638132482766,True
7304,UBCF,10,1,0.1,,0.0,,True
7305,CBF,10,4,0.4,26.307480114910078,78.92244034473023,21.63253697404403,True
7305,UBCF,10,1,0.1,,0.0,,True
7306,CBF,10,2,0.2,27.972552036849212,27.972552036849212,13.986278905543603,True
7306,UBCF,10,1,0.1,,0.0,,True
7307,CBF,10,2,0.2,1.5156689175409355,1.5156689175409355,0.7578344591212706,True
7307,UBCF,10,1,0.1,,0.0,,True
7308,CBF,10,2,0.2,33.85474968413719,33.85474968413719,16.92737540235248,True
7308,UBCF,10,1,0.1,,0.0,,True
7309,CBF,10,2,0.2,47.42548488878177,47.42548488878177,23.712758341755357,True
7309,UBCF,10,1,0.1,,0.0,,True
7310,CBF,10,3,0.3,51.71236007998358,103.42472015996717,27.314473332598265,True
7310,UBCF,10,1,0.1,,0.0,,True
7311,CBF,10,1,0.1,,0.0,,True
7311,UBCF,10,1,0.1,,0.0,,True
7312,CBF,10,2,0.2,1.851196413912366,1.851196413912366,0.9255982080141867,True
7312,UBCF,10,2,0.2,37.90428148972095,37.90428148972095,18.95215698491864,True
7313,CBF,10,2,0.2,1.5156689175409355,1.5156689175409355,0.7578344591212706,True
7313,UBCF,10,1,0.1,,0.0,,True
7314,CBF,10,2,0.2,38.54334327738816,38.54334327738816,19.27168404100997,True
7314,UBCF,10,1,0.1,,0.0,,True
7315,CBF,10,1,0.1,,0.0,,True
7315,UBCF,10,1,0.1,,0.0,,True
7316,CBF,10,2,0.2,33.85474968413719,33.85474968413719,16.92737540235248,True
7316,UBCF,10,1,0.1,,0.0,,True
7317,CBF,10,2,0.2,33.307372647861015,33.307372647861015,16.653688974915404,True
7317,UBCF,10,1,0.1,,0.0,,True
7318,CBF,10,1,0.1,,0.0,,True
7318,UBCF,10,1,0.1,,0.0,,True
7319,CBF,10,2,0.2,1.4317359571066377,1.4317359571066377,0.7158679788583666,True
7319,UBCF,10,1,0.1,,0.0,,True
7320,CBF,10,2,0.2,47.42548488878177,47.42548488878177,23.712758341755357,True
7320,UBCF,10,1,0.1,,0.0,,True
7321,CBF,10,1,0.1,,0.0,,True
7321,UBCF,10,1,0.1,,0.0,,True
7322,CBF,10,1,0.1,,0.0,,True
7322,UBCF,10,1,0.1,,0.0,,True
7323,CBF,10,1,0.1,,0.0,,True
7323,UBCF,10,1,0.1,,0.0,,True
7324,CBF,10,1,0.1,,0.0,,True
7324,UBCF,10,1,0.1,,0.0,,True
7325,CBF,10,2,0.2,1.4317359571066377,1.4317359571066377,0.7158679788583666,True
7325,UBCF,10,2,0.2,27.71682110999036,27.71682110999036,13.858413295653234,True
7326,CBF,10,2,0.2,8.412640195690354,8.412640195690354,4.206320154926033,True
7326,UBCF,10,1,0.1,,0.0,,True
7327,CBF,10,1,0.1,,0.0,,True
7327,UBCF,10,1,0.1,,0.0,,True
7328,CBF,10,1,0.1,,0.0,,True
7328,UBCF,10,2,0.2,32.52874473344892,32.52874473344892,16.264373376438158,True
7329,CBF,10,3,0.3,14.569364031562456,29.138728063124912,12.386229006731453,True
7329,UBCF,10,1,0.1,,0.0,,True
7330,CBF,10,1,0.1,,0.0,,True
7330,UBCF,10,1,0.1,,0.0,,True
7332,CBF,10,3,0.3,15.947784385020581,31.895568770041162,13.768542016324474,True
7332,UBCF,10,1,0.1,,0.0,,True
7333,CBF,10,2,0.2,1.4317359571066377,1.4317359571066377,0.7158679788583666,True
7333,UBCF,10,1,0.1,,0.0,,True
7334,CBF,10,1,0.1,,0.0,,True
7334,UBCF,10,3,0.3,16.474935652306847,32.949871304613694,13.236229963103852,True
7335,CBF,10,1,0.1,,0.0,,True
7335,UBCF,10,1,0.1,,0.0,,True
7336,CBF,10,2,0.2,1.4317359571066377,1.4317359571066377,0.7158679788583666,True
7336,UBCF,10,2,0.2,10.351160117462083,10.351160117462083,5.175580061801435,True
7337,CBF,10,2,0.2,28.163648891291636,28.163648891291636,14.081829185081,True
7337,UBCF,10,1,0.1,,0.0,,True
7338,CBF,10,2,0.2,39.68146350068155,39.68146350068155,19.840734382814126,True
7338,UBCF,10,1,0.1,,0.0,,True
7339,CBF,10,3,0.3,9.040842003300511,18.081684006601023,6.629987063134948,True
7339,UBCF,10,1,0.1,,0.0,,True
7340,CBF,10,1,0.1,,0.0,,True
7340,UBCF,10,1,0.1,,0.0,,True
7341,CBF,10,1,0.1,,0.0,,True
7341,UBCF,10,1,0.1,,0.0,,True
7342,CBF,10,3,0.3,8.787898476085292,17.575796952170585,6.855558252398272,True
7342,UBCF,10,1,0.1,,0.0,,True
7343,CBF,10,2,0.2,28.163648891291636,28.163648891291636,14.081829185081,True
7343,UBCF,10,2,0.2,19.380806902927784,19.380806902927784,9.690404897837317,True
7344,CBF,10,4,0.4,22.328899971465518,66.98669991439655,20.997982841365136,True
7344,UBCF,10,1,0.1,,0.0,,True
7345,CBF,10,1,0.1,,0.0,,True
7345,UBCF,10,1,0.1,,0.0,,True
7346,CBF,10,1,0.1,,0.0,,True
7346,UBCF,10,1,0.1,,0.0,,True
7347,CBF,10,3,0.3,16.661937939696955,33.32387587939391,14.670392701795173,True
7347,UBCF,10,1,0.1,,0.0,,True
7348,CBF,10,2,0.2,2.3181081257908294,2.3181081257908294,1.1590540648649006,True
7348,UBCF,10,1,0.1,,0.0,,True
7349,CBF,10,1,0.1,,0.0,,True
7349,UBCF,10,1,0.1,,0.0,,True
7350,CBF,10,4,0.4,19.207387241132025,57.622161723396076,16.083995679345115,True
7350,UBCF,10,1,0.1,,0.0,,True
7351,CBF,10,2,0.2,34.458757929551,34.458757929551,17.229385228727526,True
7351,UBCF,10,1,0.1,,0.0,,True
7352,CBF,10,1,0.1,,0.0,,True
7352,UBCF,10,1,0.1,,0.0,,True
7353,CBF,10,2,0.2,27.972552036849212,27.972552036849212,13.986278905543603,True
7353,UBCF,10,1,0.1,,0.0,,True
7354,CBF,10,2,0.2,27.972552036849212,27.972552036849212,13.986278905543603,True
7354,UBCF,10,1,0.1,,0.0,,True
7355,CBF,10,1,0.1,,0.0,,True
7355,UBCF,10,1,0.1,,0.0,,True
7356,CBF,10,1,0.1,,0.0,,True
7356,UBCF,10,1,0.1,,0.0,,True
7357,CBF,10,4,0.4,39.85718179454282,119.57154538362846,25.65059302720848,True
7357,UBCF,10,1,0.1,,0.0,,True
7358,CBF,10,2,0.2,16.36414581336663,16.36414581336663,8.182073605008515,True
7358,UBCF,10,1,0.1,,0.0,,True
7359,CBF,10,1,0.1,,0.0,,True
7359,UBCF,10,1,0.1,,0.0,,True
7360,CBF,10,4,0.4,26.7243388864777,80.1730166594331,20.997982841365136,True
7360,UBCF,10,1,0.1,,0.0,,True
7361,CBF,10,2,0.2,0.618187081322193,0.618187081322193,0.3090935406794648,True
7361,UBCF,10,1,0.1,,0.0,,True
7362,CBF,10,1,0.1,,0.0,,True
7362,UBCF,10,1,0.1,,0.0,,True
7363,CBF,10,2,0.2,1.5156689175409355,1.5156689175409355,0.7578344591212706,True
7363,UBCF,10,1,0.1,,0.0,,True
7364,CBF,10,2,0.2,2.6246697285235707,2.6246697285235707,1.3123348672388802,True
7364,UBCF,10,1,0.1,,0.0,,True
7365,CBF,10,1,0.1,,0.0,,True
7365,UBCF,10,1,0.1,,0.0,,True
7366,CBF,10,1,0.1,,0.0,,True
7366,UBCF,10,1,0.1,,0.0,,True
7367,CBF,10,2,0.2,27.972552036849212,27.972552036849212,13.986278905543603,True
7367,UBCF,10,1,0.1,,0.0,,True
7368,CBF,10,1,0.1,,0.0,,True
7368,UBCF,10,1,0.1,,0.0,,True
7369,CBF,10,2,0.2,28.163648891291636,28.163648891291636,14.081829185081,True
7369,UBCF,10,1,0.1,,0.0,,True
7370,CBF,10,2,0.2,28.163648891291636,28.163648891291636,14.081829185081,True
7370,UBCF,10,1,0.1,,0.0,,True
7371,CBF,10,4,0.4,21.076747819219893,63.23024345765968,20.997982841365133,True
7371,UBCF,10,1,0.1,,0.0,,True
7372,CBF,10,1,0.1,,0.0,,True
7372,UBCF,10,1,0.1,,0.0,,True
7373,CBF,10,1,0.1,,0.0,,True
7373,UBCF,10,2,0.2,37.90428148972095,37.90428148972095,18.95215698491864,True
7374,CBF,10,1,0.1,,0.0,,True
7374,UBCF,10,1,0.1,,0.0,,True
7375,CBF,10,1,0.1,,0.0,,True
7375,UBCF,10,1,0.1,,0.0,,True
7376,CBF,10,2,0.2,33.67692365322722,33.67692365322722,16.838466700408475,True
7376,UBCF,10,1,0.1,,0.0,,True
7377,CBF,10,2,0.2,28.163648891291636,28.163648891291636,14.081829185081,True
7377,UBCF,10,1,0.1,,0.0,,True
7378,CBF,10,1,0.1,,0.0,,True
7378,UBCF,10,1,0.1,,0.0,,True
7379,CBF,10,2,0.2,33.67692365322722,33.67692365322722,16.838466700408475,True
7379,UBCF,10,2,0.2,37.90428148972095,37.90428148972095,18.95215698491864,True
7380,CBF,10,2,0.2,33.307372647861015,33.307372647861015,16.653688974915404,True
7380,UBCF,10,1,0.1,,0.0,,True
7381,CBF,10,2,0.2,1.4317359571066377,1.4317359571066377,0.7158679788583666,True
7381,UBCF,10,1,0.1,,0.0,,True
7382,CBF,10,2,0.2,38.80813907569703,38.80813907569703,19.404076617634217,True
7382,UBCF,10,1,0.1,,0.0,,True
7383,CBF,10,2,0.2,20.357530189223063,20.357530189223063,10.178765101099387,True
7383,UBCF,10,2,0.2,27.972552036849212,27.972552036849212,13.986278905543603,True
7384,CBF,10,2,0.2,30.609509272558906,30.609509272558906,15.304757029726051,True
7384,UBCF,10,1,0.1,,0.0,,True
7385,CBF,10,2,0.2,33.67692365322722,33.67692365322722,16.838466700408475,True
7385,UBCF,10,1,0.1,,0.0,,True
7386,CBF,10,1,0.1,,0.0,,True
7386,UBCF,10,2,0.2,10.351160117462083,10.351160117462083,5.175580061801435,True
7387,CBF,10,1,0.1,,0.0,,True
7387,UBCF,10,1,0.1,,0.0,,True
7389,CBF,10,2,0.2,19.380806902927784,19.380806902927784,9.690404897837317,True
7389,UBCF,10,2,0.2,10.351160117462083,10.351160117462083,5.175580061801435,True
7390,CBF,10,1,0.1,,0.0,,True
7390,UBCF,10,1,0.1,,0.0,,True
7391,CBF,10,1,0.1,,0.0,,True
7391,UBCF,10,1,0.1,,0.0,,True
7392,CBF,10,1,0.1,,0.0,,True
7392,UBCF,10,1,0.1,,0.0,,True
7393,CBF,10,1,0.1,,0.0,,True
7393,UBCF,10,2,0.2,37.90428148972095,37.90428148972095,18.95215698491864,True
7394,CBF,10,3,0.3,31.429643406844413,62.859286813688826,24.100304972323233,True
7394,UBCF,10,1,0.1,,0.0,,True
7395,CBF,10,1,0.1,,0.0,,True
7395,UBCF,10,2,0.2,27.972552036849212,27.972552036849212,13.986278905543603,True
7396,CBF,10,2,0.2,39.884336960417365,39.884336960417365,19.94216859195539,True
7396,UBCF,10,1,0.1,,0.0,,True
7397,CBF,10,1,0.1,,0.0,,True
7397,UBCF,10,1,0.1,,0.0,,True
7398,CBF,10,1,0.1,,0.0,,True
7398,UBCF,10,1,0.1,,0.0,,True
7399,CBF,10,1,0.1,,0.0,,True
7399,UBCF,10,1,0.1,,0.0,,True
7400,CBF,10,1,0.1,,0.0,,True
7400,UBCF,10,2,0.2,10.351160117462083,10.351160117462083,5.175580061801435,True
7401,CBF,10,2,0.2,33.214895727349095,33.214895727349095,16.60744789747381,True
7401,UBCF,10,1,0.1,,0.0,,True
7402,CBF,10,2,0.2,1.4520848238930628,1.4520848238930628,0.7260424121934375,True
7402,UBCF,10,1,0.1,,0.0,,True
7403,CBF,10,1,0.1,,0.0,,True
7403,UBCF,10,1,0.1,,0.0,,True
7404,CBF,10,1,0.1,,0.0,,True
7404,UBCF,10,1,0.1,,0.0,,True
7405,CBF,10,4,0.4,22.241682820702156,66.72504846210647,20.91186791301194,True
7405,UBCF,10,1,0.1,,0.0,,True
7406,CBF,10,1,0.1,,0.0,,True
7406,UBCF,10,1,0.1,,0.0,,True
7407,CBF,10,1,0.1,,0.0,,True
7407,UBCF,10,1,0.1,,0.0,,True
7408,CBF,10,1,0.1,,0.0,,True
7408,UBCF,10,2,0.2,10.351160117462083,10.351160117462083,5.175580061801435,True
7409,CBF,10,1,0.1,,0.0,,True
7409,UBCF,10,1,0.1,,0.0,,True
7410,CBF,10,1,0.1,,0.0,,True
7410,UBCF,10,1,0.1,,0.0,,True
7411,CBF,10,1,0.1,,0.0,,True
7411,UBCF,10,1,0.1,,0.0,,True
7412,CBF,10,1,0.1,,0.0,,True
7412,UBCF,10,1,0.1,,0.0,,True
7413,CBF,10,2,0.2,28.163648891291636,28.163648891291636,14.081829185081,True
7413,UBCF,10,1,0.1,,0.0,,True
7414,CBF,10,2,0.2,28.163648891291636,28.163648891291636,14.081829185081,True
7414,UBCF,10,1,0.1,,0.0,,True
7415,CBF,10,2,0.2,32.70568879807172,32.70568879807172,16.352846904750777,True
7415,UBCF,10,1,0.1,,0.0,,True
7416,CBF,10,2,0.2,1.5431923121318396,1.5431923121318396,0.7715961563145184,True
7416,UBCF,10,1,0.1,,0.0,,True
7417,CBF,10,2,0.2,28.163648891291636,28.163648891291636,14.081829185081,True
7417,UBCF,10,1,0.1,,0.0,,True
7419,CBF,10,1,0.1,,0.0,,True
7419,UBCF,10,1,0.1,,0.0,,True
7420,CBF,10,1,0.1,,0.0,,True
7420,UBCF,10,1,0.1,,0.0,,True
7421,CBF,10,1,0.1,,0.0,,True
7421,UBCF,10,1,0.1,,0.0,,True
7422,CBF,10,2,0.2,28.163648891291636,28.163648891291636,14.081829185081,True
7422,UBCF,10,1,0.1,,0.0,,True
7423,CBF,10,3,0.3,39.05328904591443,78.10657809182887,22.70958043158625,True
7423,UBCF,10,1,0.1,,0.0,,True
7424,CBF,10,2,0.2,1.5156689175409355,1.5156689175409355,0.7578344591212706,True
7424,UBCF,10,1,0.1,,0.0,,True
7425,CBF,10,2,0.2,0.618187081322193,0.618187081322193,0.3090935406794648,True
7425,UBCF,10,1,0.1,,0.0,,True
7426,CBF,10,2,0.2,39.89544829710059,39.89544829710059,19.947732443611972,True
7426,UBCF,10,1,0.1,,0.0,,True
7427,CBF,10,2,0.2,29.15869940542207,29.15869940542207,14.579355363761266,True
7427,UBCF,10,1,0.1,,0.0,,True
7428,CBF,10,4,0.4,26.7243388864777,80.1730166594331,20.997982841365136,True
7428,UBCF,10,1,0.1,,0.0,,True
7429,CBF,10,2,0.2,7.90812379907292,7.90812379907292,3.954061946399003,True
7429,UBCF,10,1,0.1,,0.0,,True
7430,CBF,10,2,0.2,43.50817815473331,43.50817815473331,21.754100831478382,True
7430,UBCF,10,1,0.1,,0.0,,True
7431,CBF,10,1,0.1,,0.0,,True
7431,UBCF,10,1,0.1,,0.0,,True
7432,CBF,10,2,0.2,27.972552036849212,27.972552036849212,13.986278905543603,True
7432,UBCF,10,1,0.1,,0.0,,True
7433,CBF,10,1,0.1,,0.0,,True
7433,UBCF,10,1,0.1,,0.0,,True
7434,CBF,10,1,0.1,,0.0,,True
7434,UBCF,10,1,0.1,,0.0,,True
7435,CBF,10,1,0.1,,0.0,,True
7435,UBCF,10,2,0.2,37.90428148972095,37.90428148972095,18.95215698491864,True
7436,CBF,10,2,0.2,6.681125490125292,6.681125490125292,3.3405628053226177,True
7436,UBCF,10,1,0.1,,0.0,,True
7437,CBF,10,1,0.1,,0.0,,True
7437,UBCF,10,1,0.1,,0.0,,True
7438,CBF,10,1,0.1,,0.0,,True
7438,UBCF,10,1,0.1,,0.0,,True
7439,CBF,10,2,0.2,28.163648891291636,28.163648891291636,14.081829185081,True
7439,UBCF,10,1,0.1,,0.0,,True
7440,CBF,10,1,0.1,,0.0,,True
7440,UBCF,10,2,0.2,10.351160117462083,10.351160117462083,5.175580061801435,True
7441,CBF,10,2,0.2,39.245429755089575,39.245429755089575,19.622723579412103,True
7441,UBCF,10,1,0.1,,0.0,,True
7442,CBF,10,2,0.2,28.163648891291636,28.163648891291636,14.081829185081,True
7442,UBCF,10,1,0.1,,0.0,,True
7443,CBF,10,2,0.2,43.262588299701214,43.262588299701214,21.631301429361923,True
7443,UBCF,10,2,0.2,37.90428148972095,37.90428148972095,18.95215698491864,True
7444,CBF,10,1,0.1,,0.0,,True
7444,UBCF,10,1,0.1,,0.0,,True
7445,CBF,10,1,0.1,,0.0,,True
7445,UBCF,10,2,0.2,11.757678681644178,11.757678681644178,5.8788398614513016,True
7446,CBF,10,4,0.4,31.996338175154367,95.9890145254631,25.772963808258666,True
7446,UBCF,10,2,0.2,42.31944671414057,42.31944671414057,21.159730993153076,True
7447,CBF,10,1,0.1,,0.0,,True
7447,UBCF,10,1,0.1,,0.0,,True
7448,CBF,10,2,0.2,3.8420770056466425,3.8420770056466425,1.9210385080692607,True
7448,UBCF,10,1,0.1,,0.0,,True
7449,CBF,10,2,0.2,1.5431923121318396,1.5431923121318396,0.7715961563145184,True
7449,UBCF,10,1,0.1,,0.0,,True
7450,CBF,10,2,0.2,44.11069676254514,44.11069676254514,22.055355405612943,True
7450,UBCF,10,1,0.1,,0.0,,True
7451,CBF,10,1,0.1,,0.0,,True
7451,UBCF,10,2,0.2,19.380806902927784,19.380806902927784,9.690404897837317,True
7452,CBF,10,1,0.1,,0.0,,True
7452,UBCF,10,1,0.1,,0.0,,True
7453,CBF,10,1,0.1,,0.0,,True
7453,UBCF,10,2,0.2,10.351160117462083,10.351160117462083,5.175580061801435,True
7454,CBF,10,1,0.1,,0.0,,True
7454,UBCF,10,1,0.1,,0.0,,True
7455,CBF,10,2,0.2,1.5431923121318396,1.5431923121318396,0.7715961563145184,True
7455,UBCF,10,1,0.1,,0.0,,True
7456,CBF,10,2,0.2,39.131166621556076,39.131166621556076,19.565591509610922,True
7456,UBCF,10,1,0.1,,0.0,,True
7457,CBF,10,1,0.1,,0.0,,True
7457,UBCF,10,1,0.1,,0.0,,True
7458,CBF,10,1,0.1,,0.0,,True
7458,UBCF,10,1,0.1,,0.0,,True
7459,CBF,10,2,0.2,1.5156689175409355,1.5156689175409355,0.7578344591212706,True
7459,UBCF,10,1,0.1,,0.0,,True
7460,CBF,10,2,0.2,1.4317359571066377,1.4317359571066377,0.7158679788583666,True
7460,UBCF,10,1,0.1,,0.0,,True
7461,CBF,10,2,0.2,1.5156689175409355,1.5156689175409355,0.7578344591212706,True
7461,UBCF,10,1,0.1,,0.0,,True
7462,CBF,10,3,0.3,14.647833113209,29.295666226418,9.999311354898163,True
7462,UBCF,10,2,0.2,32.52874473344892,32.52874473344892,16.264373376438158,True
7464,CBF,10,4,0.4,22.267102957007964,66.80130887102389,22.047786843926982,True
7464,UBCF,10,1,0.1,,0.0,,True
7465,CBF,10,2,0.2,27.972552036849212,27.972552036849212,13.986278905543603,True
7465,UBCF,10,1,0.1,,0.0,,True
7466,CBF,10,1,0.1,,0.0,,True
7466,UBCF,10,1,0.1,,0.0,,True
7467,CBF,10,2,0.2,19.380806902927784,19.380806902927784,9.690404897837317,True
7467,UBCF,10,1,0.1,,0.0,,True
7468,CBF,10,1,0.1,,0.0,,True
7468,UBCF,10,1,0.1,,0.0,,True
7469,CBF,10,1,0.1,,0.0,,True
7469,UBCF,10,1,0.1,,0.0,,True
7470,CBF,10,1,0.1,,0.0,,True
7470,UBCF,10,1,0.1,,0.0,,True
7471,CBF,10,2,0.2,1.5431923121318396,1.5431923121318396,0.7715961563145184,True
7471,UBCF,10,1,0.1,,0.0,,True
7472,CBF,10,3,0.3,29.741831496078074,59.48366299215615,22.03639370655,True
7472,UBCF,10,1,0.1,,0.0,,True
7473,CBF,10,1,0.1,,0.0,,True
7473,UBCF,10,1,0.1,,0.0,,True
7474,CBF,10,2,0.2,1.5431923121318396,1.5431923121318396,0.7715961563145184,True
7474,UBCF,10,1,0.1,,0.0,,True
7475,CBF,10,3,0.3,38.018461444091116,76.03692288818223,24.94602623208985,True
7475,UBCF,10,1,0.1,,0.0,,True
7476,CBF,10,1,0.1,,0.0,,True
7476,UBCF,10,1,0.1,,0.0,,True
7477,CBF,10,2,0.2,1.4317359571066377,1.4317359571066377,0.7158679788583666,True
7477,UBCF,10,1,0.1,,0.0,,True
7478,CBF,10,3,0.3,19.86916854607542,39.73833709215084,13.812411814634183,True
7478,UBCF,10,1,0.1,,0.0,,True
7479,CBF,10,3,0.3,29.253961518229833,58.507923036459665,21.212851599467935,True
7479,UBCF,10,1,0.1,,0.0,,True
7480,CBF,10,1,0.1,,0.0,,True
7480,UBCF,10,1,0.1,,0.0,,True
7481,CBF,10,1,0.1,,0.0,,True
7481,UBCF,10,1,0.1,,0.0,,True
7483,CBF,10,2,0.2,43.262588299701214,43.262588299701214,21.631301429361923,True
7483,UBCF,10,1,0.1,,0.0,,True
7484,CBF,10,1,0.1,,0.0,,True
7484,UBCF,10,1,0.1,,0.0,,True
7485,CBF,10,1,0.1,,0.0,,True
7485,UBCF,10,1,0.1,,0.0,,True
7486,CBF,10,2,0.2,2.3181081257908294,2.3181081257908294,1.1590540648649006,True
7486,UBCF,10,1,0.1,,0.0,,True
7487,CBF,10,2,0.2,28.163648891291636,28.163648891291636,14.081829185081,True
7487,UBCF,10,1,0.1,,0.0,,True
7488,CBF,10,2,0.2,27.972552036849212,27.972552036849212,13.986278905543603,True
7488,UBCF,10,1,0.1,,0.0,,True
7489,CBF,10,4,0.4,29.358089694600228,88.07426908380069,20.806901713499663,True
7489,UBCF,10,1,0.1,,0.0,,True
7490,CBF,10,2,0.2,27.972552036849212,27.972552036849212,13.986278905543603,True
7490,UBCF,10,1,0.1,,0.0,,True
7491,CBF,10,1,0.1,,0.0,,True
7491,UBCF,10,1,0.1,,0.0,,True
7492,CBF,10,2,0.2,47.42548488878177,47.42548488878177,23.712758341755357,True
7492,UBCF,10,1,0.1,,0.0,,True
7494,CBF,10,1,0.1,,0.0,,True
7494,UBCF,10,1,0.1,,0.0,,True
7495,CBF,10,2,0.2,8.492806526192252,8.492806526192252,4.246403326945568,True
7495,UBCF,10,2,0.2,31.43542951846135,31.43542951846135,15.717719488393843,True
7496,CBF,10,2,0.2,8.966796178516137,8.966796178516137,4.483398160676603,True
7496,UBCF,10,2,0.2,43.06789496829618,43.06789496829618,21.53394824722954,True
7497,CBF,10,2,0.2,39.131166621556076,39.131166621556076,19.565591509610922,True
7497,UBCF,10,1,0.1,,0.0,,True
7498,CBF,10,1,0.1,,0.0,,True
7498,UBCF,10,1,0.1,,0.0,,True
7499,CBF,10,2,0.2,27.972552036849212,27.972552036849212,13.986278905543603,True
7499,UBCF,10,1,0.1,,0.0,,True
7500,CBF,10,2,0.2,1.5156689175409355,1.5156689175409355,0.7578344591212706,True
7500,UBCF,10,1,0.1,,0.0,,True
7501,CBF,10,2,0.2,39.884336960417365,39.884336960417365,19.94216859195539,True
7501,UBCF,10,1,0.1,,0.0,,True
7502,CBF,10,1,0.1,,0.0,,True
7502,UBCF,10,1,0.1,,0.0,,True
7503,CBF,10,2,0.2,39.68146350068155,39.68146350068155,19.840734382814126,True
7503,UBCF,10,1,0.1,,0.0,,True
7504,CBF,10,2,0.2,39.245429755089575,39.245429755089575,19.622723579412103,True
7504,UBCF,10,2,0.2,10.351160117462083,10.351160117462083,5.175580061801435,True
7505,CBF,10,2,0.2,15.331600980045696,15.331600980045696,7.665801087987717,True
7505,UBCF,10,1,0.1,,0.0,,True
7506,CBF,10,2,0.2,1.4317359571066377,1.4317359571066377,0.7158679788583666,True
7506,UBCF,10,1,0.1,,0.0,,True
7507,CBF,10,2,0.2,28.163648891291636,28.163648891291636,14.081829185081,True
7507,UBCF,10,1,0.1,,0.0,,True
7508,CBF,10,3,0.3,38.018461444091116,76.03692288818223,24.94602623208985,True
7508,UBCF,10,1,0.1,,0.0,,True
7509,CBF,10,2,0.2,28.163648891291636,28.163648891291636,14.081829185081,True
7509,UBCF,10,1,0.1,,0.0,,True
7510,CBF,10,3,0.3,22.250335091044132,44.500670182088264,17.498108568354787,True
7510,UBCF,10,1,0.1,,0.0,,True
7511,CBF,10,1,0.1,,0.0,,True
7511,UBCF,10,2,0.2,10.351160117462083,10.351160117462083,5.175580061801435,True
7512,CBF,10,1,0.1,,0.0,,True
7512,UBCF,10,1,0.1,,0.0,,True
7513,CBF,10,1,0.1,,0.0,,True
7513,UBCF,10,1,0.1,,0.0,,True
7514,CBF,10,2,0.2,8.966796178516137,8.966796178516137,4.483398160676603,True
7514,UBCF,10,1,0.1,,0.0,,True
7515,CBF,10,2,0.2,39.884336960417365,39.884336960417365,19.94216859195539,True
7515,UBCF,10,1,0.1,,0.0,,True
7516,CBF,10,2,0.2,7.90812379907292,7.90812379907292,3.954061946399003,True
7516,UBCF,10,1,0.1,,0.0,,True
7517,CBF,10,1,0.1,,0.0,,True
7517,UBCF,10,2,0.2,10.351160117462083,10.351160117462083,5.175580061801435,True
7518,CBF,10,1,0.1,,0.0,,True
7518,UBCF,10,1,0.1,,0.0,,True
7519,CBF,10,2,0.2,29.15869940542207,29.15869940542207,14.579355363761266,True
7519,UBCF,10,1,0.1,,0.0,,True
7520,CBF,10,1,0.1,,0.0,,True
7520,UBCF,10,1,0.1,,0.0,,True
7521,CBF,10,2,0.2,38.97541147027279,38.97541147027279,19.487708880396617,True
7521,UBCF,10,1,0.1,,0.0,,True
7522,CBF,10,2,0.2,8.412640195690354,8.412640195690354,4.206320154926033,True
7522,UBCF,10,1,0.1,,0.0,,True
7523,CBF,10,4,0.4,24.26879120585869,72.80637361757607,22.14821114908868,True
7523,UBCF,10,1,0.1,,0.0,,True
7524,CBF,10,4,0.4,46.858762792641805,140.5762883779254,29.02611849431097,True
7524,UBCF,10,1,0.1,,0.0,,True
7525,CBF,10,2,0.2,1.4520848238930628,1.4520848238930628,0.7260424121934375,True
7525,UBCF,10,2,0.2,27.972552036849212,27.972552036849212,13.986278905543603,True
7526,CBF,10,2,0.2,38.54334327738816,38.54334327738816,19.27168404100997,True
7526,UBCF,10,1,0.1,,0.0,,True
7527,CBF,10,1,0.1,,0.0,,True
7527,UBCF,10,1,0.1,,0.0,,True
7528,CBF,10,3,0.3,26.989626643317226,53.97925328663445,18.94670460068965,True
7528,UBCF,10,1,0.1,,0.0,,True
7529,CBF,10,2,0.2,1.4317359571066377,1.4317359571066377,0.7158679788583666,True
7529,UBCF,10,1,0.1,,0.0,,True
7530,CBF,10,3,0.3,16.00286294846914,32.00572589693828,12.498526438558054,True
7530,UBCF,10,1,0.1,,0.0,,True
7531,CBF,10,1,0.1,,0.0,,True
7531,UBCF,10,1,0.1,,0.0,,True
7532,CBF,10,2,0.2,42.58985072810587,42.58985072810587,21.294941911813737,True
7532,UBCF,10,1,0.1,,0.0,,True
7533,CBF,10,2,0.2,27.972552036849212,27.972552036849212,13.986278905543603,True
7533,UBCF,10,1,0.1,,0.0,,True
7534,CBF,10,2,0.2,39.884336960417365,39.884336960417365,19.94216859195539,True
7534,UBCF,10,1,0.1,,0.0,,True
7535,CBF,10,1,0.1,,0.0,,True
7535,UBCF,10,1,0.1,,0.0,,True
7536,CBF,10,1,0.1,,0.0,,True
7536,UBCF,10,2,0.2,37.90428148972095,37.90428148972095,18.95215698491864,True
7537,CBF,10,4,0.4,22.328899971465518,66.98669991439655,20.997982841365136,True
7537,UBCF,10,1,0.1,,0.0,,True
7538,CBF,10,2,0.2,28.163648891291636,28.163648891291636,14.081829185081,True
7538,UBCF,10,2,0.2,10.351160117462083,10.351160117462083,5.175580061801435,True
7539,CBF,10,3,0.3,29.551415178475974,59.10283035695195,23.225886950306606,True
7539,UBCF,10,1,0.1,,0.0,,True
7540,CBF,10,2,0.2,27.972552036849212,27.972552036849212,13.986278905543603,True
7540,UBCF,10,2,0.2,10.351160117462083,10.351160117462083,5.175580061801435,True
7541,CBF,10,4,0.4,8.450340451133783,25.35102135340135,6.053342118066845,True
7541,UBCF,10,1,0.1,,0.0,,True
7542,CBF,10,2,0.2,1.5431923121318396,1.5431923121318396,0.7715961563145184,True
7542,UBCF,10,2,0.2,19.380806902927784,19.380806902927784,9.690404897837317,True
7543,CBF,10,2,0.2,47.2414129928528,47.2414129928528,23.620708478911823,True
7543,UBCF,10,1,0.1,,0.0,,True
7544,CBF,10,1,0.1,,0.0,,True
7544,UBCF,10,1,0.1,,0.0,,True
7546,CBF,10,2,0.2,33.307372647861015,33.307372647861015,16.653688974915404,True
7546,UBCF,10,1,0.1,,0.0,,True
7547,CBF,10,2,0.2,1.4317359571066377,1.4317359571066377,0.7158679788583666,True
7547,UBCF,10,1,0.1,,0.0,,True
7548,CBF,10,3,0.3,15.733591411112258,31.467182822224515,12.498526438558054,True
7548,UBCF,10,2,0.2,37.90428148972095,37.90428148972095,18.95215698491864,True
7550,CBF,10,2,0.2,39.884336960417365,39.884336960417365,19.94216859195539,True
7550,UBCF,10,1,0.1,,0.0,,True
7551,CBF,10,1,0.1,,0.0,,True
7551,UBCF,10,2,0.2,32.156236140329234,32.156236140329234,16.078123042774006,True
7552,CBF,10,2,0.2,27.972552036849212,27.972552036849212,13.986278905543603,True
7552,UBCF,10,1,0.1,,0.0,,True
7553,CBF,10,1,0.1,,0.0,,True
7553,UBCF,10,1,0.1,,0.0,,True
7554,CBF,10,1,0.1,,0.0,,True
7554,UBCF,10,1,0.1,,0.0,,True
7555,CBF,10,2,0.2,35.047699610959974,35.047699610959974,17.52385828960975,True
7555,UBCF,10,1,0.1,,0.0,,True
7556,CBF,10,2,0.2,39.131166621556076,39.131166621556076,19.565591509610922,True
7556,UBCF,10,1,0.1,,0.0,,True
7557,CBF,10,1,0.1,,0.0,,True
7557,UBCF,10,1,0.1,,0.0,,True
7558,CBF,10,2,0.2,1.5431923121318396,1.5431923121318396,0.7715961563145184,True
7558,UBCF,10,1,0.1,,0.0,,True
7559,CBF,10,3,0.3,8.787898476085292,17.575796952170585,6.855558252398129,True
7559,UBCF,10,1,0.1,,0.0,,True
7561,CBF,10,2,0.2,28.163648891291636,28.163648891291636,14.081829185081,True
7561,UBCF,10,1,0.1,,0.0,,True
7562,CBF,10,1,0.1,,0.0,,True
7562,UBCF,10,1,0.1,,0.0,,True
7563,CBF,10,2,0.2,28.163648891291636,28.163648891291636,14.081829185081,True
7563,UBCF,10,2,0.2,19.380806902927784,19.380806902927784,9.690404897837317,True
7564,CBF,10,3,0.3,34.73462434054716,69.46924868109431,24.100495980288414,True
7564,UBCF,10,1,0.1,,0.0,,True
7565,CBF,10,2,0.2,42.58985072810587,42.58985072810587,21.294941911813737,True
7565,UBCF,10,1,0.1,,0.0,,True
7566,CBF,10,1,0.1,,0.0,,True
7566,UBCF,10,1,0.1,,0.0,,True
7567,CBF,10,2,0.2,43.262588299701214,43.262588299701214,21.631301429361923,True
7567,UBCF,10,1,0.1,,0.0,,True
7568,CBF,10,2,0.2,29.15869940542207,29.15869940542207,14.579355363761266,True
7568,UBCF,10,2,0.2,10.351160117462083,10.351160117462083,5.175580061801435,True
7569,CBF,10,2,0.2,1.4317359571066377,1.4317359571066377,0.7158679788583666,True
7569,UBCF,10,3,0.3,34.57603632648781,69.15207265297562,24.390092677772042,True
7570,CBF,10,1,0.1,,0.0,,True
7570,UBCF,10,1,0.1,,0.0,,True
7571,CBF,10,2,0.2,11.749728398231753,11.749728398231753,5.874864397864018,True
7571,UBCF,10,1,0.1,,0.0,,True
7572,CBF,10,2,0.2,18.063673535690604,18.063673535690604,9.031838163077367,True
7572,UBCF,10,1,0.1,,0.0,,True
7573,CBF,10,2,0.2,6.681125490125292,6.681125490125292,3.3405628053226177,True
7573,UBCF,10,1,0.1,,0.0,,True
7574,CBF,10,1,0.1,,0.0,,True
7574,UBCF,10,1,0.1,,0.0,,True
7575,CBF,10,2,0.2,19.802199491474596,19.802199491474596,9.901100073718258,True
7575,UBCF,10,1,0.1,,0.0,,True
7576,CBF,10,2,0.2,27.972552036849212,27.972552036849212,13.986278905543603,True
7576,UBCF,10,1,0.1,,0.0,,True
7577,CBF,10,2,0.2,8.412640195690354,8.412640195690354,4.206320154926033,True
7577,UBCF,10,1,0.1,,0.0,,True
7578,CBF,10,1,0.1,,0.0,,True
7578,UBCF,10,1,0.1,,0.0,,True
7579,CBF,10,1,0.1,,0.0,,True
7579,UBCF,10,1,0.1,,0.0,,True
7580,CBF,10,2,0.2,1.5431923121318396,1.5431923121318396,0.7715961563145184,True
7580,UBCF,10,2,0.2,20.56227028829262,20.56227028829262,10.281135193399617,True
7581,CBF,10,2,0.2,44.043098921516695,44.043098921516695,22.021574849216485,True
7581,UBCF,10,1,0.1,,0.0,,True
7582,CBF,10,2,0.2,27.972552036849212,27.972552036849212,13.986278905543603,True
7582,UBCF,10,1,0.1,,0.0,,True
7583,CBF,10,2,0.2,1.5156689175409355,1.5156689175409355,0.7578344591212706,True
7583,UBCF,10,1,0.1,,0.0,,True
7584,CBF,10,1,0.1,,0.0,,True
7584,UBCF,10,1,0.1,,0.0,,True
7585,CBF,10,2,0.2,39.131166621556076,39.131166621556076,19.565591509610922,True
7585,UBCF,10,1,0.1,,0.0,,True
7586,CBF,10,2,0.2,37.90428148972095,37.90428148972095,18.95215698491864,True
7586,UBCF,10,1,0.1,,0.0,,True
7587,CBF,10,1,0.1,,0.0,,True
7587,UBCF,10,1,0.1,,0.0,,True
7588,CBF,10,4,0.4,21.076747819219893,63.23024345765968,20.997982841365136,True
7588,UBCF,10,1,0.1,,0.0,,True
7589,CBF,10,1,0.1,,0.0,,True
7589,UBCF,10,1,0.1,,0.0,,True
7590,CBF,10,2,0.2,31.35401553770087,31.35401553770087,15.677013546193354,True
7590,UBCF,10,1,0.1,,0.0,,True
7591,CBF,10,1,0.1,,0.0,,True
7591,UBCF,10,1,0.1,,0.0,,True
7592,CBF,10,2,0.2,32.70568879807172,32.70568879807172,16.352846904750777,True
7592,UBCF,10,1,0.1,,0.0,,True
7593,CBF,10,4,0.4,22.328899971465518,66.98669991439655,20.997982841365136,True
7593,UBCF,10,1,0.1,,0.0,,True
7594,CBF,10,3,0.3,8.787898476085292,17.575796952170585,6.855558252398272,True
7594,UBCF,10,1,0.1,,0.0,,True
7595,CBF,10,1,0.1,,0.0,,True
7595,UBCF,10,1,0.1,,0.0,,True
7596,CBF,10,2,0.2,27.972552036849212,27.972552036849212,13.986278905543603,True
7596,UBCF,10,1,0.1,,0.0,,True
7597,CBF,10,1,0.1,,0.0,,True
7597,UBCF,10,1,0.1,,0.0,,True
7598,CBF,10,2,0.2,1.4317359571066377,1.4317359571066377,0.7158679788583666,True
7598,UBCF,10,1,0.1,,0.0,,True
7599,CBF,10,2,0.2,28.163648891291636,28.163648891291636,14.081829185081,True
7599,UBCF,10,1,0.1,,0.0,,True
7600,CBF,10,4,0.4,40.448166937520526,121.34450081256158,21.63253697404369,True
7600,UBCF,10,1,0.1,,0.0,,True
7601,CBF,10,2,0.2,29.15869940542207,29.15869940542207,14.579355363761266,True
7601,UBCF,10,1,0.1,,0.0,,True
7602,CBF,10,2,0.2,28.163648891291636,28.163648891291636,14.081829185081,True
7602,UBCF,10,1,0.1,,0.0,,True
7603,CBF,10,2,0.2,27.972552036849212,27.972552036849212,13.986278905543603,True
7603,UBCF,10,1,0.1,,0.0,,True
7604,CBF,10,1,0.1,,0.0,,True
7604,UBCF,10,1,0.1,,0.0,,True
7605,CBF,10,1,0.1,,0.0,,True
7605,UBCF,10,1,0.1,,0.0,,True
7606,CBF,10,2,0.2,27.972552036849212,27.972552036849212,13.986278905543603,True
7606,UBCF,10,1,0.1,,0.0,,True
7607,CBF,10,1,0.1,,0.0,,True
7607,UBCF,10,1,0.1,,0.0,,True
7608,CBF,10,3,0.3,12.830655212541107,25.661310425082213,7.505223390028394,True
7608,UBCF,10,1,0.1,,0.0,,True
7609,CBF,10,1,0.1,,0.0,,True
7609,UBCF,10,1,0.1,,0.0,,True
7610,CBF,10,2,0.2,28.163648891291636,28.163648891291636,14.081829185081,True
7610,UBCF,10,1,0.1,,0.0,,True
7611,CBF,10,1,0.1,,0.0,,True
7611,UBCF,10,1,0.1,,0.0,,True
7612,CBF,10,2,0.2,19.380806902927784,19.380806902927784,9.690404897837317,True
7612,UBCF,10,1,0.1,,0.0,,True
7613,CBF,10,1,0.1,,0.0,,True
7613,UBCF,10,2,0.2,6.324005324956843,6.324005324956843,3.162002681399092,True
7614,CBF,10,2,0.2,1.4317359571066377,1.4317359571066377,0.7158679788583666,True
7614,UBCF,10,1,0.1,,0.0,,True
7615,CBF,10,2,0.2,27.972552036849212,27.972552036849212,13.986278905543603,True
7615,UBCF,10,1,0.1,,0.0,,True
7616,CBF,10,3,0.3,16.661937939696955,33.32387587939391,14.670392701795173,True
7616,UBCF,10,1,0.1,,0.0,,True
7617,CBF,10,2,0.2,19.32043757409859,19.32043757409859,9.660219798568896,True
7617,UBCF,10,2,0.2,20.56227028829262,20.56227028829262,10.281135193399617,True
7618,CBF,10,2,0.2,28.163648891291636,28.163648891291636,14.081829185081,True
7618,UBCF,10,1,0.1,,0.0,,True
7619,CBF,10,1,0.1,,0.0,,True
7619,UBCF,10,1,0.1,,0.0,,True
7620,CBF,10,2,0.2,1.5156689175409355,1.5156689175409355,0.7578344591212706,True
7620,UBCF,10,2,0.2,37.90428148972095,37.90428148972095,18.95215698491864,True
7621,CBF,10,1,0.1,,0.0,,True
7621,UBCF,10,1,0.1,,0.0,,True
7622,CBF,10,1,0.1,,0.0,,True
7622,UBCF,10,1,0.1,,0.0,,True
7623,CBF,10,1,0.1,,0.0,,True
7623,UBCF,10,1,0.1,,0.0,,True
7624,CBF,10,2,0.2,47.42548488878177,47.42548488878177,23.712758341755357,True
7624,UBCF,10,1,0.1,,0.0,,True
7625,CBF,10,4,0.4,8.450340451133783,25.35102135340135,6.053342118066845,True
7625,UBCF,10,1,0.1,,0.0,,True
7626,CBF,10,1,0.1,,0.0,,True
7626,UBCF,10,1,0.1,,0.0,,True
7627,CBF,10,1,0.1,,0.0,,True
7627,UBCF,10,1,0.1,,0.0,,True
7628,CBF,10,2,0.2,33.307372647861015,33.307372647861015,16.653688974915404,True
7628,UBCF,10,1,0.1,,0.0,,True
7629,CBF,10,2,0.2,47.42548488878177,47.42548488878177,23.712758341755357,True
7629,UBCF,10,1,0.1,,0.0,,True
7630,CBF,10,1,0.1,,0.0,,True
7630,UBCF,10,1,0.1,,0.0,,True
7631,CBF,10,3,0.3,26.528865278077504,53.05773055615501,13.812411814634183,True
7631,UBCF,10,1,0.1,,0.0,,True
7632,CBF,10,2,0.2,28.163648891291636,28.163648891291636,14.081829185081,True
7632,UBCF,10,2,0.2,27.972552036849212,27.972552036849212,13.986278905543603,True
7633,CBF,10,1,0.1,,0.0,,True
7633,UBCF,10,1,0.1,,0.0,,True
7634,CBF,10,3,0.3,1.2937418702284034,2.5874837404568067,1.0857956522152026,True
7634,UBCF,10,1,0.1,,0.0,,True
7635,CBF,10,1,0.1,,0.0,,True
7635,UBCF,10,1,0.1,,0.0,,True
7636,CBF,10,3,0.3,16.962779864591603,33.925559729183206,14.670392701795173,True
7636,UBCF,10,1,0.1,,0.0,,True
7637,CBF,10,3,0.3,8.787898476085292,17.575796952170585,6.855558252398129,True
7637,UBCF,10,1,0.1,,0.0,,True
7638,CBF,10,1,0.1,,0.0,,True
7638,UBCF,10,1,0.1,,0.0,,True
7639,CBF,10,3,0.3,10.66612670445373,21.33225340890746,6.855558252398129,True
7639,UBCF,10,1,0.1,,0.0,,True
7640,CBF,10,2,0.2,13.675201449560733,13.675201449560733,6.837601050980961,True
7640,UBCF,10,1,0.1,,0.0,,True
7641,CBF,10,1,0.1,,0.0,,True
7641,UBCF,10,1,0.1,,0.0,,True
7642,CBF,10,1,0.1,,0.0,,True
7642,UBCF,10,1,0.1,,0.0,,True
7643,CBF,10,4,0.4,21.076747819219893,63.23024345765968,20.997982841365133,True
7643,UBCF,10,2,0.2,33.307372647861015,33.307372647861015,16.653688974915404,True
7644,CBF,10,2,0.2,1.4520848238930628,1.4520848238930628,0.7260424121934375,True
7644,UBCF,10,1,0.1,,0.0,,True
7645,CBF,10,2,0.2,33.67692365322722,33.67692365322722,16.838466700408475,True
7645,UBCF,10,1,0.1,,0.0,,True
7646,CBF,10,1,0.1,,0.0,,True
7646,UBCF,10,1,0.1,,0.0,,True
7647,CBF,10,2,0.2,43.262588299701214,43.262588299701214,21.631301429361923,True
7647,UBCF,10,1,0.1,,0.0,,True
7648,CBF,10,2,0.2,34.44125301573695,34.44125301573695,17.22063329814916,True
7648,UBCF,10,1,0.1,,0.0,,True
7649,CBF,10,1,0.1,,0.0,,True
7649,UBCF,10,1,0.1,,0.0,,True
7650,CBF,10,2,0.2,39.884336960417365,39.884336960417365,19.94216859195539,True
7650,UBCF,10,1,0.1,,0.0,,True
7651,CBF,10,1,0.1,,0.0,,True
7651,UBCF,10,1,0.1,,0.0,,True
7652,CBF,10,3,0.3,10.66612670445373,21.33225340890746,6.855558252398129,True
7652,UBCF,10,1,0.1,,0.0,,True
7653,CBF,10,1,0.1,,0.0,,True
7653,UBCF,10,1,0.1,,0.0,,True
7654,CBF,10,2,0.2,28.163648891291636,28.163648891291636,14.081829185081,True
7654,UBCF,10,1,0.1,,0.0,,True
7655,CBF,10,1,0.1,,0.0,,True
7655,UBCF,10,1,0.1,,0.0,,True
7656,CBF,10,1,0.1,,0.0,,True
7656,UBCF,10,2,0.2,19.380806902927784,19.380806902927784,9.690404897837317,True
7657,CBF,10,3,0.3,22.176741456494614,44.35348291298923,18.84959275822592,True
7657,UBCF,10,1,0.1,,0.0,,True
7658,CBF,10,1,0.1,,0.0,,True
7658,UBCF,10,1,0.1,,0.0,,True
7659,CBF,10,2,0.2,44.6387353025896,44.6387353025896,22.319382584751814,True
7659,UBCF,10,1,0.1,,0.0,,True
7660,CBF,10,2,0.2,42.58985072810587,42.58985072810587,21.294941911813737,True
7660,UBCF,10,1,0.1,,0.0,,True
7661,CBF,10,2,0.2,1.4317359571066377,1.4317359571066377,0.7158679788583666,True
7661,UBCF,10,1,0.1,,0.0,,True
7662,CBF,10,2,0.2,8.966796178516137,8.966796178516137,4.483398160676603,True
7662,UBCF,10,1,0.1,,0.0,,True
7663,CBF,10,1,0.1,,0.0,,True
7663,UBCF,10,2,0.2,45.76874505995922,45.76874505995922,22.88438506416864,True
7664,CBF,10,2,0.2,27.62510581657787,27.62510581657787,13.812557272157129,True
7664,UBCF,10,1,0.1,,0.0,,True
7665,CBF,10,2,0.2,2.3181081257908294,2.3181081257908294,1.1590540648649006,True
7665,UBCF,10,1,0.1,,0.0,,True
7666,CBF,10,1,0.1,,0.0,,True
7666,UBCF,10,1,0.1,,0.0,,True
7667,CBF,10,2,0.2,30.24333887820839,30.24333887820839,15.121672607071922,True
7667,UBCF,10,1,0.1,,0.0,,True
7668,CBF,10,1,0.1,,0.0,,True
7668,UBCF,10,2,0.2,37.90428148972095,37.90428148972095,18.95215698491864,True
7669,CBF,10,1,0.1,,0.0,,True
7669,UBCF,10,1,0.1,,0.0,,True
7670,CBF,10,2,0.2,23.42832637973626,23.42832637973626,11.71416658667128,True
7670,UBCF,10,1,0.1,,0.0,,True
7671,CBF,10,2,0.2,1.5156689175409355,1.5156689175409355,0.7578344591212706,True
7671,UBCF,10,1,0.1,,0.0,,True
7672,CBF,10,1,0.1,,0.0,,True
7672,UBCF,10,1,0.1,,0.0,,True
7673,CBF,10,3,0.3,17.422387190708463,34.844774381416926,13.984483048123929,True
7673,UBCF,10,1,0.1,,0.0,,True
7674,CBF,10,4,0.4,12.44238250605818,37.32714751817454,11.453694160378989,True
7674,UBCF,10,1,0.1,,0.0,,True
7675,CBF,10,2,0.2,1.851196413912366,1.851196413912366,0.9255982080141867,True
7675,UBCF,10,2,0.2,10.351160117462083,10.351160117462083,5.175580061801435,True
7676,CBF,10,4,0.4,8.408161596905684,25.22448479071705,9.168335956807377,True
7676,UBCF,10,1,0.1,,0.0,,True
7677,CBF,10,4,0.4,26.55953048088999,79.67859144266997,19.190306008873637,True
7677,UBCF,10,2,0.2,27.972552036849212,27.972552036849212,13.986278905543603,True
7678,CBF,10,2,0.2,27.972552036849212,27.972552036849212,13.986278905543603,True
7678,UBCF,10,2,0.2,37.90428148972095,37.90428148972095,18.95215698491864,True
7679,CBF,10,1,0.1,,0.0,,True
7679,UBCF,10,1,0.1,,0.0,,True
7680,CBF,10,1,0.1,,0.0,,True
7680,UBCF,10,1,0.1,,0.0,,True
7681,CBF,10,2,0.2,27.972552036849212,27.972552036849212,13.986278905543603,True
7681,UBCF,10,1,0.1,,0.0,,True
7682,CBF,10,1,0.1,,0.0,,True
7682,UBCF,10,1,0.1,,0.0,,True
7683,CBF,10,1,0.1,,0.0,,True
7683,UBCF,10,1,0.1,,0.0,,True
7684,CBF,10,2,0.2,39.68146350068155,39.68146350068155,19.840734382814126,True
7684,UBCF,10,1,0.1,,0.0,,True
7685,CBF,10,1,0.1,,0.0,,True
7685,UBCF,10,1,0.1,,0.0,,True
7686,CBF,10,1,0.1,,0.0,,True
7686,UBCF,10,2,0.2,37.90428148972095,37.90428148972095,18.95215698491864,True
7687,CBF,10,2,0.2,39.131166621556076,39.131166621556076,19.565591509610922,True
7687,UBCF,10,1,0.1,,0.0,,True
7688,CBF,10,2,0.2,27.972552036849212,27.972552036849212,13.986278905543603,True
7688,UBCF,10,1,0.1,,0.0,,True
7689,CBF,10,2,0.2,29.15869940542207,29.15869940542207,14.579355363761266,True
7689,UBCF,10,2,0.2,10.351160117462083,10.351160117462083,5.175580061801435,True
7690,CBF,10,1,0.1,,0.0,,True
7690,UBCF,10,1,0.1,,0.0,,True
7691,CBF,10,1,0.1,,0.0,,True
7691,UBCF,10,1,0.1,,0.0,,True
7692,CBF,10,2,0.2,20.357530189223063,20.357530189223063,10.178765101099387,True
7692,UBCF,10,2,0.2,27.972552036849212,27.972552036849212,13.986278905543603,True
7693,CBF,10,1,0.1,,0.0,,True
7693,UBCF,10,1,0.1,,0.0,,True
7694,CBF,10,3,0.3,33.795821313302895,67.59164262660579,20.73725573373159,True
7694,UBCF,10,2,0.2,31.43542951846135,31.43542951846135,15.717719488393843,True
7695,CBF,10,2,0.2,38.02651668143698,38.02651668143698,19.013258343265747,True
7695,UBCF,10,1,0.1,,0.0,,True
7696,CBF,10,1,0.1,,0.0,,True
7696,UBCF,10,1,0.1,,0.0,,True
7697,CBF,10,3,0.3,17.422387190708463,34.844774381416926,13.984483048123929,True
7697,UBCF,10,1,0.1,,0.0,,True
7698,CBF,10,1,0.1,,0.0,,True
7698,UBCF,10,1,0.1,,0.0,,True
7699,CBF,10,2,0.2,27.972552036849212,27.972552036849212,13.986278905543603,True
7699,UBCF,10,1,0.1,,0.0,,True
7700,CBF,10,2,0.2,43.262588299701214,43.262588299701214,21.631301429361923,True
7700,UBCF,10,1,0.1,,0.0,,True
7701,CBF,10,1,0.1,,0.0,,True
7701,UBCF,10,1,0.1,,0.0,,True
7702,CBF,10,2,0.2,29.15869940542207,29.15869940542207,14.579355363761266,True
7702,UBCF,10,2,0.2,20.56227028829262,20.56227028829262,10.281135193399617,True
7703,CBF,10,2,0.2,1.4317359571066377,1.4317359571066377,0.7158679788583666,True
7703,UBCF,10,1,0.1,,0.0,,True
7704,CBF,10,1,0.1,,0.0,,True
7704,UBCF,10,2,0.2,40.809454731877814,40.809454731877814,20.404728867764554,True
7705,CBF,10,1,0.1,,0.0,,True
7705,UBCF,10,1,0.1,,0.0,,True
7706,CBF,10,1,0.1,,0.0,,True
7706,UBCF,10,1,0.1,,0.0,,True
7707,CBF,10,2,0.2,1.4317359571066377,1.4317359571066377,0.7158679788583666,True
7707,UBCF,10,1,0.1,,0.0,,True
7708,CBF,10,1,0.1,,0.0,,True
7708,UBCF,10,1,0.1,,0.0,,True
7709,CBF,10,2,0.2,33.307372647861015,33.307372647861015,16.653688974915404,True
7709,UBCF,10,2,0.2,32.52874473344892,32.52874473344892,16.264373376438158,True
7710,CBF,10,4,0.4,26.7243388864777,80.1730166594331,20.997982841365136,True
7710,UBCF,10,1,0.1,,0.0,,True
7711,CBF,10,1,0.1,,0.0,,True
7711,UBCF,10,2,0.2,19.380806902927784,19.380806902927784,9.690404897837317,True
7712,CBF,10,1,0.1,,0.0,,True
7712,UBCF,10,1,0.1,,0.0,,True
7713,CBF,10,1,0.1,,0.0,,True
7713,UBCF,10,1,0.1,,0.0,,True
7714,CBF,10,2,0.2,41.72499263458758,41.72499263458758,20.86251744556935,True
7714,UBCF,10,1,0.1,,0.0,,True
7715,CBF,10,1,0.1,,0.0,,True
7715,UBCF,10,2,0.2,37.90428148972095,37.90428148972095,18.95215698491864,True
7716,CBF,10,2,0.2,27.972552036849212,27.972552036849212,13.986278905543603,True
7716,UBCF,10,2,0.2,37.90428148972095,37.90428148972095,18.95215698491864,True
7717,CBF,10,2,0.2,43.07938720561975,43.07938720561975,21.53969449295095,True
7717,UBCF,10,1,0.1,,0.0,,True
7718,CBF,10,2,0.2,0.618187081322193,0.618187081322193,0.3090935406794648,True
7718,UBCF,10,1,0.1,,0.0,,True
7719,CBF,10,2,0.2,27.972552036849212,27.972552036849212,13.986278905543603,True
7719,UBCF,10,1,0.1,,0.0,,True
7720,CBF,10,2,0.2,17.82423193742532,17.82423193742532,8.912116066560213,True
7720,UBCF,10,1,0.1,,0.0,,True
7721,CBF,10,3,0.3,31.429643406844413,62.859286813688826,24.100304972323233,True
7721,UBCF,10,2,0.2,10.351160117462083,10.351160117462083,5.175580061801435,True
7722,CBF,10,1,0.1,,0.0,,True
7722,UBCF,10,1,0.1,,0.0,,True
7723,CBF,10,3,0.3,33.20085757433042,66.40171514866084,23.427638132482766,True
7723,UBCF,10,2,0.2,10.351160117462083,10.351160117462083,5.175580061801435,True
7724,CBF,10,1,0.1,,0.0,,True
7724,UBCF,10,1,0.1,,0.0,,True
7725,CBF,10,2,0.2,1.5431923121318396,1.5431923121318396,0.7715961563145184,True
7725,UBCF,10,1,0.1,,0.0,,True
7726,CBF,10,4,0.4,7.804815206262554,23.414445618787664,7.843387769420114,True
7726,UBCF,10,1,0.1,,0.0,,True
7727,CBF,10,1,0.1,,0.0,,True
7727,UBCF,10,1,0.1,,0.0,,True
7728,CBF,10,1,0.1,,0.0,,True
7728,UBCF,10,1,0.1,,0.0,,True
7729,CBF,10,2,0.2,28.163648891291636,28.163648891291636,14.081829185081,True
7729,UBCF,10,1,0.1,,0.0,,True
7730,CBF,10,1,0.1,,0.0,,True
7730,UBCF,10,1,0.1,,0.0,,True
7731,CBF,10,1,0.1,,0.0,,True
7731,UBCF,10,1,0.1,,0.0,,True
7732,CBF,10,2,0.2,27.972552036849212,27.972552036849212,13.986278905543603,True
7732,UBCF,10,1,0.1,,0.0,,True
7733,CBF,10,2,0.2,17.82423193742532,17.82423193742532,8.912116066560213,True
7733,UBCF,10,1,0.1,,0.0,,True
7734,CBF,10,2,0.2,33.214895727349095,33.214895727349095,16.60744789747381,True
7734,UBCF,10,1,0.1,,0.0,,True
7735,CBF,10,1,0.1,,0.0,,True
7735,UBCF,10,1,0.1,,0.0,,True
7736,CBF,10,2,0.2,39.884336960417365,39.884336960417365,19.94216859195539,True
7736,UBCF,10,1,0.1,,0.0,,True
7737,CBF,10,2,0.2,28.163648891291636,28.163648891291636,14.081829185081,True
7737,UBCF,10,1,0.1,,0.0,,True
7738,CBF,10,1,0.1,,0.0,,True
7738,UBCF,10,1,0.1,,0.0,,True
7739,CBF,10,4,0.4,3.111835537660742,9.335506612982226,2.9798818463123538,True
7739,UBCF,10,1,0.1,,0.0,,True
7740,CBF,10,1,0.1,,0.0,,True
7740,UBCF,10,1,0.1,,0.0,,True
7741,CBF,10,1,0.1,,0.0,,True
7741,UBCF,10,1,0.1,,0.0,,True
7742,CBF,10,3,0.3,51.71236007998358,103.42472015996717,27.314473332598265,True
7742,UBCF,10,1,0.1,,0.0,,True
7743,CBF,10,2,0.2,28.163648891291636,28.163648891291636,14.081829185081,True
7743,UBCF,10,2,0.2,32.52874473344892,32.52874473344892,16.264373376438158,True
7744,CBF,10,2,0.2,0.618187081322193,0.618187081322193,0.3090935406794648,True
7744,UBCF,10,2,0.2,10.351160117462083,10.351160117462083,5.175580061801435,True
7745,CBF,10,1,0.1,,0.0,,True
7745,UBCF,10,2,0.2,27.972552036849212,27.972552036849212,13.986278905543603,True
7746,CBF,10,1,0.1,,0.0,,True
7746,UBCF,10,1,0.1,,0.0,,True
7747,CBF,10,4,0.4,8.930930622061863,26.792791866185592,9.11525090622656,True
7747,UBCF,10,1,0.1,,0.0,,True
7748,CBF,10,1,0.1,,0.0,,True
7748,UBCF,10,1,0.1,,0.0,,True
7749,CBF,10,4,0.4,22.328899971465518,66.98669991439655,20.997982841365136,True
7749,UBCF,10,1,0.1,,0.0,,True
7750,CBF,10,2,0.2,27.972552036849212,27.972552036849212,13.986278905543603,True
7750,UBCF,10,1,0.1,,0.0,,True
7751,CBF,10,2,0.2,1.4520848238930628,1.4520848238930628,0.7260424121934375,True
7751,UBCF,10,1,0.1,,0.0,,True
7752,CBF,10,1,0.1,,0.0,,True
7752,UBCF,10,1,0.1,,0.0,,True
7753,CBF,10,2,0.2,1.4317359571066377,1.4317359571066377,0.7158679788583666,True
7753,UBCF,10,2,0.2,10.351160117462083,10.351160117462083,5.175580061801435,True
7754,CBF,10,2,0.2,1.4317359571066377,1.4317359571066377,0.7158679788583666,True
7754,UBCF,10,1,0.1,,0.0,,True
7755,CBF,10,2,0.2,33.67692365322722,33.67692365322722,16.838466700408475,True
7755,UBCF,10,1,0.1,,0.0,,True
7756,CBF,10,1,0.1,,0.0,,True
7756,UBCF,10,2,0.2,37.90428148972095,37.90428148972095,18.95215698491864,True
7757,CBF,10,1,0.1,,0.0,,True
7757,UBCF,10,2,0.2,10.351160117462083,10.351160117462083,5.175580061801435,True
7758,CBF,10,2,0.2,29.15869940542207,29.15869940542207,14.579355363761266,True
7758,UBCF,10,1,0.1,,0.0,,True
7759,CBF,10,1,0.1,,0.0,,True
7759,UBCF,10,1,0.1,,0.0,,True
7760,CBF,10,3,0.3,51.71236007998358,103.42472015996717,27.314473332598265,True
7760,UBCF,10,1,0.1,,0.0,,True
7761,CBF,10,1,0.1,,0.0,,True
7761,UBCF,10,1,0.1,,0.0,,True
7762,CBF,10,1,0.1,,0.0,,True
7762,UBCF,10,1,0.1,,0.0,,True
7763,CBF,10,1,0.1,,0.0,,True
7763,UBCF,10,1,0.1,,0.0,,True
7764,CBF,10,2,0.2,39.131166621556076,39.131166621556076,19.565591509610922,True
7764,UBCF,10,1,0.1,,0.0,,True
7765,CBF,10,2,0.2,7.90812379907292,7.90812379907292,3.954061946399003,True
7765,UBCF,10,2,0.2,37.90428148972095,37.90428148972095,18.95215698491864,True
7767,CBF,10,1,0.1,,0.0,,True
7767,UBCF,10,1,0.1,,0.0,,True
7768,CBF,10,3,0.3,16.661937939696955,33.32387587939391,14.670392701795173,True
7768,UBCF,10,1,0.1,,0.0,,True
7769,CBF,10,2,0.2,6.681125490125292,6.681125490125292,3.3405628053226177,True
7769,UBCF,10,1,0.1,,0.0,,True
7770,CBF,10,1,0.1,,0.0,,True
7770,UBCF,10,2,0.2,32.52874473344892,32.52874473344892,16.264373376438158,True
7771,CBF,10,1,0.1,,0.0,,True
7771,UBCF,10,1,0.1,,0.0,,True
7772,CBF,10,2,0.2,33.67692365322722,33.67692365322722,16.838466700408475,True
7772,UBCF,10,1,0.1,,0.0,,True
7773,CBF,10,1,0.1,,0.0,,True
7773,UBCF,10,1,0.1,,0.0,,True
7774,CBF,10,1,0.1,,0.0,,True
7774,UBCF,10,2,0.2,32.52874473344892,32.52874473344892,16.264373376438158,True
7775,CBF,10,2,0.2,27.972552036849212,27.972552036849212,13.986278905543603,True
7775,UBCF,10,2,0.2,37.90428148972095,37.90428148972095,18.95215698491864,True
7776,CBF,10,1,0.1,,0.0,,True
7776,UBCF,10,1,0.1,,0.0,,True
7777,CBF,10,2,0.2,1.4317359571066377,1.4317359571066377,0.7158679788583666,True
7777,UBCF,10,1,0.1,,0.0,,True
7778,CBF,10,1,0.1,,0.0,,True
7778,UBCF,10,2,0.2,32.156236140329234,32.156236140329234,16.078123042774006,True
7779,CBF,10,2,0.2,31.35401553770087,31.35401553770087,15.677013546193354,True
7779,UBCF,10,1,0.1,,0.0,,True
7780,CBF,10,2,0.2,1.5431923121318396,1.5431923121318396,0.7715961563145184,True
7780,UBCF,10,2,0.2,32.52874473344892,32.52874473344892,16.264373376438158,True
7781,CBF,10,1,0.1,,0.0,,True
7781,UBCF,10,1,0.1,,0.0,,True
7782,CBF,10,1,0.1,,0.0,,True
7782,UBCF,10,1,0.1,,0.0,,True
7783,CBF,10,2,0.2,39.884336960417365,39.884336960417365,19.94216859195539,True
7783,UBCF,10,1,0.1,,0.0,,True
7784,CBF,10,3,0.3,17.422387190708463,34.844774381416926,13.984483048123929,True
7784,UBCF,10,2,0.2,28.023986357443068,28.023986357443068,14.01199605679436,True
7785,CBF,10,2,0.2,1.4317359571066377,1.4317359571066377,0.7158679788583666,True
7785,UBCF,10,1,0.1,,0.0,,True
7786,CBF,10,2,0.2,27.972552036849212,27.972552036849212,13.986278905543603,True
7786,UBCF,10,1,0.1,,0.0,,True
7787,CBF,10,2,0.2,47.42548488878177,47.42548488878177,23.712758341755357,True
7787,UBCF,10,1,0.1,,0.0,,True
7788,CBF,10,3,0.3,5.2094405012046,10.4188810024092,3.7734193919112045,True
7788,UBCF,10,1,0.1,,0.0,,True
7789,CBF,10,2,0.2,33.307372647861015,33.307372647861015,16.653688974915404,True
7789,UBCF,10,1,0.1,,0.0,,True
7790,CBF,10,1,0.1,,0.0,,True
7790,UBCF,10,1,0.1,,0.0,,True
7791,CBF,10,1,0.1,,0.0,,True
7791,UBCF,10,1,0.1,,0.0,,True
7792,CBF,10,1,0.1,,0.0,,True
7792,UBCF,10,1,0.1,,0.0,,True
7793,CBF,10,1,0.1,,0.0,,True
7793,UBCF,10,2,0.2,31.43542951846135,31.43542951846135,15.717719488393843,True
7794,CBF,10,2,0.2,28.163648891291636,28.163648891291636,14.081829185081,True
7794,UBCF,10,1,0.1,,0.0,,True
7795,CBF,10,2,0.2,39.68146350068155,39.68146350068155,19.840734382814126,True
7795,UBCF,10,1,0.1,,0.0,,True
7796,CBF,10,2,0.2,37.90428148972095,37.90428148972095,18.95215698491864,True
7796,UBCF,10,1,0.1,,0.0,,True
7797,CBF,10,2,0.2,1.5156689175409355,1.5156689175409355,0.7578344591212706,True
7797,UBCF,10,1,0.1,,0.0,,True
7798,CBF,10,3,0.3,1.5191655494808836,3.038331098961767,1.096551578298803,True
7798,UBCF,10,1,0.1,,0.0,,True
7799,CBF,10,2,0.2,27.972552036849212,27.972552036849212,13.986278905543603,True
7799,UBCF,10,1,0.1,,0.0,,True
7800,CBF,10,2,0.2,43.50817815473331,43.50817815473331,21.754100831478382,True
7800,UBCF,10,1,0.1,,0.0,,True
7801,CBF,10,1,0.1,,0.0,,True
7801,UBCF,10,1,0.1,,0.0,,True
7802,CBF,10,1,0.1,,0.0,,True
7802,UBCF,10,1,0.1,,0.0,,True
7803,CBF,10,3,0.3,16.00286294846914,32.00572589693828,12.498526438558054,True
7803,UBCF,10,2,0.2,37.90428148972095,37.90428148972095,18.95215698491864,True
7804,CBF,10,2,0.2,1.5431923121318396,1.5431923121318396,0.7715961563145184,True
7804,UBCF,10,1,0.1,,0.0,,True
7805,CBF,10,2,0.2,1.4317359571066377,1.4317359571066377,0.7158679788583666,True
7805,UBCF,10,1,0.1,,0.0,,True
7806,CBF,10,1,0.1,,0.0,,True
7806,UBCF,10,1,0.1,,0.0,,True
7807,CBF,10,2,0.2,43.50817815473331,43.50817815473331,21.754100831478382,True
7807,UBCF,10,1,0.1,,0.0,,True
7808,CBF,10,2,0.2,1.4317359571066377,1.4317359571066377,0.7158679788583666,True
7808,UBCF,10,1,0.1,,0.0,,True
7809,CBF,10,1,0.1,,0.0,,True
7809,UBCF,10,1,0.1,,0.0,,True
7810,CBF,10,2,0.2,1.5156689175409355,1.5156689175409355,0.7578344591212706,True
7810,UBCF,10,2,0.2,37.90428148972095,37.90428148972095,18.95215698491864,True
7811,CBF,10,4,0.4,5.861833997722162,17.585501993166485,5.7363099458742415,True
7811,UBCF,10,1,0.1,,0.0,,True
7812,CBF,10,2,0.2,16.290572651640527,16.290572651640527,8.145286821625284,True
7812,UBCF,10,2,0.2,20.56227028829262,20.56227028829262,10.281135193399617,True
7813,CBF,10,4,0.4,22.328899971465518,66.98669991439655,20.997982841365136,True
7813,UBCF,10,1,0.1,,0.0,,True
7814,CBF,10,3,0.3,38.018461444091116,76.03692288818223,24.94602623208985,True
7814,UBCF,10,1,0.1,,0.0,,True
7816,CBF,10,2,0.2,1.4317359571066377,1.4317359571066377,0.7158679788583666,True
7816,UBCF,10,1,0.1,,0.0,,True
7817,CBF,10,2,0.2,0.618187081322193,0.618187081322193,0.3090935406794648,True
7817,UBCF,10,1,0.1,,0.0,,True
7818,CBF,10,2,0.2,32.70568879807172,32.70568879807172,16.352846904750777,True
7818,UBCF,10,1,0.1,,0.0,,True
7819,CBF,10,1,0.1,,0.0,,True
7819,UBCF,10,1,0.1,,0.0,,True
7820,CBF,10,1,0.1,,0.0,,True
7820,UBCF,10,1,0.1,,0.0,,True
7821,CBF,10,2,0.2,23.42832637973626,23.42832637973626,11.71416658667128,True
7821,UBCF,10,1,0.1,,0.0,,True
7822,CBF,10,2,0.2,1.5431923121318396,1.5431923121318396,0.7715961563145184,True
7822,UBCF,10,2,0.2,43.06789496829618,43.06789496829618,21.53394824722954,True
7823,CBF,10,2,0.2,27.972552036849212,27.972552036849212,13.986278905543603,True
7823,UBCF,10,1,0.1,,0.0,,True
7824,CBF,10,2,0.2,28.163648891291636,28.163648891291636,14.081829185081,True
7824,UBCF,10,1,0.1,,0.0,,True
7825,CBF,10,2,0.2,1.4317359571066377,1.4317359571066377,0.7158679788583666,True
7825,UBCF,10,1,0.1,,0.0,,True
7826,CBF,10,1,0.1,,0.0,,True
7826,UBCF,10,1,0.1,,0.0,,True
7827,CBF,10,2,0.2,33.307372647861015,33.307372647861015,16.653688974915404,True
7827,UBCF,10,1,0.1,,0.0,,True
7828,CBF,10,1,0.1,,0.0,,True
7828,UBCF,10,2,0.2,20.56227028829262,20.56227028829262,10.281135193399617,True
7829,CBF,10,1,0.1,,0.0,,True
7829,UBCF,10,1,0.1,,0.0,,True
7830,CBF,10,2,0.2,47.2904786604151,47.2904786604151,23.645251826609766,True
7830,UBCF,10,1,0.1,,0.0,,True
7831,CBF,10,1,0.1,,0.0,,True
7831,UBCF,10,1,0.1,,0.0,,True
7832,CBF,10,2,0.2,2.3181081257908294,2.3181081257908294,1.1590540648649006,True
7832,UBCF,10,1,0.1,,0.0,,True
7833,CBF,10,2,0.2,1.5156689175409355,1.5156689175409355,0.7578344591212706,True
7833,UBCF,10,1,0.1,,0.0,,True
7834,CBF,10,1,0.1,,0.0,,True
7834,UBCF,10,1,0.1,,0.0,,True
7835,CBF,10,1,0.1,,0.0,,True
7835,UBCF,10,2,0.2,28.023986357443068,28.023986357443068,14.01199605679436,True
7836,CBF,10,1,0.1,,0.0,,True
7836,UBCF,10,1,0.1,,0.0,,True
7837,CBF,10,1,0.1,,0.0,,True
7837,UBCF,10,1,0.1,,0.0,,True
7838,CBF,10,3,0.3,16.962779864591603,33.925559729183206,14.670392701795173,True
7838,UBCF,10,1,0.1,,0.0,,True
7839,CBF,10,4,0.4,21.0334769037721,63.10043071131631,20.485977205069496,True
7839,UBCF,10,1,0.1,,0.0,,True
7840,CBF,10,2,0.2,20.357530189223063,20.357530189223063,10.178765101099387,True
7840,UBCF,10,2,0.2,37.90428148972095,37.90428148972095,18.95215698491864,True
7841,CBF,10,1,0.1,,0.0,,True
7841,UBCF,10,1,0.1,,0.0,,True
7842,CBF,10,2,0.2,1.4317359571066377,1.4317359571066377,0.7158679788583666,True
7842,UBCF,10,1,0.1,,0.0,,True
7843,CBF,10,3,0.3,17.422387190708463,34.844774381416926,13.984483048123929,True
7843,UBCF,10,3,0.3,35.171716535791816,70.34343307158363,24.96840335183987,True
7844,CBF,10,1,0.1,,0.0,,True
7844,UBCF,10,1,0.1,,0.0,,True
7845,CBF,10,2,0.2,1.4317359571066377,1.4317359571066377,0.7158679788583666,True
7845,UBCF,10,1,0.1,,0.0,,True
7846,CBF,10,2,0.2,1.5156689175409355,1.5156689175409355,0.7578344591212706,True
7846,UBCF,10,1,0.1,,0.0,,True
7847,CBF,10,1,0.1,,0.0,,True
7847,UBCF,10,1,0.1,,0.0,,True
7848,CBF,10,2,0.2,1.4317359571066377,1.4317359571066377,0.7158679788583666,True
7848,UBCF,10,2,0.2,11.749728398231753,11.749728398231753,5.874864397864018,True
7849,CBF,10,3,0.3,16.661937939696955,33.32387587939391,14.670392701795173,True
7849,UBCF,10,1,0.1,,0.0,,True
7850,CBF,10,2,0.2,42.58985072810587,42.58985072810587,21.294941911813737,True
7850,UBCF,10,2,0.2,37.90428148972095,37.90428148972095,18.95215698491864,True
7851,CBF,10,3,0.3,18.03824271450962,36.07648542901924,14.468042506784855,True
7851,UBCF,10,1,0.1,,0.0,,True
7852,CBF,10,1,0.1,,0.0,,True
7852,UBCF,10,1,0.1,,0.0,,True
7853,CBF,10,4,0.4,21.497879994413818,64.49363998324145,19.190306008873637,True
7853,UBCF,10,1,0.1,,0.0,,True
7854,CBF,10,1,0.1,,0.0,,True
7854,UBCF,10,1,0.1,,0.0,,True
7855,CBF,10,2,0.2,2.3181081257908294,2.3181081257908294,1.1590540648649006,True
7855,UBCF,10,2,0.2,37.90428148972095,37.90428148972095,18.95215698491864,True
7856,CBF,10,3,0.3,16.661937939696955,33.32387587939391,14.670392701795173,True
7856,UBCF,10,1,0.1,,0.0,,True
7857,CBF,10,2,0.2,43.07938720561975,43.07938720561975,21.53969449295095,True
7857,UBCF,10,1,0.1,,0.0,,True
7858,CBF,10,4,0.4,22.328899971465518,66.98669991439655,20.997982841365136,True
7858,UBCF,10,1,0.1,,0.0,,True
7859,CBF,10,2,0.2,28.163648891291636,28.163648891291636,14.081829185081,True
7859,UBCF,10,2,0.2,10.351160117462083,10.351160117462083,5.175580061801435,True
7860,CBF,10,1,0.1,,0.0,,True
7860,UBCF,10,1,0.1,,0.0,,True
7861,CBF,10,1,0.1,,0.0,,True
7861,UBCF,10,1,0.1,,0.0,,True
7862,CBF,10,3,0.3,16.661937939696955,33.32387587939391,14.670392701795173,True
7862,UBCF,10,1,0.1,,0.0,,True
7863,CBF,10,2,0.2,16.290572651640527,16.290572651640527,8.145286821625284,True
7863,UBCF,10,1,0.1,,0.0,,True
7864,CBF,10,2,0.2,30.24333887820839,30.24333887820839,15.121672607071922,True
7864,UBCF,10,1,0.1,,0.0,,True
7865,CBF,10,4,0.4,23.326550246238934,69.9796507387168,22.92385358580202,True
7865,UBCF,10,1,0.1,,0.0,,True
7866,CBF,10,2,0.2,43.262588299701214,43.262588299701214,21.631301429361923,True
7866,UBCF,10,1,0.1,,0.0,,True
7867,CBF,10,1,0.1,,0.0,,True
7867,UBCF,10,1,0.1,,0.0,,True
7868,CBF,10,1,0.1,,0.0,,True
7868,UBCF,10,1,0.1,,0.0,,True
7869,CBF,10,2,0.2,33.67692365322722,33.67692365322722,16.838466700408475,True
7869,UBCF,10,1,0.1,,0.0,,True
7870,CBF,10,2,0.2,38.97541147027279,38.97541147027279,19.487708880396617,True
7870,UBCF,10,2,0.2,19.380806902927784,19.380806902927784,9.690404897837317,True
7871,CBF,10,1,0.1,,0.0,,True
7871,UBCF,10,1,0.1,,0.0,,True
7872,CBF,10,2,0.2,10.274517362821221,10.274517362821221,5.137259138500232,True
7872,UBCF,10,2,0.2,19.380806902927784,19.380806902927784,9.690404897837317,True
7873,CBF,10,3,0.3,30.62856636544321,61.25713273088642,19.90388766175266,True
7873,UBCF,10,1,0.1,,0.0,,True
7874,CBF,10,1,0.1,,0.0,,True
7874,UBCF,10,1,0.1,,0.0,,True
7875,CBF,10,1,0.1,,0.0,,True
7875,UBCF,10,2,0.2,27.71682110999036,27.71682110999036,13.858413295653234,True
7876,CBF,10,2,0.2,1.4317359571066377,1.4317359571066377,0.7158679788583666,True
7876,UBCF,10,1,0.1,,0.0,,True
7877,CBF,10,1,0.1,,0.0,,True
7877,UBCF,10,1,0.1,,0.0,,True
7878,CBF,10,2,0.2,1.4317359571066377,1.4317359571066377,0.7158679788583666,True
7878,UBCF,10,2,0.2,37.90428148972095,37.90428148972095,18.95215698491864,True
7879,CBF,10,1,0.1,,0.0,,True
7879,UBCF,10,1,0.1,,0.0,,True
7880,CBF,10,1,0.1,,0.0,,True
7880,UBCF,10,1,0.1,,0.0,,True
7881,CBF,10,1,0.1,,0.0,,True
7881,UBCF,10,1,0.1,,0.0,,True
7882,CBF,10,2,0.2,28.163648891291636,28.163648891291636,14.081829185081,True
7882,UBCF,10,1,0.1,,0.0,,True
7883,CBF,10,2,0.2,1.4317359571066377,1.4317359571066377,0.7158679788583666,True
7883,UBCF,10,1,0.1,,0.0,,True
7884,CBF,10,2,0.2,1.5431923121318396,1.5431923121318396,0.7715961563145184,True
7884,UBCF,10,2,0.2,37.90428148972095,37.90428148972095,18.95215698491864,True
7885,CBF,10,3,0.3,26.091810477000088,52.183620954000176,15.833112457947399,True
7885,UBCF,10,1,0.1,,0.0,,True
7886,CBF,10,1,0.1,,0.0,,True
7886,UBCF,10,1,0.1,,0.0,,True
7887,CBF,10,1,0.1,,0.0,,True
7887,UBCF,10,1,0.1,,0.0,,True
7888,CBF,10,2,0.2,28.163648891291636,28.163648891291636,14.081829185081,True
7888,UBCF,10,1,0.1,,0.0,,True
7889,CBF,10,1,0.1,,0.0,,True
7889,UBCF,10,1,0.1,,0.0,,True
7890,CBF,10,3,0.3,19.066097957521308,38.132195915042615,15.419217548863594,True
7890,UBCF,10,1,0.1,,0.0,,True
7891,CBF,10,1,0.1,,0.0,,True
7891,UBCF,10,1,0.1,,0.0,,True
7892,CBF,10,1,0.1,,0.0,,True
7892,UBCF,10,1,0.1,,0.0,,True
7893,CBF,10,2,0.2,28.163648891291636,28.163648891291636,14.081829185081,True
7893,UBCF,10,1,0.1,,0.0,,True
7894,CBF,10,2,0.2,2.3181081257908294,2.3181081257908294,1.1590540648649006,True
7894,UBCF,10,1,0.1,,0.0,,True
7895,CBF,10,4,0.4,34.166823640204974,102.50047092061493,28.73332074325867,True
7895,UBCF,10,1,0.1,,0.0,,True
7896,CBF,10,1,0.1,,0.0,,True
7896,UBCF,10,1,0.1,,0.0,,True
7897,CBF,10,1,0.1,,0.0,,True
7897,UBCF,10,1,0.1,,0.0,,True
7898,CBF,10,2,0.2,29.15869940542207,29.15869940542207,14.579355363761266,True
7898,UBCF,10,2,0.2,27.972552036849212,27.972552036849212,13.986278905543603,True
7899,CBF,10,1,0.1,,0.0,,True
7899,UBCF,10,1,0.1,,0.0,,True
7900,CBF,10,1,0.1,,0.0,,True
7900,UBCF,10,1,0.1,,0.0,,True
7901,CBF,10,1,0.1,,0.0,,True
7901,UBCF,10,1,0.1,,0.0,,True
7902,CBF,10,1,0.1,,0.0,,True
7902,UBCF,10,1,0.1,,0.0,,True
7903,CBF,10,2,0.2,1.851196413912366,1.851196413912366,0.9255982080141867,True
7903,UBCF,10,1,0.1,,0.0,,True
7904,CBF,10,2,0.2,1.5156689175409355,1.5156689175409355,0.7578344591212706,True
7904,UBCF,10,1,0.1,,0.0,,True
7905,CBF,10,1,0.1,,0.0,,True
7905,UBCF,10,1,0.1,,0.0,,True
7906,CBF,10,2,0.2,28.163648891291636,28.163648891291636,14.081829185081,True
7906,UBCF,10,1,0.1,,0.0,,True
7907,CBF,10,1,0.1,,0.0,,True
7907,UBCF,10,1,0.1,,0.0,,True
7908,CBF,10,2,0.2,1.4317359571066377,1.4317359571066377,0.7158679788583666,True
7908,UBCF,10,1,0.1,,0.0,,True
7909,CBF,10,1,0.1,,0.0,,True
7909,UBCF,10,1,0.1,,0.0,,True
7910,CBF,10,3,0.3,4.680104311482991,9.360208622965983,3.7734193919112045,True
7910,UBCF,10,1,0.1,,0.0,,True
7911,CBF,10,1,0.1,,0.0,,True
7911,UBCF,10,1,0.1,,0.0,,True
7912,CBF,10,2,0.2,21.698742738877545,21.698742738877545,10.84937305465947,True
7912,UBCF,10,1,0.1,,0.0,,True
7913,CBF,10,4,0.4,21.076747819219893,63.23024345765968,20.997982841365136,True
7913,UBCF,10,1,0.1,,0.0,,True
7914,CBF,10,2,0.2,32.52874473344892,32.52874473344892,16.264373376438158,True
7914,UBCF,10,1,0.1,,0.0,,True
7915,CBF,10,1,0.1,,0.0,,True
7915,UBCF,10,2,0.2,37.90428148972095,37.90428148972095,18.95215698491864,True
7916,CBF,10,1,0.1,,0.0,,True
7916,UBCF,10,1,0.1,,0.0,,True
7917,CBF,10,1,0.1,,0.0,,True
7917,UBCF,10,1,0.1,,0.0,,True
7918,CBF,10,1,0.1,,0.0,,True
7918,UBCF,10,2,0.2,32.52874473344892,32.52874473344892,16.264373376438158,True
7919,CBF,10,2,0.2,28.163648891291636,28.163648891291636,14.081829185081,True
7919,UBCF,10,1,0.1,,0.0,,True
7920,CBF,10,1,0.1,,0.0,,True
7920,UBCF,10,1,0.1,,0.0,,True
7921,CBF,10,2,0.2,28.163648891291636,28.163648891291636,14.081829185081,True
7921,UBCF,10,1,0.1,,0.0,,True
7922,CBF,10,1,0.1,,0.0,,True
7922,UBCF,10,1,0.1,,0.0,,True
7923,CBF,10,3,0.3,29.56914488350512,59.13828976701024,19.212563967780287,True
7923,UBCF,10,3,0.3,34.57603632648781,69.15207265297562,24.390092677772042,True
7924,CBF,10,1,0.1,,0.0,,True
7924,UBCF,10,1,0.1,,0.0,,True
7925,CBF,10,1,0.1,,0.0,,True
7925,UBCF,10,1,0.1,,0.0,,True
7926,CBF,10,1,0.1,,0.0,,True
7926,UBCF,10,1,0.1,,0.0,,True
7927,CBF,10,1,0.1,,0.0,,True
7927,UBCF,10,1,0.1,,0.0,,True
7928,CBF,10,2,0.2,6.9018421688367555,6.9018421688367555,3.450921125911857,True
7928,UBCF,10,1,0.1,,0.0,,True
7929,CBF,10,2,0.2,29.15869940542207,29.15869940542207,14.579355363761266,True
7929,UBCF,10,2,0.2,42.31944671414057,42.31944671414057,21.159730993153076,True
7930,CBF,10,1,0.1,,0.0,,True
7930,UBCF,10,1,0.1,,0.0,,True
7931,CBF,10,3,0.3,4.545705188066445,9.09141037613289,3.3932189724740947,True
7931,UBCF,10,1,0.1,,0.0,,True
7932,CBF,10,2,0.2,31.462407796180187,31.462407796180187,15.731211762007085,True
7932,UBCF,10,1,0.1,,0.0,,True
7933,CBF,10,1,0.1,,0.0,,True
7933,UBCF,10,1,0.1,,0.0,,True
7934,CBF,10,2,0.2,1.4317359571066377,1.4317359571066377,0.7158679788583666,True
7934,UBCF,10,1,0.1,,0.0,,True
7935,CBF,10,1,0.1,,0.0,,True
7935,UBCF,10,2,0.2,20.56227028829262,20.56227028829262,10.281135193399617,True
7936,CBF,10,4,0.4,28.667320095018088,86.00196028505427,22.04778684392698,True
7936,UBCF,10,1,0.1,,0.0,,True
7937,CBF,10,1,0.1,,0.0,,True
7937,UBCF,10,1,0.1,,0.0,,True
7938,CBF,10,2,0.2,7.90812379907292,7.90812379907292,3.954061946399003,True
7938,UBCF,10,1,0.1,,0.0,,True
7939,CBF,10,1,0.1,,0.0,,True
7939,UBCF,10,1,0.1,,0.0,,True
7940,CBF,10,3,0.3,19.86916854607542,39.73833709215084,13.812411814634183,True
7940,UBCF,10,1,0.1,,0.0,,True
7941,CBF,10,2,0.2,43.262588299701214,43.262588299701214,21.631301429361923,True
7941,UBCF,10,1,0.1,,0.0,,True
7942,CBF,10,2,0.2,27.972552036849212,27.972552036849212,13.986278905543603,True
7942,UBCF,10,1,0.1,,0.0,,True
7943,CBF,10,2,0.2,1.4317359571066377,1.4317359571066377,0.7158679788583666,True
7943,UBCF,10,1,0.1,,0.0,,True
7944,CBF,10,1,0.1,,0.0,,True
7944,UBCF,10,1,0.1,,0.0,,True
7945,CBF,10,2,0.2,39.884336960417365,39.884336960417365,19.94216859195539,True
7945,UBCF,10,1,0.1,,0.0,,True
7946,CBF,10,2,0.2,4.127413100707732,4.127413100707732,2.063706557612347,True
7946,UBCF,10,1,0.1,,0.0,,True
7947,CBF,10,2,0.2,45.76874505995922,45.76874505995922,22.88438506416864,True
7947,UBCF,10,1,0.1,,0.0,,True
7948,CBF,10,2,0.2,1.851196413912366,1.851196413912366,0.9255982080141867,True
7948,UBCF,10,1,0.1,,0.0,,True
7949,CBF,10,4,0.4,22.328899971465518,66.98669991439655,20.997982841365136,True
7949,UBCF,10,1,0.1,,0.0,,True
7950,CBF,10,1,0.1,,0.0,,True
7950,UBCF,10,1,0.1,,0.0,,True
7951,CBF,10,2,0.2,2.3181081257908294,2.3181081257908294,1.1590540648649006,True
7951,UBCF,10,1,0.1,,0.0,,True
7952,CBF,10,2,0.2,27.972552036849212,27.972552036849212,13.986278905543603,True
7952,UBCF,10,1,0.1,,0.0,,True
7953,CBF,10,4,0.4,15.001378266525245,45.00413479957574,15.739614437055538,True
7953,UBCF,10,1,0.1,,0.0,,True
7954,CBF,10,2,0.2,28.163648891291636,28.163648891291636,14.081829185081,True
7954,UBCF,10,1,0.1,,0.0,,True
7955,CBF,10,4,0.4,22.328899971465518,66.98669991439655,20.997982841365136,True
7955,UBCF,10,1,0.1,,0.0,,True
7956,CBF,10,2,0.2,3.7905621299963252,3.7905621299963252,1.895281068401572,True
7956,UBCF,10,1,0.1,,0.0,,True
7957,CBF,10,1,0.1,,0.0,,True
7957,UBCF,10,1,0.1,,0.0,,True
7958,CBF,10,2,0.2,28.163648891291636,28.163648891291636,14.081829185081,True
7958,UBCF,10,1,0.1,,0.0,,True
7959,CBF,10,1,0.1,,0.0,,True
7959,UBCF,10,2,0.2,27.972552036849212,27.972552036849212,13.986278905543603,True
7960,CBF,10,1,0.1,,0.0,,True
7960,UBCF,10,1,0.1,,0.0,,True
7961,CBF,10,1,0.1,,0.0,,True
7961,UBCF,10,1,0.1,,0.0,,True
7962,CBF,10,1,0.1,,0.0,,True
7962,UBCF,10,1,0.1,,0.0,,True
7963,CBF,10,1,0.1,,0.0,,True
7963,UBCF,10,1,0.1,,0.0,,True
7964,CBF,10,4,0.4,26.7243388864777,80.1730166594331,20.997982841365136,True
7964,UBCF,10,1,0.1,,0.0,,True
7965,CBF,10,2,0.2,1.4520848238930628,1.4520848238930628,0.7260424121934375,True
7965,UBCF,10,1,0.1,,0.0,,True
7967,CBF,10,2,0.2,1.4317359571066377,1.4317359571066377,0.7158679788583666,True
7967,UBCF,10,1,0.1,,0.0,,True
7968,CBF,10,4,0.4,9.660313749151308,28.980941247453924,9.168335956807377,True
7968,UBCF,10,1,0.1,,0.0,,True
7969,CBF,10,1,0.1,,0.0,,True
7969,UBCF,10,2,0.2,32.52874473344892,32.52874473344892,16.264373376438158,True
7970,CBF,10,2,0.2,28.163648891291636,28.163648891291636,14.081829185081,True
7970,UBCF,10,1,0.1,,0.0,,True
7971,CBF,10,1,0.1,,0.0,,True
7971,UBCF,10,2,0.2,37.90428148972095,37.90428148972095,18.95215698491864,True
7972,CBF,10,2,0.2,1.4520848238930628,1.4520848238930628,0.7260424121934375,True
7972,UBCF,10,2,0.2,20.56227028829262,20.56227028829262,10.281135193399617,True
7973,CBF,10,2,0.2,20.357530189223063,20.357530189223063,10.178765101099387,True
7973,UBCF,10,1,0.1,,0.0,,True
7974,CBF,10,2,0.2,1.4317359571066377,1.4317359571066377,0.7158679788583666,True
7974,UBCF,10,1,0.1,,0.0,,True
7975,CBF,10,2,0.2,42.58985072810587,42.58985072810587,21.294941911813737,True
7975,UBCF,10,1,0.1,,0.0,,True
7976,CBF,10,3,0.3,15.733591411112258,31.467182822224515,12.498526438557732,True
7976,UBCF,10,1,0.1,,0.0,,True
7977,CBF,10,1,0.1,,0.0,,True
7977,UBCF,10,1,0.1,,0.0,,True
7979,CBF,10,2,0.2,28.163648891291636,28.163648891291636,14.081829185081,True
7979,UBCF,10,2,0.2,10.351160117462083,10.351160117462083,5.175580061801435,True
7980,CBF,10,1,0.1,,0.0,,True
7980,UBCF,10,1,0.1,,0.0,,True
7981,CBF,10,1,0.1,,0.0,,True
7981,UBCF,10,1,0.1,,0.0,,True
7982,CBF,10,3,0.3,40.36275467019509,80.72550934039018,24.940244259224546,True
7982,UBCF,10,1,0.1,,0.0,,True
7983,CBF,10,2,0.2,38.97541147027279,38.97541147027279,19.487708880396617,True
7983,UBCF,10,1,0.1,,0.0,,True
7984,CBF,10,1,0.1,,0.0,,True
7984,UBCF,10,1,0.1,,0.0,,True
7985,CBF,10,2,0.2,19.802199491474596,19.802199491474596,9.901100073718258,True
7985,UBCF,10,1,0.1,,0.0,,True
7986,CBF,10,1,0.1,,0.0,,True
7986,UBCF,10,2,0.2,10.351160117462083,10.351160117462083,5.175580061801435,True
7987,CBF,10,1,0.1,,0.0,,True
7987,UBCF,10,1,0.1,,0.0,,True
7988,CBF,10,1,0.1,,0.0,,True
7988,UBCF,10,2,0.2,10.351160117462083,10.351160117462083,5.175580061801435,True
7989,CBF,10,2,0.2,1.5431923121318396,1.5431923121318396,0.7715961563145184,True
7989,UBCF,10,1,0.1,,0.0,,True
7990,CBF,10,1,0.1,,0.0,,True
7990,UBCF,10,1,0.1,,0.0,,True
7991,CBF,10,2,0.2,20.357530189223063,20.357530189223063,10.178765101099387,True
7991,UBCF,10,1,0.1,,0.0,,True
7992,CBF,10,2,0.2,1.4317359571066377,1.4317359571066377,0.7158679788583666,True
7992,UBCF,10,1,0.1,,0.0,,True
7993,CBF,10,1,0.1,,0.0,,True
7993,UBCF,10,1,0.1,,0.0,,True
7994,CBF,10,1,0.1,,0.0,,True
7994,UBCF,10,2,0.2,10.351160117462083,10.351160117462083,5.175580061801435,True
7995,CBF,10,1,0.1,,0.0,,True
7995,UBCF,10,2,0.2,10.351160117462083,10.351160117462083,5.175580061801435,True
7996,CBF,10,2,0.2,1.4317359571066377,1.4317359571066377,0.7158679788583666,True
7996,UBCF,10,1,0.1,,0.0,,True
7997,CBF,10,2,0.2,33.67692365322722,33.67692365322722,16.838466700408475,True
7997,UBCF,10,1,0.1,,0.0,,True
7999,CBF,10,4,0.4,34.98687687412235,104.96063062236706,29.674094462460914,True
7999,UBCF,10,1,0.1,,0.0,,True
8000,CBF,10,1,0.1,,0.0,,True
8000,UBCF,10,1,0.1,,0.0,,True
8001,CBF,10,3,0.3,31.429643406844413,62.859286813688826,24.100304972323233,True
8001,UBCF,10,1,0.1,,0.0,,True
8002,CBF,10,2,0.2,32.156236140329234,32.156236140329234,16.078123042774006,True
8002,UBCF,10,1,0.1,,0.0,,True
8003,CBF,10,1,0.1,,0.0,,True
8003,UBCF,10,1,0.1,,0.0,,True
8004,CBF,10,1,0.1,,0.0,,True
8004,UBCF,10,1,0.1,,0.0,,True
8005,CBF,10,2,0.2,28.163648891291636,28.163648891291636,14.081829185081,True
8005,UBCF,10,1,0.1,,0.0,,True
8006,CBF,10,1,0.1,,0.0,,True
8006,UBCF,10,1,0.1,,0.0,,True
8008,CBF,10,1,0.1,,0.0,,True
8008,UBCF,10,1,0.1,,0.0,,True
8009,CBF,10,2,0.2,28.163648891291636,28.163648891291636,14.081829185081,True
8009,UBCF,10,1,0.1,,0.0,,True
8010,CBF,10,2,0.2,1.5156689175409355,1.5156689175409355,0.7578344591212706,True
8010,UBCF,10,1,0.1,,0.0,,True
8011,CBF,10,2,0.2,43.262588299701214,43.262588299701214,21.631301429361923,True
8011,UBCF,10,1,0.1,,0.0,,True
8012,CBF,10,1,0.1,,0.0,,True
8012,UBCF,10,2,0.2,19.380806902927784,19.380806902927784,9.690404897837317,True
8013,CBF,10,1,0.1,,0.0,,True
8013,UBCF,10,1,0.1,,0.0,,True
8014,CBF,10,2,0.2,27.972552036849212,27.972552036849212,13.986278905543603,True
8014,UBCF,10,1,0.1,,0.0,,True
8015,CBF,10,3,0.3,39.90103000773112,79.80206001546225,24.100304972323233,True
8015,UBCF,10,1,0.1,,0.0,,True
8016,CBF,10,2,0.2,20.357530189223063,20.357530189223063,10.178765101099387,True
8016,UBCF,10,1,0.1,,0.0,,True
8017,CBF,10,4,0.4,37.70721977464976,113.12165932394927,37.64833566247492,True
8017,UBCF,10,1,0.1,,0.0,,True
8018,CBF,10,2,0.2,1.5431923121318396,1.5431923121318396,0.7715961563145184,True
8018,UBCF,10,1,0.1,,0.0,,True
8019,CBF,10,1,0.1,,0.0,,True
8019,UBCF,10,1,0.1,,0.0,,True
8020,CBF,10,1,0.1,,0.0,,True
8020,UBCF,10,1,0.1,,0.0,,True
8021,CBF,10,2,0.2,27.972552036849212,27.972552036849212,13.986278905543603,True
8021,UBCF,10,2,0.2,20.56227028829262,20.56227028829262,10.281135193399617,True
8022,CBF,10,3,0.3,16.00286294846914,32.00572589693828,12.498526438558054,True
8022,UBCF,10,1,0.1,,0.0,,True
8023,CBF,10,2,0.2,1.4520848238930628,1.4520848238930628,0.7260424121934375,True
8023,UBCF,10,1,0.1,,0.0,,True
8024,CBF,10,1,0.1,,0.0,,True
8024,UBCF,10,1,0.1,,0.0,,True
8025,CBF,10,1,0.1,,0.0,,True
8025,UBCF,10,1,0.1,,0.0,,True
8026,CBF,10,1,0.1,,0.0,,True
8026,UBCF,10,1,0.1,,0.0,,True
8027,CBF,10,4,0.4,21.076747819219893,63.23024345765968,20.997982841365136,True
8027,UBCF,10,1,0.1,,0.0,,True
8028,CBF,10,2,0.2,39.131166621556076,39.131166621556076,19.565591509610922,True
8028,UBCF,10,1,0.1,,0.0,,True
8029,CBF,10,2,0.2,31.333619557003377,31.333619557003377,15.66681080952694,True
8029,UBCF,10,1,0.1,,0.0,,True
8030,CBF,10,2,0.2,27.972552036849212,27.972552036849212,13.986278905543603,True
8030,UBCF,10,1,0.1,,0.0,,True
8031,CBF,10,2,0.2,27.972552036849212,27.972552036849212,13.986278905543603,True
8031,UBCF,10,1,0.1,,0.0,,True
8032,CBF,10,1,0.1,,0.0,,True
8032,UBCF,10,1,0.1,,0.0,,True
8033,CBF,10,2,0.2,1.4317359571066377,1.4317359571066377,0.7158679788583666,True
8033,UBCF,10,1,0.1,,0.0,,True
8034,CBF,10,1,0.1,,0.0,,True
8034,UBCF,10,2,0.2,37.90428148972095,37.90428148972095,18.95215698491864,True
8035,CBF,10,1,0.1,,0.0,,True
8035,UBCF,10,1,0.1,,0.0,,True
8036,CBF,10,2,0.2,47.42548488878177,47.42548488878177,23.712758341755357,True
8036,UBCF,10,1,0.1,,0.0,,True
8037,CBF,10,2,0.2,39.884336960417365,39.884336960417365,19.94216859195539,True
8037,UBCF,10,1,0.1,,0.0,,True
8038,CBF,10,2,0.2,1.4317359571066377,1.4317359571066377,0.7158679788583666,True
8038,UBCF,10,2,0.2,42.31944671414057,42.31944671414057,21.159730993153076,True
8039,CBF,10,2,0.2,1.5431923121318396,1.5431923121318396,0.7715961563145184,True
8039,UBCF,10,1,0.1,,0.0,,True
8040,CBF,10,1,0.1,,0.0,,True
8040,UBCF,10,1,0.1,,0.0,,True
8041,CBF,10,2,0.2,43.50817815473331,43.50817815473331,21.754100831478382,True
8041,UBCF,10,1,0.1,,0.0,,True
8042,CBF,10,4,0.4,22.328899971465518,66.98669991439655,20.997982841365136,True
8042,UBCF,10,2,0.2,10.351160117462083,10.351160117462083,5.175580061801435,True
8043,CBF,10,1,0.1,,0.0,,True
8043,UBCF,10,1,0.1,,0.0,,True
8044,CBF,10,1,0.1,,0.0,,True
8044,UBCF,10,1,0.1,,0.0,,True
8045,CBF,10,1,0.1,,0.0,,True
8045,UBCF,10,2,0.2,10.351160117462083,10.351160117462083,5.175580061801435,True
8046,CBF,10,2,0.2,27.972552036849212,27.972552036849212,13.986278905543603,True
8046,UBCF,10,1,0.1,,0.0,,True
8047,CBF,10,2,0.2,1.4317359571066377,1.4317359571066377,0.7158679788583666,True
8047,UBCF,10,1,0.1,,0.0,,True
8048,CBF,10,1,0.1,,0.0,,True
8048,UBCF,10,1,0.1,,0.0,,True
8049,CBF,10,1,0.1,,0.0,,True
8049,UBCF,10,1,0.1,,0.0,,True
8050,CBF,10,1,0.1,,0.0,,True
8050,UBCF,10,1,0.1,,0.0,,True
8051,CBF,10,2,0.2,7.90812379907292,7.90812379907292,3.954061946399003,True
8051,UBCF,10,1,0.1,,0.0,,True
8052,CBF,10,4,0.4,25.709988209245527,77.12996462773658,20.312335722296304,True
8052,UBCF,10,1,0.1,,0.0,,True
8053,CBF,10,2,0.2,1.4317359571066377,1.4317359571066377,0.7158679788583666,True
8053,UBCF,10,1,0.1,,0.0,,True
8054,CBF,10,2,0.2,27.972552036849212,27.972552036849212,13.986278905543603,True
8054,UBCF,10,2,0.2,27.972552036849212,27.972552036849212,13.986278905543603,True
8055,CBF,10,1,0.1,,0.0,,True
8055,UBCF,10,1,0.1,,0.0,,True
8057,CBF,10,2,0.2,43.262588299701214,43.262588299701214,21.631301429361923,True
8057,UBCF,10,2,0.2,37.90428148972095,37.90428148972095,18.95215698491864,True
8058,CBF,10,3,0.3,16.661937939696955,33.32387587939391,14.670392701795173,True
8058,UBCF,10,1,0.1,,0.0,,True
8059,CBF,10,1,0.1,,0.0,,True
8059,UBCF,10,1,0.1,,0.0,,True
8060,CBF,10,1,0.1,,0.0,,True
8060,UBCF,10,1,0.1,,0.0,,True
8061,CBF,10,1,0.1,,0.0,,True
8061,UBCF,10,1,0.1,,0.0,,True
8062,CBF,10,3,0.3,33.20085757433042,66.40171514866084,23.427638132482766,True
8062,UBCF,10,1,0.1,,0.0,,True
8063,CBF,10,2,0.2,32.70568879807172,32.70568879807172,16.352846904750777,True
8063,UBCF,10,1,0.1,,0.0,,True
8064,CBF,10,2,0.2,1.851196413912366,1.851196413912366,0.9255982080141867,True
8064,UBCF,10,1,0.1,,0.0,,True
8065,CBF,10,2,0.2,1.5156689175409355,1.5156689175409355,0.7578344591212706,True
8065,UBCF,10,2,0.2,31.43542951846135,31.43542951846135,15.717719488393843,True
8066,CBF,10,2,0.2,28.163648891291636,28.163648891291636,14.081829185081,True
8066,UBCF,10,1,0.1,,0.0,,True
8067,CBF,10,1,0.1,,0.0,,True
8067,UBCF,10,1,0.1,,0.0,,True
8068,CBF,10,2,0.2,28.163648891291636,28.163648891291636,14.081829185081,True
8068,UBCF,10,1,0.1,,0.0,,True
8069,CBF,10,2,0.2,27.972552036849212,27.972552036849212,13.986278905543603,True
8069,UBCF,10,1,0.1,,0.0,,True
8070,CBF,10,3,0.3,38.018461444091116,76.03692288818223,24.94602623208985,True
8070,UBCF,10,1,0.1,,0.0,,True
8071,CBF,10,1,0.1,,0.0,,True
8071,UBCF,10,1,0.1,,0.0,,True
8072,CBF,10,1,0.1,,0.0,,True
8072,UBCF,10,1,0.1,,0.0,,True
8073,CBF,10,2,0.2,1.5431923121318396,1.5431923121318396,0.7715961563145184,True
8073,UBCF,10,1,0.1,,0.0,,True
8074,CBF,10,2,0.2,1.5156689175409355,1.5156689175409355,0.7578344591212706,True
8074,UBCF,10,2,0.2,37.90428148972095,37.90428148972095,18.95215698491864,True
8075,CBF,10,2,0.2,43.262588299701214,43.262588299701214,21.631301429361923,True
8075,UBCF,10,1,0.1,,0.0,,True
8077,CBF,10,1,0.1,,0.0,,True
8077,UBCF,10,1,0.1,,0.0,,True
8078,CBF,10,2,0.2,33.67692365322722,33.67692365322722,16.838466700408475,True
8078,UBCF,10,1,0.1,,0.0,,True
8079,CBF,10,2,0.2,28.163648891291636,28.163648891291636,14.081829185081,True
8079,UBCF,10,1,0.1,,0.0,,True
8080,CBF,10,1,0.1,,0.0,,True
8080,UBCF,10,1,0.1,,0.0,,True
8081,CBF,10,1,0.1,,0.0,,True
8081,UBCF,10,1,0.1,,0.0,,True
8082,CBF,10,2,0.2,1.5431923121318396,1.5431923121318396,0.7715961563145184,True
8082,UBCF,10,1,0.1,,0.0,,True
8083,CBF,10,1,0.1,,0.0,,True
8083,UBCF,10,1,0.1,,0.0,,True
8084,CBF,10,3,0.3,17.422387190708463,34.844774381416926,13.984483048123929,True
8084,UBCF,10,1,0.1,,0.0,,True
8085,CBF,10,2,0.2,43.07938720561975,43.07938720561975,21.53969449295095,True
8085,UBCF,10,1,0.1,,0.0,,True
8086,CBF,10,1,0.1,,0.0,,True
8086,UBCF,10,1,0.1,,0.0,,True
8087,CBF,10,2,0.2,1.4317359571066377,1.4317359571066377,0.7158679788583666,True
8087,UBCF,10,1,0.1,,0.0,,True
8088,CBF,10,1,0.1,,0.0,,True
8088,UBCF,10,1,0.1,,0.0,,True
8089,CBF,10,2,0.2,8.412640195690354,8.412640195690354,4.206320154926033,True
8089,UBCF,10,1,0.1,,0.0,,True
8090,CBF,10,1,0.1,,0.0,,True
8090,UBCF,10,1,0.1,,0.0,,True
8091,CBF,10,2,0.2,27.972552036849212,27.972552036849212,13.986278905543603,True
8091,UBCF,10,1,0.1,,0.0,,True
8092,CBF,10,4,0.4,19.90256498765533,59.707694962965995,16.083995679345257,True
8092,UBCF,10,1,0.1,,0.0,,True
8093,CBF,10,1,0.1,,0.0,,True
8093,UBCF,10,1,0.1,,0.0,,True
8094,CBF,10,1,0.1,,0.0,,True
8094,UBCF,10,1,0.1,,0.0,,True
8095,CBF,10,1,0.1,,0.0,,True
8095,UBCF,10,1,0.1,,0.0,,True
8096,CBF,10,1,0.1,,0.0,,True
8096,UBCF,10,1,0.1,,0.0,,True
8097,CBF,10,2,0.2,1.4317359571066377,1.4317359571066377,0.7158679788583666,True
8097,UBCF,10,1,0.1,,0.0,,True
8098,CBF,10,2,0.2,9.997351696463106,9.997351696463106,4.9986758987208155,True
8098,UBCF,10,2,0.2,10.351160117462083,10.351160117462083,5.175580061801435,True
8099,CBF,10,2,0.2,28.163648891291636,28.163648891291636,14.081829185081,True
8099,UBCF,10,1,0.1,,0.0,,True
8100,CBF,10,1,0.1,,0.0,,True
8100,UBCF,10,2,0.2,37.90428148972095,37.90428148972095,18.95215698491864,True
8101,CBF,10,2,0.2,27.972552036849212,27.972552036849212,13.986278905543603,True
8101,UBCF,10,1,0.1,,0.0,,True
8102,CBF,10,1,0.1,,0.0,,True
8102,UBCF,10,1,0.1,,0.0,,True
8103,CBF,10,2,0.2,28.163648891291636,28.163648891291636,14.081829185081,True
8103,UBCF,10,1,0.1,,0.0,,True
8104,CBF,10,1,0.1,,0.0,,True
8104,UBCF,10,1,0.1,,0.0,,True
8105,CBF,10,1,0.1,,0.0,,True
8105,UBCF,10,1,0.1,,0.0,,True
8106,CBF,10,1,0.1,,0.0,,True
8106,UBCF,10,1,0.1,,0.0,,True
8107,CBF,10,2,0.2,39.131166621556076,39.131166621556076,19.565591509610922,True
8107,UBCF,10,1,0.1,,0.0,,True
8108,CBF,10,3,0.3,54.20315480682549,108.40630961365098,26.65203969884985,True
8108,UBCF,10,2,0.2,10.351160117462083,10.351160117462083,5.175580061801435,True
8109,CBF,10,1,0.1,,0.0,,True
8109,UBCF,10,1,0.1,,0.0,,True
8110,CBF,10,2,0.2,28.163648891291636,28.163648891291636,14.081829185081,True
8110,UBCF,10,1,0.1,,0.0,,True
8111,CBF,10,2,0.2,19.380806902927784,19.380806902927784,9.690404897837317,True
8111,UBCF,10,1,0.1,,0.0,,True
8112,CBF,10,2,0.2,32.70568879807172,32.70568879807172,16.352846904750777,True
8112,UBCF,10,1,0.1,,0.0,,True
8113,CBF,10,1,0.1,,0.0,,True
8113,UBCF,10,1,0.1,,0.0,,True
8114,CBF,10,2,0.2,43.262588299701214,43.262588299701214,21.631301429361923,True
8114,UBCF,10,1,0.1,,0.0,,True
8115,CBF,10,1,0.1,,0.0,,True
8115,UBCF,10,2,0.2,16.565863565943992,16.565863565943992,8.282932816586648,True
8116,CBF,10,1,0.1,,0.0,,True
8116,UBCF,10,1,0.1,,0.0,,True
8117,CBF,10,2,0.2,0.618187081322193,0.618187081322193,0.3090935406794648,True
8117,UBCF,10,1,0.1,,0.0,,True
8118,CBF,10,1,0.1,,0.0,,True
8118,UBCF,10,1,0.1,,0.0,,True
8120,CBF,10,2,0.2,2.3181081257908294,2.3181081257908294,1.1590540648649006,True
8120,UBCF,10,1,0.1,,0.0,,True
8121,CBF,10,2,0.2,36.24007716797648,36.24007716797648,18.12004609756425,True
8121,UBCF,10,1,0.1,,0.0,,True
8122,CBF,10,2,0.2,1.5431923121318396,1.5431923121318396,0.7715961563145184,True
8122,UBCF,10,1,0.1,,0.0,,True
8123,CBF,10,2,0.2,20.357530189223063,20.357530189223063,10.178765101099387,True
8123,UBCF,10,2,0.2,37.90428148972095,37.90428148972095,18.95215698491864,True
8124,CBF,10,2,0.2,28.163648891291636,28.163648891291636,14.081829185081,True
8124,UBCF,10,1,0.1,,0.0,,True
8125,CBF,10,4,0.4,8.450340451133783,25.35102135340135,6.053342118066845,True
8125,UBCF,10,1,0.1,,0.0,,True
8126,CBF,10,2,0.2,43.262588299701214,43.262588299701214,21.631301429361923,True
8126,UBCF,10,1,0.1,,0.0,,True
8127,CBF,10,1,0.1,,0.0,,True
8127,UBCF,10,1,0.1,,0.0,,True
8128,CBF,10,3,0.3,10.66612670445373,21.33225340890746,6.855558252398129,True
8128,UBCF,10,2,0.2,20.56227028829262,20.56227028829262,10.281135193399617,True
8129,CBF,10,3,0.3,39.90103000773112,79.80206001546225,24.100304972323233,True
8129,UBCF,10,1,0.1,,0.0,,True
8130,CBF,10,2,0.2,18.063673535690604,18.063673535690604,9.031838163077367,True
8130,UBCF,10,1,0.1,,0.0,,True
8131,CBF,10,1,0.1,,0.0,,True
8131,UBCF,10,1,0.1,,0.0,,True
8132,CBF,10,3,0.3,16.661937939696955,33.32387587939391,14.670392701795173,True
8132,UBCF,10,1,0.1,,0.0,,True
8133,CBF,10,1,0.1,,0.0,,True
8133,UBCF,10,2,0.2,37.90428148972095,37.90428148972095,18.95215698491864,True
8134,CBF,10,1,0.1,,0.0,,True
8134,UBCF,10,2,0.2,20.56227028829262,20.56227028829262,10.281135193399617,True
8135,CBF,10,2,0.2,43.262588299701214,43.262588299701214,21.631301429361923,True
8135,UBCF,10,1,0.1,,0.0,,True
8136,CBF,10,2,0.2,36.24007716797648,36.24007716797648,18.12004609756425,True
8136,UBCF,10,1,0.1,,0.0,,True
8137,CBF,10,2,0.2,1.5431923121318396,1.5431923121318396,0.7715961563145184,True
8137,UBCF,10,2,0.2,19.380806902927784,19.380806902927784,9.690404897837317,True
8138,CBF,10,1,0.1,,0.0,,True
8138,UBCF,10,2,0.2,10.351160117462083,10.351160117462083,5.175580061801435,True
8139,CBF,10,2,0.2,1.5156689175409355,1.5156689175409355,0.7578344591212706,True
8139,UBCF,10,1,0.1,,0.0,,True
8140,CBF,10,1,0.1,,0.0,,True
8140,UBCF,10,1,0.1,,0.0,,True
8141,CBF,10,3,0.3,16.661937939696955,33.32387587939391,14.670392701795173,True
8141,UBCF,10,1,0.1,,0.0,,True
8142,CBF,10,1,0.1,,0.0,,True
8142,UBCF,10,1,0.1,,0.0,,True
8143,CBF,10,2,0.2,3.743765121928155,3.743765121928155,1.8718825702673683,True
8143,UBCF,10,1,0.1,,0.0,,True
8144,CBF,10,2,0.2,1.4317359571066377,1.4317359571066377,0.7158679788583666,True
8144,UBCF,10,1,0.1,,0.0,,True
8145,CBF,10,2,0.2,27.972552036849212,27.972552036849212,13.986278905543603,True
8145,UBCF,10,1,0.1,,0.0,,True
8146,CBF,10,2,0.2,45.15888968902632,45.15888968902632,22.579458423802805,True
8146,UBCF,10,1,0.1,,0.0,,True
8147,CBF,10,1,0.1,,0.0,,True
8147,UBCF,10,1,0.1,,0.0,,True
8148,CBF,10,3,0.3,6.033233297243764,12.066466594487528,4.955868351644761,True
8148,UBCF,10,1,0.1,,0.0,,True
8149,CBF,10,1,0.1,,0.0,,True
8149,UBCF,10,1,0.1,,0.0,,True
8150,CBF,10,4,0.4,21.076747819219893,63.23024345765968,20.997982841365136,True
8150,UBCF,10,1,0.1,,0.0,,True
8151,CBF,10,2,0.2,7.90812379907292,7.90812379907292,3.954061946399003,True
8151,UBCF,10,1,0.1,,0.0,,True
8152,CBF,10,3,0.3,38.018461444091116,76.03692288818223,24.94602623208985,True
8152,UBCF,10,1,0.1,,0.0,,True
8153,CBF,10,2,0.2,27.62510581657787,27.62510581657787,13.812557272157129,True
8153,UBCF,10,2,0.2,45.85743379833855,45.85743379833855,22.92871906581808,True
8154,CBF,10,2,0.2,2.3181081257908294,2.3181081257908294,1.1590540648649006,True
8154,UBCF,10,1,0.1,,0.0,,True
8155,CBF,10,1,0.1,,0.0,,True
8155,UBCF,10,2,0.2,20.56227028829262,20.56227028829262,10.281135193399617,True
8156,CBF,10,1,0.1,,0.0,,True
8156,UBCF,10,2,0.2,37.90428148972095,37.90428148972095,18.95215698491864,True
8157,CBF,10,2,0.2,33.67692365322722,33.67692365322722,16.838466700408475,True
8157,UBCF,10,1,0.1,,0.0,,True
8158,CBF,10,1,0.1,,0.0,,True
8158,UBCF,10,1,0.1,,0.0,,True
8159,CBF,10,2,0.2,1.851196413912366,1.851196413912366,0.9255982080141867,True
8159,UBCF,10,2,0.2,37.90428148972095,37.90428148972095,18.95215698491864,True
8160,CBF,10,1,0.1,,0.0,,True
8160,UBCF,10,1,0.1,,0.0,,True
8161,CBF,10,2,0.2,18.063673535690604,18.063673535690604,9.031838163077367,True
8161,UBCF,10,1,0.1,,0.0,,True
8162,CBF,10,1,0.1,,0.0,,True
8162,UBCF,10,2,0.2,37.90428148972095,37.90428148972095,18.95215698491864,True
8163,CBF,10,1,0.1,,0.0,,True
8163,UBCF,10,1,0.1,,0.0,,True
8164,CBF,10,1,0.1,,0.0,,True
8164,UBCF,10,1,0.1,,0.0,,True
8165,CBF,10,1,0.1,,0.0,,True
8165,UBCF,10,1,0.1,,0.0,,True
8166,CBF,10,3,0.3,30.421064077280356,60.84212815456071,19.21469958578438,True
8166,UBCF,10,1,0.1,,0.0,,True
8167,CBF,10,2,0.2,1.4317359571066377,1.4317359571066377,0.7158679788583666,True
8167,UBCF,10,1,0.1,,0.0,,True
8168,CBF,10,2,0.2,2.741878999614309,2.741878999614309,1.370939502113806,True
8168,UBCF,10,1,0.1,,0.0,,True
8169,CBF,10,3,0.3,16.661937939696955,33.32387587939391,14.670392701795173,True
8169,UBCF,10,1,0.1,,0.0,,True
8170,CBF,10,2,0.2,29.15869940542207,29.15869940542207,14.579355363761266,True
8170,UBCF,10,1,0.1,,0.0,,True
8171,CBF,10,1,0.1,,0.0,,True
8171,UBCF,10,1,0.1,,0.0,,True
8172,CBF,10,1,0.1,,0.0,,True
8172,UBCF,10,1,0.1,,0.0,,True
8173,CBF,10,1,0.1,,0.0,,True
8173,UBCF,10,2,0.2,20.56227028829262,20.56227028829262,10.281135193399617,True
8174,CBF,10,1,0.1,,0.0,,True
8174,UBCF,10,1,0.1,,0.0,,True
8175,CBF,10,1,0.1,,0.0,,True
8175,UBCF,10,1,0.1,,0.0,,True
8176,CBF,10,2,0.2,32.70568879807172,32.70568879807172,16.352846904750777,True
8176,UBCF,10,1,0.1,,0.0,,True
8177,CBF,10,3,0.3,16.661937939696955,33.32387587939391,14.670392701795173,True
8177,UBCF,10,1,0.1,,0.0,,True
8178,CBF,10,2,0.2,39.884336960417365,39.884336960417365,19.94216859195539,True
8178,UBCF,10,2,0.2,11.749728398231753,11.749728398231753,5.874864397864018,True
8179,CBF,10,4,0.4,5.040012111920859,15.120036335762578,3.035272123767159,True
8179,UBCF,10,1,0.1,,0.0,,True
8180,CBF,10,2,0.2,1.4317359571066377,1.4317359571066377,0.7158679788583666,True
8180,UBCF,10,1,0.1,,0.0,,True
8182,CBF,10,3,0.3,16.661937939696955,33.32387587939391,14.670392701795173,True
8182,UBCF,10,1,0.1,,0.0,,True
8183,CBF,10,2,0.2,47.42548488878177,47.42548488878177,23.712758341755357,True
8183,UBCF,10,1,0.1,,0.0,,True
8184,CBF,10,2,0.2,19.380806902927784,19.380806902927784,9.690404897837317,True
8184,UBCF,10,2,0.2,11.749728398231753,11.749728398231753,5.874864397864018,True
8185,CBF,10,1,0.1,,0.0,,True
8185,UBCF,10,1,0.1,,0.0,,True
8186,CBF,10,1,0.1,,0.0,,True
8186,UBCF,10,1,0.1,,0.0,,True
8187,CBF,10,4,0.4,22.328899971465518,66.98669991439655,20.997982841365136,True
8187,UBCF,10,1,0.1,,0.0,,True
8188,CBF,10,1,0.1,,0.0,,True
8188,UBCF,10,2,0.2,10.351160117462083,10.351160117462083,5.175580061801435,True
8189,CBF,10,1,0.1,,0.0,,True
8189,UBCF,10,1,0.1,,0.0,,True
8190,CBF,10,1,0.1,,0.0,,True
8190,UBCF,10,1,0.1,,0.0,,True
8191,CBF,10,2,0.2,32.70568879807172,32.70568879807172,16.352846904750777,True
8191,UBCF,10,1,0.1,,0.0,,True
8192,CBF,10,2,0.2,28.163648891291636,28.163648891291636,14.081829185081,True
8192,UBCF,10,1,0.1,,0.0,,True
8193,CBF,10,1,0.1,,0.0,,True
8193,UBCF,10,1,0.1,,0.0,,True
8194,CBF,10,1,0.1,,0.0,,True
8194,UBCF,10,2,0.2,20.56227028829262,20.56227028829262,10.281135193399617,True
8195,CBF,10,3,0.3,39.90103000773112,79.80206001546225,24.100304972323233,True
8195,UBCF,10,1,0.1,,0.0,,True
8196,CBF,10,2,0.2,18.090856044061663,18.090856044061663,9.045429778932869,True
8196,UBCF,10,1,0.1,,0.0,,True
8197,CBF,10,2,0.2,48.054481419213076,48.054481419213076,24.027240711726357,True
8197,UBCF,10,1,0.1,,0.0,,True
8198,CBF,10,1,0.1,,0.0,,True
8198,UBCF,10,1,0.1,,0.0,,True
8199,CBF,10,3,0.3,34.06422716240222,68.12845432480444,23.57688621531099,True
8199,UBCF,10,1,0.1,,0.0,,True
8200,CBF,10,1,0.1,,0.0,,True
8200,UBCF,10,1,0.1,,0.0,,True
8201,CBF,10,2,0.2,39.89544829710059,39.89544829710059,19.947732443611972,True
8201,UBCF,10,1,0.1,,0.0,,True
8202,CBF,10,1,0.1,,0.0,,True
8202,UBCF,10,1,0.1,,0.0,,True
8203,CBF,10,1,0.1,,0.0,,True
8203,UBCF,10,1,0.1,,0.0,,True
8204,CBF,10,2,0.2,27.972552036849212,27.972552036849212,13.986278905543603,True
8204,UBCF,10,1,0.1,,0.0,,True
8205,CBF,10,2,0.2,17.82423193742532,17.82423193742532,8.912116066560213,True
8205,UBCF,10,1,0.1,,0.0,,True
8206,CBF,10,3,0.3,29.551415178475974,59.10283035695195,23.225886950306606,True
8206,UBCF,10,1,0.1,,0.0,,True
8207,CBF,10,1,0.1,,0.0,,True
8207,UBCF,10,1,0.1,,0.0,,True
8208,CBF,10,1,0.1,,0.0,,True
8208,UBCF,10,1,0.1,,0.0,,True
8209,CBF,10,1,0.1,,0.0,,True
8209,UBCF,10,1,0.1,,0.0,,True
8210,CBF,10,1,0.1,,0.0,,True
8210,UBCF,10,1,0.1,,0.0,,True
8212,CBF,10,1,0.1,,0.0,,True
8212,UBCF,10,1,0.1,,0.0,,True
8213,CBF,10,2,0.2,1.4317359571066377,1.4317359571066377,0.7158679788583666,True
8213,UBCF,10,2,0.2,10.351160117462083,10.351160117462083,5.175580061801435,True
8214,CBF,10,4,0.4,8.581333005178434,25.7439990155353,5.52440225451474,True
8214,UBCF,10,1,0.1,,0.0,,True
8215,CBF,10,3,0.3,20.8336314806464,41.6672629612928,16.438423703338746,True
8215,UBCF,10,1,0.1,,0.0,,True
8216,CBF,10,2,0.2,4.127413100707732,4.127413100707732,2.063706557612347,True
8216,UBCF,10,1,0.1,,0.0,,True
8217,CBF,10,3,0.3,32.38451953126529,64.76903906253058,22.005942210250677,True
8217,UBCF,10,1,0.1,,0.0,,True
8218,CBF,10,2,0.2,4.127413100707732,4.127413100707732,2.063706557612347,True
8218,UBCF,10,1,0.1,,0.0,,True
8219,CBF,10,2,0.2,1.4317359571066377,1.4317359571066377,0.7158679788583666,True
8219,UBCF,10,1,0.1,,0.0,,True
8220,CBF,10,1,0.1,,0.0,,True
8220,UBCF,10,1,0.1,,0.0,,True
8221,CBF,10,2,0.2,1.4520848238930628,1.4520848238930628,0.7260424121934375,True
8221,UBCF,10,2,0.2,37.90428148972095,37.90428148972095,18.95215698491864,True
8222,CBF,10,1,0.1,,0.0,,True
8222,UBCF,10,1,0.1,,0.0,,True
8223,CBF,10,3,0.3,29.741831496078074,59.48366299215615,22.03639370655,True
8223,UBCF,10,1,0.1,,0.0,,True
8224,CBF,10,3,0.3,26.528865278077504,53.05773055615501,13.812411814634183,True
8224,UBCF,10,1,0.1,,0.0,,True
8225,CBF,10,2,0.2,28.163648891291636,28.163648891291636,14.081829185081,True
8225,UBCF,10,1,0.1,,0.0,,True
8226,CBF,10,2,0.2,1.4317359571066377,1.4317359571066377,0.7158679788583666,True
8226,UBCF,10,1,0.1,,0.0,,True
8227,CBF,10,4,0.4,20.43932791311023,61.317983739330685,20.261094096195606,True
8227,UBCF,10,1,0.1,,0.0,,True
8228,CBF,10,3,0.3,16.661937939696955,33.32387587939391,14.670392701795173,True
8228,UBCF,10,1,0.1,,0.0,,True
8229,CBF,10,2,0.2,37.90428148972095,37.90428148972095,18.95215698491864,True
8229,UBCF,10,1,0.1,,0.0,,True
8230,CBF,10,4,0.4,22.241682820702156,66.72504846210647,20.91186791301194,True
8230,UBCF,10,1,0.1,,0.0,,True
8231,CBF,10,2,0.2,2.5420414357668193,2.5420414357668193,1.271020718894901,True
8231,UBCF,10,1,0.1,,0.0,,True
8232,CBF,10,2,0.2,1.4317359571066377,1.4317359571066377,0.7158679788583666,True
8232,UBCF,10,1,0.1,,0.0,,True
8233,CBF,10,2,0.2,27.972552036849212,27.972552036849212,13.986278905543603,True
8233,UBCF,10,1,0.1,,0.0,,True
8234,CBF,10,1,0.1,,0.0,,True
8234,UBCF,10,1,0.1,,0.0,,True
8235,CBF,10,3,0.3,39.90103000773112,79.80206001546225,24.100304972323233,True
8235,UBCF,10,1,0.1,,0.0,,True
8236,CBF,10,1,0.1,,0.0,,True
8236,UBCF,10,2,0.2,10.351160117462083,10.351160117462083,5.175580061801435,True
8237,CBF,10,1,0.1,,0.0,,True
8237,UBCF,10,2,0.2,20.56227028829262,20.56227028829262,10.281135193399617,True
8238,CBF,10,2,0.2,28.163648891291636,28.163648891291636,14.081829185081,True
8238,UBCF,10,2,0.2,37.90428148972095,37.90428148972095,18.95215698491864,True
8239,CBF,10,1,0.1,,0.0,,True
8239,UBCF,10,1,0.1,,0.0,,True
8240,CBF,10,2,0.2,27.972552036849212,27.972552036849212,13.986278905543603,True
8240,UBCF,10,1,0.1,,0.0,,True
8241,CBF,10,2,0.2,28.163648891291636,28.163648891291636,14.081829185081,True
8241,UBCF,10,1,0.1,,0.0,,True
8242,CBF,10,1,0.1,,0.0,,True
8242,UBCF,10,1,0.1,,0.0,,True
8243,CBF,10,3,0.3,19.86916854607542,39.73833709215084,13.812411814634183,True
8243,UBCF,10,1,0.1,,0.0,,True
8244,CBF,10,1,0.1,,0.0,,True
8244,UBCF,10,2,0.2,31.43542951846135,31.43542951846135,15.717719488393843,True
8245,CBF,10,3,0.3,12.830655212541107,25.661310425082213,7.505223390028394,True
8245,UBCF,10,1,0.1,,0.0,,True
8246,CBF,10,2,0.2,1.4317359571066377,1.4317359571066377,0.7158679788583666,True
8246,UBCF,10,1,0.1,,0.0,,True
8247,CBF,10,1,0.1,,0.0,,True
8247,UBCF,10,1,0.1,,0.0,,True
8248,CBF,10,2,0.2,1.4317359571066377,1.4317359571066377,0.7158679788583666,True
8248,UBCF,10,1,0.1,,0.0,,True
8249,CBF,10,1,0.1,,0.0,,True
8249,UBCF,10,1,0.1,,0.0,,True
8250,CBF,10,1,0.1,,0.0,,True
8250,UBCF,10,2,0.2,11.749728398231753,11.749728398231753,5.874864397864018,True
8251,CBF,10,3,0.3,10.66612670445373,21.33225340890746,6.855558252398129,True
8251,UBCF,10,1,0.1,,0.0,,True
8252,CBF,10,2,0.2,43.262588299701214,43.262588299701214,21.631301429361923,True
8252,UBCF,10,1,0.1,,0.0,,True
8253,CBF,10,2,0.2,5.24053157815252,5.24053157815252,2.620265811832727,True
8253,UBCF,10,1,0.1,,0.0,,True
8254,CBF,10,1,0.1,,0.0,,True
8254,UBCF,10,2,0.2,32.52874473344892,32.52874473344892,16.264373376438158,True
8255,CBF,10,2,0.2,39.884336960417365,39.884336960417365,19.94216859195539,True
8255,UBCF,10,1,0.1,,0.0,,True
8256,CBF,10,2,0.2,2.3181081257908294,2.3181081257908294,1.1590540648649006,True
8256,UBCF,10,1,0.1,,0.0,,True
8257,CBF,10,2,0.2,18.063673535690604,18.063673535690604,9.031838163077367,True
8257,UBCF,10,1,0.1,,0.0,,True
8258,CBF,10,2,0.2,43.262588299701214,43.262588299701214,21.631301429361923,True
8258,UBCF,10,1,0.1,,0.0,,True
8259,CBF,10,1,0.1,,0.0,,True
8259,UBCF,10,1,0.1,,0.0,,True
8260,CBF,10,1,0.1,,0.0,,True
8260,UBCF,10,1,0.1,,0.0,,True
8261,CBF,10,2,0.2,33.67692365322722,33.67692365322722,16.838466700408475,True
8261,UBCF,10,1,0.1,,0.0,,True
8262,CBF,10,1,0.1,,0.0,,True
8262,UBCF,10,1,0.1,,0.0,,True
8263,CBF,10,2,0.2,1.5156689175409355,1.5156689175409355,0.7578344591212706,True
8263,UBCF,10,2,0.2,48.054481419213076,48.054481419213076,24.027240711726357,True
8264,CBF,10,3,0.3,16.962779864591603,33.925559729183206,14.670392701795173,True
8264,UBCF,10,1,0.1,,0.0,,True
8265,CBF,10,3,0.3,38.018461444091116,76.03692288818223,24.94602623208985,True
8265,UBCF,10,1,0.1,,0.0,,True
8266,CBF,10,2,0.2,2.3181081257908294,2.3181081257908294,1.1590540648649006,True
8266,UBCF,10,1,0.1,,0.0,,True
8267,CBF,10,2,0.2,43.262588299701214,43.262588299701214,21.631301429361923,True
8267,UBCF,10,1,0.1,,0.0,,True
8268,CBF,10,2,0.2,8.412640195690354,8.412640195690354,4.206320154926033,True
8268,UBCF,10,2,0.2,18.520770095129077,18.520770095129077,9.260386933619406,True
8269,CBF,10,1,0.1,,0.0,,True
8269,UBCF,10,1,0.1,,0.0,,True
8270,CBF,10,2,0.2,39.884336960417365,39.884336960417365,19.94216859195539,True
8270,UBCF,10,2,0.2,37.90428148972095,37.90428148972095,18.95215698491864,True
8271,CBF,10,3,0.3,16.369547466627616,32.73909493325523,12.440399787129088,True
8271,UBCF,10,1,0.1,,0.0,,True
8272,CBF,10,2,0.2,28.163648891291636,28.163648891291636,14.081829185081,True
8272,UBCF,10,1,0.1,,0.0,,True
8273,CBF,10,3,0.3,19.86916854607542,39.73833709215084,13.812411814634183,True
8273,UBCF,10,1,0.1,,0.0,,True
8274,CBF,10,3,0.3,51.71236007998358,103.42472015996717,27.314473332598265,True
8274,UBCF,10,1,0.1,,0.0,,True
8275,CBF,10,2,0.2,1.4317359571066377,1.4317359571066377,0.7158679788583666,True
8275,UBCF,10,2,0.2,37.90428148972095,37.90428148972095,18.95215698491864,True
8276,CBF,10,1,0.1,,0.0,,True
8276,UBCF,10,1,0.1,,0.0,,True
8277,CBF,10,4,0.4,26.55953048088999,79.67859144266997,19.190306008873637,True
8277,UBCF,10,1,0.1,,0.0,,True
8279,CBF,10,1,0.1,,0.0,,True
8279,UBCF,10,1,0.1,,0.0,,True
8280,CBF,10,1,0.1,,0.0,,True
8280,UBCF,10,1,0.1,,0.0,,True
8281,CBF,10,2,0.2,28.163648891291636,28.163648891291636,14.081829185081,True
8281,UBCF,10,1,0.1,,0.0,,True
8282,CBF,10,1,0.1,,0.0,,True
8282,UBCF,10,1,0.1,,0.0,,True
8283,CBF,10,1,0.1,,0.0,,True
8283,UBCF,10,2,0.2,37.90428148972095,37.90428148972095,18.95215698491864,True
8284,CBF,10,1,0.1,,0.0,,True
8284,UBCF,10,1,0.1,,0.0,,True
8285,CBF,10,2,0.2,18.063673535690604,18.063673535690604,9.031838163077367,True
8285,UBCF,10,1,0.1,,0.0,,True
8286,CBF,10,2,0.2,27.972552036849212,27.972552036849212,13.986278905543603,True
8286,UBCF,10,1,0.1,,0.0,,True
8287,CBF,10,2,0.2,28.163648891291636,28.163648891291636,14.081829185081,True
8287,UBCF,10,1,0.1,,0.0,,True
8288,CBF,10,2,0.2,36.24007716797648,36.24007716797648,18.12004609756425,True
8288,UBCF,10,1,0.1,,0.0,,True
8290,CBF,10,1,0.1,,0.0,,True
8290,UBCF,10,1,0.1,,0.0,,True
8291,CBF,10,1,0.1,,0.0,,True
8291,UBCF,10,1,0.1,,0.0,,True
8292,CBF,10,2,0.2,47.2904786604151,47.2904786604151,23.645251826609766,True
8292,UBCF,10,1,0.1,,0.0,,True
8293,CBF,10,1,0.1,,0.0,,True
8293,UBCF,10,1,0.1,,0.0,,True
8294,CBF,10,2,0.2,23.42832637973626,23.42832637973626,11.71416658667128,True
8294,UBCF,10,1,0.1,,0.0,,True
8295,CBF,10,1,0.1,,0.0,,True
8295,UBCF,10,1,0.1,,0.0,,True
8296,CBF,10,1,0.1,,0.0,,True
8296,UBCF,10,2,0.2,32.156236140329234,32.156236140329234,16.078123042774006,True
8297,CBF,10,2,0.2,19.380806902927784,19.380806902927784,9.690404897837317,True
8297,UBCF,10,1,0.1,,0.0,,True
8298,CBF,10,2,0.2,1.4317359571066377,1.4317359571066377,0.7158679788583666,True
8298,UBCF,10,1,0.1,,0.0,,True
8299,CBF,10,1,0.1,,0.0,,True
8299,UBCF,10,1,0.1,,0.0,,True
8300,CBF,10,2,0.2,28.163648891291636,28.163648891291636,14.081829185081,True
8300,UBCF,10,1,0.1,,0.0,,True
8301,CBF,10,1,0.1,,0.0,,True
8301,UBCF,10,1,0.1,,0.0,,True
8302,CBF,10,2,0.2,28.163648891291636,28.163648891291636,14.081829185081,True
8302,UBCF,10,1,0.1,,0.0,,True
8303,CBF,10,3,0.3,42.52944910299619,85.05889820599238,26.14808571237297,True
8303,UBCF,10,1,0.1,,0.0,,True
8304,CBF,10,1,0.1,,0.0,,True
8304,UBCF,10,2,0.2,27.972552036849212,27.972552036849212,13.986278905543603,True
8305,CBF,10,1,0.1,,0.0,,True
8305,UBCF,10,2,0.2,10.351160117462083,10.351160117462083,5.175580061801435,True
8306,CBF,10,1,0.1,,0.0,,True
8306,UBCF,10,2,0.2,11.749728398231753,11.749728398231753,5.874864397864018,True
8307,CBF,10,1,0.1,,0.0,,True
8307,UBCF,10,1,0.1,,0.0,,True
8308,CBF,10,3,0.3,39.05328904591443,78.10657809182887,22.70958043158625,True
8308,UBCF,10,1,0.1,,0.0,,True
8309,CBF,10,2,0.2,1.5156689175409355,1.5156689175409355,0.7578344591212706,True
8309,UBCF,10,1,0.1,,0.0,,True
8310,CBF,10,1,0.1,,0.0,,True
8310,UBCF,10,1,0.1,,0.0,,True
8311,CBF,10,2,0.2,39.245429755089575,39.245429755089575,19.622723579412103,True
8311,UBCF,10,1,0.1,,0.0,,True
8312,CBF,10,1,0.1,,0.0,,True
8312,UBCF,10,1,0.1,,0.0,,True
8313,CBF,10,3,0.3,29.551415178475974,59.10283035695195,23.225886950306606,True
8313,UBCF,10,1,0.1,,0.0,,True
8314,CBF,10,1,0.1,,0.0,,True
8314,UBCF,10,1,0.1,,0.0,,True
8315,CBF,10,3,0.3,38.018461444091116,76.03692288818223,24.94602623208985,True
8315,UBCF,10,1,0.1,,0.0,,True
8316,CBF,10,3,0.3,16.661937939696955,33.32387587939391,14.670392701795173,True
8316,UBCF,10,1,0.1,,0.0,,True
8317,CBF,10,3,0.3,10.66612670445373,21.33225340890746,6.855558252398129,True
8317,UBCF,10,1,0.1,,0.0,,True
8318,CBF,10,1,0.1,,0.0,,True
8318,UBCF,10,2,0.2,27.972552036849212,27.972552036849212,13.986278905543603,True
8319,CBF,10,1,0.1,,0.0,,True
8319,UBCF,10,1,0.1,,0.0,,True
8320,CBF,10,1,0.1,,0.0,,True
8320,UBCF,10,2,0.2,37.90428148972095,37.90428148972095,18.95215698491864,True
8321,CBF,10,1,0.1,,0.0,,True
8321,UBCF,10,1,0.1,,0.0,,True
8322,CBF,10,1,0.1,,0.0,,True
8322,UBCF,10,1,0.1,,0.0,,True
8323,CBF,10,4,0.4,26.7243388864777,80.1730166594331,20.997982841365136,True
8323,UBCF,10,1,0.1,,0.0,,True
8324,CBF,10,2,0.2,39.884336960417365,39.884336960417365,19.94216859195539,True
8324,UBCF,10,1,0.1,,0.0,,True
8325,CBF,10,1,0.1,,0.0,,True
8325,UBCF,10,2,0.2,20.56227028829262,20.56227028829262,10.281135193399617,True
8326,CBF,10,2,0.2,19.380806902927784,19.380806902927784,9.690404897837317,True
8326,UBCF,10,1,0.1,,0.0,,True
8327,CBF,10,2,0.2,43.262588299701214,43.262588299701214,21.631301429361923,True
8327,UBCF,10,1,0.1,,0.0,,True
8328,CBF,10,3,0.3,7.831768616920792,15.663537233841584,5.634524994140189,True
8328,UBCF,10,1,0.1,,0.0,,True
8329,CBF,10,1,0.1,,0.0,,True
8329,UBCF,10,1,0.1,,0.0,,True
8330,CBF,10,1,0.1,,0.0,,True
8330,UBCF,10,1,0.1,,0.0,,True
8331,CBF,10,4,0.4,21.076747819219893,63.23024345765968,20.997982841365133,True
8331,UBCF,10,1,0.1,,0.0,,True
8332,CBF,10,3,0.3,50.075337687662994,100.15067537532599,28.335316861705888,True
8332,UBCF,10,1,0.1,,0.0,,True
8333,CBF,10,1,0.1,,0.0,,True
8333,UBCF,10,1,0.1,,0.0,,True
8334,CBF,10,2,0.2,43.262588299701214,43.262588299701214,21.631301429361923,True
8334,UBCF,10,1,0.1,,0.0,,True
8335,CBF,10,2,0.2,39.304889873625584,39.304889873625584,19.65246355239085,True
8335,UBCF,10,1,0.1,,0.0,,True
8336,CBF,10,1,0.1,,0.0,,True
8336,UBCF,10,1,0.1,,0.0,,True
8337,CBF,10,1,0.1,,0.0,,True
8337,UBCF,10,1,0.1,,0.0,,True
8338,CBF,10,2,0.2,7.90812379907292,7.90812379907292,3.954061946399003,True
8338,UBCF,10,2,0.2,37.90428148972095,37.90428148972095,18.95215698491864,True
8339,CBF,10,1,0.1,,0.0,,True
8339,UBCF,10,1,0.1,,0.0,,True
8340,CBF,10,3,0.3,16.962779864591603,33.925559729183206,14.670392701795173,True
8340,UBCF,10,2,0.2,11.749728398231753,11.749728398231753,5.874864397864018,True
8341,CBF,10,2,0.2,34.72149846976685,34.72149846976685,17.360758094044108,True
8341,UBCF,10,1,0.1,,0.0,,True
8342,CBF,10,2,0.2,4.60843075094998,4.60843075094998,2.3042153901429225,True
8342,UBCF,10,1,0.1,,0.0,,True
8343,CBF,10,2,0.2,39.68146350068155,39.68146350068155,19.840734382814126,True
8343,UBCF,10,1,0.1,,0.0,,True
8345,CBF,10,1,0.1,,0.0,,True
8345,UBCF,10,1,0.1,,0.0,,True
8346,CBF,10,3,0.3,16.661937939696955,33.32387587939391,14.670392701795173,True
8346,UBCF,10,1,0.1,,0.0,,True
8347,CBF,10,2,0.2,4.127413100707732,4.127413100707732,2.063706557612347,True
8347,UBCF,10,1,0.1,,0.0,,True
8348,CBF,10,1,0.1,,0.0,,True
8348,UBCF,10,1,0.1,,0.0,,True
8350,CBF,10,1,0.1,,0.0,,True
8350,UBCF,10,1,0.1,,0.0,,True
8351,CBF,10,1,0.1,,0.0,,True
8351,UBCF,10,1,0.1,,0.0,,True
8352,CBF,10,3,0.3,17.422387190708463,34.844774381416926,13.984483048123929,True
8352,UBCF,10,2,0.2,37.90428148972095,37.90428148972095,18.95215698491864,True
8353,CBF,10,2,0.2,39.131166621556076,39.131166621556076,19.565591509610922,True
8353,UBCF,10,1,0.1,,0.0,,True
8354,CBF,10,1,0.1,,0.0,,True
8354,UBCF,10,1,0.1,,0.0,,True
8355,CBF,10,1,0.1,,0.0,,True
8355,UBCF,10,1,0.1,,0.0,,True
8356,CBF,10,2,0.2,24.475756360953795,24.475756360953795,12.237881850962218,True
8356,UBCF,10,2,0.2,37.90428148972095,37.90428148972095,18.95215698491864,True
8357,CBF,10,2,0.2,28.163648891291636,28.163648891291636,14.081829185081,True
8357,UBCF,10,1,0.1,,0.0,,True
8358,CBF,10,2,0.2,43.262588299701214,43.262588299701214,21.631301429361923,True
8358,UBCF,10,1,0.1,,0.0,,True
8359,CBF,10,2,0.2,33.67692365322722,33.67692365322722,16.838466700408475,True
8359,UBCF,10,1,0.1,,0.0,,True
8360,CBF,10,1,0.1,,0.0,,True
8360,UBCF,10,1,0.1,,0.0,,True
8361,CBF,10,1,0.1,,0.0,,True
8361,UBCF,10,1,0.1,,0.0,,True
8362,CBF,10,2,0.2,43.262588299701214,43.262588299701214,21.631301429361923,True
8362,UBCF,10,1,0.1,,0.0,,True
8363,CBF,10,1,0.1,,0.0,,True
8363,UBCF,10,1,0.1,,0.0,,True
8364,CBF,10,1,0.1,,0.0,,True
8364,UBCF,10,2,0.2,48.054481419213076,48.054481419213076,24.027240711726357,True
8365,CBF,10,1,0.1,,0.0,,True
8365,UBCF,10,1,0.1,,0.0,,True
8367,CBF,10,2,0.2,0.618187081322193,0.618187081322193,0.3090935406794648,True
8367,UBCF,10,1,0.1,,0.0,,True
8368,CBF,10,1,0.1,,0.0,,True
8368,UBCF,10,1,0.1,,0.0,,True
8369,CBF,10,1,0.1,,0.0,,True
8369,UBCF,10,1,0.1,,0.0,,True
8370,CBF,10,2,0.2,43.262588299701214,43.262588299701214,21.631301429361923,True
8370,UBCF,10,1,0.1,,0.0,,True
8371,CBF,10,1,0.1,,0.0,,True
8371,UBCF,10,1,0.1,,0.0,,True
8372,CBF,10,1,0.1,,0.0,,True
8372,UBCF,10,1,0.1,,0.0,,True
8373,CBF,10,1,0.1,,0.0,,True
8373,UBCF,10,2,0.2,48.054481419213076,48.054481419213076,24.027240711726357,True
8374,CBF,10,1,0.1,,0.0,,True
8374,UBCF,10,1,0.1,,0.0,,True
8375,CBF,10,1,0.1,,0.0,,True
8375,UBCF,10,2,0.2,10.351160117462083,10.351160117462083,5.175580061801435,True
8376,CBF,10,2,0.2,1.4520848238930628,1.4520848238930628,0.7260424121934375,True
8376,UBCF,10,2,0.2,37.90428148972095,37.90428148972095,18.95215698491864,True
8377,CBF,10,1,0.1,,0.0,,True
8377,UBCF,10,2,0.2,45.76874505995922,45.76874505995922,22.88438506416864,True
8378,CBF,10,1,0.1,,0.0,,True
8378,UBCF,10,1,0.1,,0.0,,True
8379,CBF,10,2,0.2,42.58985072810587,42.58985072810587,21.294941911813737,True
8379,UBCF,10,1,0.1,,0.0,,True
8380,CBF,10,2,0.2,1.4317359571066377,1.4317359571066377,0.7158679788583666,True
8380,UBCF,10,2,0.2,27.972552036849212,27.972552036849212,13.986278905543603,True
8381,CBF,10,1,0.1,,0.0,,True
8381,UBCF,10,1,0.1,,0.0,,True
8382,CBF,10,1,0.1,,0.0,,True
8382,UBCF,10,1,0.1,,0.0,,True
8383,CBF,10,2,0.2,2.3181081257908294,2.3181081257908294,1.1590540648649006,True
8383,UBCF,10,1,0.1,,0.0,,True
8384,CBF,10,1,0.1,,0.0,,True
8384,UBCF,10,1,0.1,,0.0,,True
8385,CBF,10,2,0.2,28.163648891291636,28.163648891291636,14.081829185081,True
8385,UBCF,10,1,0.1,,0.0,,True
8387,CBF,10,3,0.3,15.733591411112258,31.467182822224515,12.498526438558054,True
8387,UBCF,10,1,0.1,,0.0,,True
8388,CBF,10,3,0.3,54.20315480682549,108.40630961365098,26.65203969884985,True
8388,UBCF,10,1,0.1,,0.0,,True
8389,CBF,10,1,0.1,,0.0,,True
8389,UBCF,10,1,0.1,,0.0,,True
8390,CBF,10,2,0.2,1.5156689175409355,1.5156689175409355,0.7578344591212706,True
8390,UBCF,10,1,0.1,,0.0,,True
8391,CBF,10,2,0.2,32.70568879807172,32.70568879807172,16.352846904750777,True
8391,UBCF,10,1,0.1,,0.0,,True
8392,CBF,10,1,0.1,,0.0,,True
8392,UBCF,10,1,0.1,,0.0,,True
8393,CBF,10,3,0.3,35.966929782203124,71.93385956440625,25.30422081791086,True
8393,UBCF,10,1,0.1,,0.0,,True
8394,CBF,10,1,0.1,,0.0,,True
8394,UBCF,10,1,0.1,,0.0,,True
8395,CBF,10,1,0.1,,0.0,,True
8395,UBCF,10,1,0.1,,0.0,,True
8396,CBF,10,2,0.2,27.972552036849212,27.972552036849212,13.986278905543603,True
8396,UBCF,10,1,0.1,,0.0,,True
8397,CBF,10,3,0.3,35.328831441064196,70.65766288212839,24.597134071658655,True
8397,UBCF,10,2,0.2,37.90428148972095,37.90428148972095,18.95215698491864,True
8398,CBF,10,1,0.1,,0.0,,True
8398,UBCF,10,1,0.1,,0.0,,True
8399,CBF,10,2,0.2,43.50817815473331,43.50817815473331,21.754100831478382,True
8399,UBCF,10,1,0.1,,0.0,,True
8400,CBF,10,2,0.2,33.67692365322722,33.67692365322722,16.838466700408475,True
8400,UBCF,10,1,0.1,,0.0,,True
8401,CBF,10,2,0.2,1.5156689175409355,1.5156689175409355,0.7578344591212706,True
8401,UBCF,10,2,0.2,32.156236140329234,32.156236140329234,16.078123042774006,True
8402,CBF,10,1,0.1,,0.0,,True
8402,UBCF,10,1,0.1,,0.0,,True
8403,CBF,10,1,0.1,,0.0,,True
8403,UBCF,10,2,0.2,32.52874473344892,32.52874473344892,16.264373376438158,True
8404,CBF,10,1,0.1,,0.0,,True
8404,UBCF,10,2,0.2,11.749728398231753,11.749728398231753,5.874864397864018,True
8405,CBF,10,1,0.1,,0.0,,True
8405,UBCF,10,1,0.1,,0.0,,True
8406,CBF,10,4,0.4,9.660313749151308,28.980941247453924,9.168335956807377,True
8406,UBCF,10,1,0.1,,0.0,,True
8407,CBF,10,1,0.1,,0.0,,True
8407,UBCF,10,2,0.2,20.56227028829262,20.56227028829262,10.281135193399617,True
8408,CBF,10,1,0.1,,0.0,,True
8408,UBCF,10,1,0.1,,0.0,,True
8409,CBF,10,1,0.1,,0.0,,True
8409,UBCF,10,2,0.2,32.52874473344892,32.52874473344892,16.264373376438158,True
8410,CBF,10,2,0.2,15.331600980045696,15.331600980045696,7.665801087987717,True
8410,UBCF,10,1,0.1,,0.0,,True
8411,CBF,10,3,0.3,14.940987963050672,29.881975926101344,12.657607024491256,True
8411,UBCF,10,1,0.1,,0.0,,True
8412,CBF,10,2,0.2,28.163648891291636,28.163648891291636,14.081829185081,True
8412,UBCF,10,2,0.2,27.972552036849212,27.972552036849212,13.986278905543603,True
8413,CBF,10,4,0.4,8.373710885113416,25.12113265534025,9.005662929122341,True
8413,UBCF,10,1,0.1,,0.0,,True
8414,CBF,10,1,0.1,,0.0,,True
8414,UBCF,10,1,0.1,,0.0,,True
8415,CBF,10,2,0.2,0.618187081322193,0.618187081322193,0.3090935406794648,True
8415,UBCF,10,1,0.1,,0.0,,True
8416,CBF,10,1,0.1,,0.0,,True
8416,UBCF,10,1,0.1,,0.0,,True
8417,CBF,10,1,0.1,,0.0,,True
8417,UBCF,10,1,0.1,,0.0,,True
8418,CBF,10,1,0.1,,0.0,,True
8418,UBCF,10,1,0.1,,0.0,,True
8419,CBF,10,1,0.1,,0.0,,True
8419,UBCF,10,2,0.2,11.749728398231753,11.749728398231753,5.874864397864018,True
8420,CBF,10,2,0.2,15.331600980045696,15.331600980045696,7.665801087987717,True
8420,UBCF,10,2,0.2,28.023986357443068,28.023986357443068,14.01199605679436,True
8421,CBF,10,3,0.3,2.5804238069174286,5.160847613834857,2.057399983736488,True
8421,UBCF,10,1,0.1,,0.0,,True
8422,CBF,10,3,0.3,16.661937939696955,33.32387587939391,14.670392701795173,True
8422,UBCF,10,1,0.1,,0.0,,True
8423,CBF,10,2,0.2,28.163648891291636,28.163648891291636,14.081829185081,True
8423,UBCF,10,1,0.1,,0.0,,True
8424,CBF,10,1,0.1,,0.0,,True
8424,UBCF,10,1,0.1,,0.0,,True
8425,CBF,10,3,0.3,8.787898476085292,17.575796952170585,6.855558252398129,True
8425,UBCF,10,1,0.1,,0.0,,True
8426,CBF,10,2,0.2,28.163648891291636,28.163648891291636,14.081829185081,True
8426,UBCF,10,1,0.1,,0.0,,True
8427,CBF,10,1,0.1,,0.0,,True
8427,UBCF,10,1,0.1,,0.0,,True
8428,CBF,10,2,0.2,27.972552036849212,27.972552036849212,13.986278905543603,True
8428,UBCF,10,1,0.1,,0.0,,True
8429,CBF,10,1,0.1,,0.0,,True
8429,UBCF,10,1,0.1,,0.0,,True
8430,CBF,10,2,0.2,27.972552036849212,27.972552036849212,13.986278905543603,True
8430,UBCF,10,1,0.1,,0.0,,True
8431,CBF,10,1,0.1,,0.0,,True
8431,UBCF,10,1,0.1,,0.0,,True
8432,CBF,10,2,0.2,1.4317359571066377,1.4317359571066377,0.7158679788583666,True
8432,UBCF,10,1,0.1,,0.0,,True
8433,CBF,10,2,0.2,1.4317359571066377,1.4317359571066377,0.7158679788583666,True
8433,UBCF,10,1,0.1,,0.0,,True
8434,CBF,10,2,0.2,2.3181081257908294,2.3181081257908294,1.1590540648649006,True
8434,UBCF,10,1,0.1,,0.0,,True
8435,CBF,10,2,0.2,27.972552036849212,27.972552036849212,13.986278905543603,True
8435,UBCF,10,2,0.2,8.412640195690354,8.412640195690354,4.206320154926033,True
8436,CBF,10,1,0.1,,0.0,,True
8436,UBCF,10,1,0.1,,0.0,,True
8437,CBF,10,3,0.3,10.66612670445373,21.33225340890746,6.855558252398129,True
8437,UBCF,10,1,0.1,,0.0,,True
8438,CBF,10,1,0.1,,0.0,,True
8438,UBCF,10,2,0.2,10.351160117462083,10.351160117462083,5.175580061801435,True
8439,CBF,10,4,0.4,8.450340451133783,25.35102135340135,6.053342118066845,True
8439,UBCF,10,1,0.1,,0.0,,True
8440,CBF,10,1,0.1,,0.0,,True
8440,UBCF,10,1,0.1,,0.0,,True
8441,CBF,10,1,0.1,,0.0,,True
8441,UBCF,10,1,0.1,,0.0,,True
8442,CBF,10,1,0.1,,0.0,,True
8442,UBCF,10,1,0.1,,0.0,,True
8443,CBF,10,1,0.1,,0.0,,True
8443,UBCF,10,2,0.2,45.85743379833855,45.85743379833855,22.92871906581808,True
8444,CBF,10,1,0.1,,0.0,,True
8444,UBCF,10,1,0.1,,0.0,,True
8445,CBF,10,2,0.2,24.475756360953795,24.475756360953795,12.237881850962218,True
8445,UBCF,10,1,0.1,,0.0,,True
8446,CBF,10,2,0.2,43.262588299701214,43.262588299701214,21.631301429361923,True
8446,UBCF,10,2,0.2,11.749728398231753,11.749728398231753,5.874864397864018,True
8447,CBF,10,1,0.1,,0.0,,True
8447,UBCF,10,1,0.1,,0.0,,True
8448,CBF,10,1,0.1,,0.0,,True
8448,UBCF,10,1,0.1,,0.0,,True
8449,CBF,10,1,0.1,,0.0,,True
8449,UBCF,10,1,0.1,,0.0,,True
8450,CBF,10,2,0.2,1.4317359571066377,1.4317359571066377,0.7158679788583666,True
8450,UBCF,10,1,0.1,,0.0,,True
8451,CBF,10,2,0.2,7.733147622462576,7.733147622462576,3.8665738749156624,True
8451,UBCF,10,2,0.2,37.90428148972095,37.90428148972095,18.95215698491864,True
8452,CBF,10,4,0.4,30.582447467216166,91.7473424016485,24.59569791492236,True
8452,UBCF,10,2,0.2,37.90428148972095,37.90428148972095,18.95215698491864,True
8453,CBF,10,2,0.2,1.851196413912366,1.851196413912366,0.9255982080141867,True
8453,UBCF,10,1,0.1,,0.0,,True
8454,CBF,10,1,0.1,,0.0,,True
8454,UBCF,10,1,0.1,,0.0,,True
8455,CBF,10,1,0.1,,0.0,,True
8455,UBCF,10,1,0.1,,0.0,,True
8456,CBF,10,1,0.1,,0.0,,True
8456,UBCF,10,1,0.1,,0.0,,True
8457,CBF,10,3,0.3,16.00286294846914,32.00572589693828,12.498526438558054,True
8457,UBCF,10,1,0.1,,0.0,,True
8458,CBF,10,2,0.2,1.4317359571066377,1.4317359571066377,0.7158679788583666,True
8458,UBCF,10,2,0.2,37.90428148972095,37.90428148972095,18.95215698491864,True
8460,CBF,10,2,0.2,33.67692365322722,33.67692365322722,16.838466700408475,True
8460,UBCF,10,1,0.1,,0.0,,True
8461,CBF,10,2,0.2,28.163648891291636,28.163648891291636,14.081829185081,True
8461,UBCF,10,1,0.1,,0.0,,True
8462,CBF,10,2,0.2,39.884336960417365,39.884336960417365,19.94216859195539,True
8462,UBCF,10,1,0.1,,0.0,,True
8463,CBF,10,2,0.2,27.972552036849212,27.972552036849212,13.986278905543603,True
8463,UBCF,10,1,0.1,,0.0,,True
8464,CBF,10,2,0.2,38.54334327738816,38.54334327738816,19.27168404100997,True
8464,UBCF,10,1,0.1,,0.0,,True
8465,CBF,10,1,0.1,,0.0,,True
8465,UBCF,10,1,0.1,,0.0,,True
8466,CBF,10,1,0.1,,0.0,,True
8466,UBCF,10,1,0.1,,0.0,,True
8467,CBF,10,2,0.2,17.82423193742532,17.82423193742532,8.912116066560213,True
8467,UBCF,10,1,0.1,,0.0,,True
8468,CBF,10,4,0.4,8.408161596905684,25.22448479071705,9.168335956807377,True
8468,UBCF,10,1,0.1,,0.0,,True
8469,CBF,10,2,0.2,1.4317359571066377,1.4317359571066377,0.7158679788583666,True
8469,UBCF,10,1,0.1,,0.0,,True
8470,CBF,10,1,0.1,,0.0,,True
8470,UBCF,10,1,0.1,,0.0,,True
8471,CBF,10,3,0.3,38.018461444091116,76.03692288818223,24.94602623208985,True
8471,UBCF,10,1,0.1,,0.0,,True
8472,CBF,10,1,0.1,,0.0,,True
8472,UBCF,10,1,0.1,,0.0,,True
8473,CBF,10,1,0.1,,0.0,,True
8473,UBCF,10,1,0.1,,0.0,,True
8474,CBF,10,1,0.1,,0.0,,True
8474,UBCF,10,1,0.1,,0.0,,True
8475,CBF,10,2,0.2,39.89544829710059,39.89544829710059,19.947732443611972,True
8475,UBCF,10,1,0.1,,0.0,,True
8476,CBF,10,2,0.2,27.972552036849212,27.972552036849212,13.986278905543603,True
8476,UBCF,10,1,0.1,,0.0,,True
8478,CBF,10,3,0.3,16.661937939696955,33.32387587939391,14.670392701795173,True
8478,UBCF,10,1,0.1,,0.0,,True
8479,CBF,10,2,0.2,47.42548488878177,47.42548488878177,23.712758341755357,True
8479,UBCF,10,1,0.1,,0.0,,True
8480,CBF,10,1,0.1,,0.0,,True
8480,UBCF,10,1,0.1,,0.0,,True
8481,CBF,10,1,0.1,,0.0,,True
8481,UBCF,10,1,0.1,,0.0,,True
8482,CBF,10,1,0.1,,0.0,,True
8482,UBCF,10,1,0.1,,0.0,,True
8483,CBF,10,2,0.2,39.884336960417365,39.884336960417365,19.94216859195539,True
8483,UBCF,10,2,0.2,37.90428148972095,37.90428148972095,18.95215698491864,True
8485,CBF,10,1,0.1,,0.0,,True
8485,UBCF,10,1,0.1,,0.0,,True
8486,CBF,10,2,0.2,19.380806902927784,19.380806902927784,9.690404897837317,True
8486,UBCF,10,1,0.1,,0.0,,True
8487,CBF,10,2,0.2,27.972552036849212,27.972552036849212,13.986278905543603,True
8487,UBCF,10,2,0.2,37.90428148972095,37.90428148972095,18.95215698491864,True
8489,CBF,10,2,0.2,43.50817815473331,43.50817815473331,21.754100831478382,True
8489,UBCF,10,1,0.1,,0.0,,True
8490,CBF,10,2,0.2,1.4317359571066377,1.4317359571066377,0.7158679788583666,True
8490,UBCF,10,1,0.1,,0.0,,True
8491,CBF,10,2,0.2,16.36414581336663,16.36414581336663,8.182073605008515,True
8491,UBCF,10,1,0.1,,0.0,,True
8492,CBF,10,1,0.1,,0.0,,True
8492,UBCF,10,1,0.1,,0.0,,True
8493,CBF,10,1,0.1,,0.0,,True
8493,UBCF,10,1,0.1,,0.0,,True
8494,CBF,10,2,0.2,39.245429755089575,39.245429755089575,19.622723579412103,True
8494,UBCF,10,2,0.2,45.85743379833855,45.85743379833855,22.92871906581808,True
8495,CBF,10,2,0.2,43.262588299701214,43.262588299701214,21.631301429361923,True
8495,UBCF,10,1,0.1,,0.0,,True
8496,CBF,10,1,0.1,,0.0,,True
8496,UBCF,10,2,0.2,10.351160117462083,10.351160117462083,5.175580061801435,True
8497,CBF,10,1,0.1,,0.0,,True
8497,UBCF,10,1,0.1,,0.0,,True
8498,CBF,10,2,0.2,1.4317359571066377,1.4317359571066377,0.7158679788583666,True
8498,UBCF,10,1,0.1,,0.0,,True
8499,CBF,10,1,0.1,,0.0,,True
8499,UBCF,10,1,0.1,,0.0,,True
8500,CBF,10,1,0.1,,0.0,,True
8500,UBCF,10,1,0.1,,0.0,,True
8501,CBF,10,1,0.1,,0.0,,True
8501,UBCF,10,1,0.1,,0.0,,True
8502,CBF,10,1,0.1,,0.0,,True
8502,UBCF,10,1,0.1,,0.0,,True
8503,CBF,10,2,0.2,5.859110933607617,5.859110933607617,2.929555475275662,True
8503,UBCF,10,1,0.1,,0.0,,True
8504,CBF,10,1,0.1,,0.0,,True
8504,UBCF,10,1,0.1,,0.0,,True
8505,CBF,10,2,0.2,46.88442332277071,46.88442332277071,23.44222710486278,True
8505,UBCF,10,2,0.2,45.76874505995922,45.76874505995922,22.88438506416864,True
8506,CBF,10,2,0.2,43.262588299701214,43.262588299701214,21.631301429361923,True
8506,UBCF,10,1,0.1,,0.0,,True
8507,CBF,10,1,0.1,,0.0,,True
8507,UBCF,10,1,0.1,,0.0,,True
8508,CBF,10,2,0.2,33.67692365322722,33.67692365322722,16.838466700408475,True
8508,UBCF,10,1,0.1,,0.0,,True
8509,CBF,10,1,0.1,,0.0,,True
8509,UBCF,10,1,0.1,,0.0,,True
8510,CBF,10,1,0.1,,0.0,,True
8510,UBCF,10,1,0.1,,0.0,,True
8511,CBF,10,2,0.2,39.68146350068155,39.68146350068155,19.840734382814126,True
8511,UBCF,10,1,0.1,,0.0,,True
8512,CBF,10,2,0.2,39.884336960417365,39.884336960417365,19.94216859195539,True
8512,UBCF,10,1,0.1,,0.0,,True
8513,CBF,10,2,0.2,10.08111406100853,10.08111406100853,5.040557317381017,True
8513,UBCF,10,1,0.1,,0.0,,True
8514,CBF,10,2,0.2,43.262588299701214,43.262588299701214,21.631301429361923,True
8514,UBCF,10,1,0.1,,0.0,,True
8515,CBF,10,2,0.2,27.972552036849212,27.972552036849212,13.986278905543603,True
8515,UBCF,10,1,0.1,,0.0,,True
8516,CBF,10,2,0.2,39.89544829710059,39.89544829710059,19.947732443611972,True
8516,UBCF,10,1,0.1,,0.0,,True
8517,CBF,10,1,0.1,,0.0,,True
8517,UBCF,10,1,0.1,,0.0,,True
8518,CBF,10,2,0.2,43.262588299701214,43.262588299701214,21.631301429361923,True
8518,UBCF,10,1,0.1,,0.0,,True
8519,CBF,10,1,0.1,,0.0,,True
8519,UBCF,10,1,0.1,,0.0,,True
8520,CBF,10,4,0.4,8.364890681457892,25.094672044373674,8.44375842131808,True
8520,UBCF,10,1,0.1,,0.0,,True
8521,CBF,10,1,0.1,,0.0,,True
8521,UBCF,10,1,0.1,,0.0,,True
8522,CBF,10,1,0.1,,0.0,,True
8522,UBCF,10,1,0.1,,0.0,,True
8523,CBF,10,2,0.2,29.15869940542207,29.15869940542207,14.579355363761266,True
8523,UBCF,10,1,0.1,,0.0,,True
8524,CBF,10,3,0.3,24.39230265249232,48.78460530498464,20.690350397652598,True
8524,UBCF,10,1,0.1,,0.0,,True
8526,CBF,10,2,0.2,34.72149846976685,34.72149846976685,17.360758094044108,True
8526,UBCF,10,1,0.1,,0.0,,True
8527,CBF,10,2,0.2,24.475756360953795,24.475756360953795,12.237881850962218,True
8527,UBCF,10,1,0.1,,0.0,,True
8528,CBF,10,1,0.1,,0.0,,True
8528,UBCF,10,1,0.1,,0.0,,True
8529,CBF,10,3,0.3,26.65156717201778,53.30313434403556,20.021181731727335,True
8529,UBCF,10,1,0.1,,0.0,,True
8530,CBF,10,2,0.2,18.063673535690604,18.063673535690604,9.031838163077367,True
8530,UBCF,10,1,0.1,,0.0,,True
8531,CBF,10,2,0.2,27.972552036849212,27.972552036849212,13.986278905543603,True
8531,UBCF,10,1,0.1,,0.0,,True
8532,CBF,10,2,0.2,1.4317359571066377,1.4317359571066377,0.7158679788583666,True
8532,UBCF,10,1,0.1,,0.0,,True
8533,CBF,10,1,0.1,,0.0,,True
8533,UBCF,10,2,0.2,5.233050194623336,5.233050194623336,2.6165251180268063,True
8534,CBF,10,1,0.1,,0.0,,True
8534,UBCF,10,1,0.1,,0.0,,True
8535,CBF,10,1,0.1,,0.0,,True
8535,UBCF,10,2,0.2,37.90428148972095,37.90428148972095,18.95215698491864,True
8536,CBF,10,1,0.1,,0.0,,True
8536,UBCF,10,2,0.2,20.56227028829262,20.56227028829262,10.281135193399617,True
8537,CBF,10,1,0.1,,0.0,,True
8537,UBCF,10,1,0.1,,0.0,,True
8538,CBF,10,2,0.2,28.163648891291636,28.163648891291636,14.081829185081,True
8538,UBCF,10,2,0.2,37.90428148972095,37.90428148972095,18.95215698491864,True
8539,CBF,10,1,0.1,,0.0,,True
8539,UBCF,10,2,0.2,37.90428148972095,37.90428148972095,18.95215698491864,True
8540,CBF,10,4,0.4,7.575595734681682,22.726787204045046,6.478585786488347,True
8540,UBCF,10,1,0.1,,0.0,,True
8541,CBF,10,2,0.2,42.58985072810587,42.58985072810587,21.294941911813737,True
8541,UBCF,10,1,0.1,,0.0,,True
8542,CBF,10,4,0.4,22.328899971465518,66.98669991439655,20.997982841365136,True
8542,UBCF,10,1,0.1,,0.0,,True
8543,CBF,10,2,0.2,1.4317359571066377,1.4317359571066377,0.7158679788583666,True
8543,UBCF,10,1,0.1,,0.0,,True
8544,CBF,10,1,0.1,,0.0,,True
8544,UBCF,10,1,0.1,,0.0,,True
8545,CBF,10,1,0.1,,0.0,,True
8545,UBCF,10,1,0.1,,0.0,,True
8546,CBF,10,2,0.2,28.163648891291636,28.163648891291636,14.081829185081,True
8546,UBCF,10,1,0.1,,0.0,,True
8547,CBF,10,2,0.2,45.76874505995922,45.76874505995922,22.88438506416864,True
8547,UBCF,10,1,0.1,,0.0,,True
8548,CBF,10,3,0.3,31.429643406844413,62.859286813688826,24.10030497232324,True
8548,UBCF,10,2,0.2,37.90428148972095,37.90428148972095,18.95215698491864,True
8549,CBF,10,1,0.1,,0.0,,True
8549,UBCF,10,2,0.2,10.351160117462083,10.351160117462083,5.175580061801435,True
8550,CBF,10,1,0.1,,0.0,,True
8550,UBCF,10,1,0.1,,0.0,,True
8551,CBF,10,4,0.4,26.7243388864777,80.1730166594331,20.997982841365136,True
8551,UBCF,10,2,0.2,10.351160117462083,10.351160117462083,5.175580061801435,True
8552,CBF,10,2,0.2,1.5431923121318396,1.5431923121318396,0.7715961563145184,True
8552,UBCF,10,1,0.1,,0.0,,True
8553,CBF,10,2,0.2,1.5431923121318396,1.5431923121318396,0.7715961563145184,True
8553,UBCF,10,2,0.2,31.43542951846135,31.43542951846135,15.717719488393843,True
8554,CBF,10,2,0.2,27.972552036849212,27.972552036849212,13.986278905543603,True
8554,UBCF,10,1,0.1,,0.0,,True
8555,CBF,10,1,0.1,,0.0,,True
8555,UBCF,10,1,0.1,,0.0,,True
8556,CBF,10,1,0.1,,0.0,,True
8556,UBCF,10,2,0.2,40.809454731877814,40.809454731877814,20.404728867764554,True
8557,CBF,10,2,0.2,39.68146350068155,39.68146350068155,19.840734382814126,True
8557,UBCF,10,1,0.1,,0.0,,True
8559,CBF,10,2,0.2,1.4317359571066377,1.4317359571066377,0.7158679788583666,True
8559,UBCF,10,1,0.1,,0.0,,True
8560,CBF,10,1,0.1,,0.0,,True
8560,UBCF,10,2,0.2,31.43542951846135,31.43542951846135,15.717719488393843,True
8561,CBF,10,2,0.2,27.972552036849212,27.972552036849212,13.986278905543603,True
8561,UBCF,10,1,0.1,,0.0,,True
8562,CBF,10,2,0.2,2.3181081257908294,2.3181081257908294,1.1590540648649006,True
8562,UBCF,10,1,0.1,,0.0,,True
8563,CBF,10,2,0.2,1.5156689175409355,1.5156689175409355,0.7578344591212706,True
8563,UBCF,10,1,0.1,,0.0,,True
8564,CBF,10,2,0.2,27.972552036849212,27.972552036849212,13.986278905543603,True
8564,UBCF,10,1,0.1,,0.0,,True
8565,CBF,10,1,0.1,,0.0,,True
8565,UBCF,10,1,0.1,,0.0,,True
8566,CBF,10,2,0.2,43.07938720561975,43.07938720561975,21.53969449295095,True
8566,UBCF,10,1,0.1,,0.0,,True
8567,CBF,10,1,0.1,,0.0,,True
8567,UBCF,10,1,0.1,,0.0,,True
8568,CBF,10,2,0.2,19.802199491474596,19.802199491474596,9.901100073718258,True
8568,UBCF,10,1,0.1,,0.0,,True
8569,CBF,10,1,0.1,,0.0,,True
8569,UBCF,10,1,0.1,,0.0,,True
8570,CBF,10,2,0.2,20.357530189223063,20.357530189223063,10.178765101099387,True
8570,UBCF,10,1,0.1,,0.0,,True
8571,CBF,10,1,0.1,,0.0,,True
8571,UBCF,10,1,0.1,,0.0,,True
8572,CBF,10,1,0.1,,0.0,,True
8572,UBCF,10,1,0.1,,0.0,,True
8573,CBF,10,4,0.4,8.581333005178434,25.7439990155353,5.52440225451474,True
8573,UBCF,10,1,0.1,,0.0,,True
8574,CBF,10,1,0.1,,0.0,,True
8574,UBCF,10,1,0.1,,0.0,,True
8575,CBF,10,3,0.3,38.018461444091116,76.03692288818223,24.94602623208985,True
8575,UBCF,10,1,0.1,,0.0,,True
8576,CBF,10,2,0.2,1.4317359571066377,1.4317359571066377,0.7158679788583666,True
8576,UBCF,10,1,0.1,,0.0,,True
8578,CBF,10,1,0.1,,0.0,,True
8578,UBCF,10,1,0.1,,0.0,,True
8579,CBF,10,2,0.2,1.4317359571066377,1.4317359571066377,0.7158679788583666,True
8579,UBCF,10,2,0.2,10.351160117462083,10.351160117462083,5.175580061801435,True
8580,CBF,10,2,0.2,19.380806902927784,19.380806902927784,9.690404897837317,True
8580,UBCF,10,1,0.1,,0.0,,True
8581,CBF,10,1,0.1,,0.0,,True
8581,UBCF,10,1,0.1,,0.0,,True
8582,CBF,10,1,0.1,,0.0,,True
8582,UBCF,10,2,0.2,20.56227028829262,20.56227028829262,10.281135193399617,True
8585,CBF,10,3,0.3,40.494634821868374,80.98926964373675,24.940244259224546,True
8585,UBCF,10,1,0.1,,0.0,,True
8586,CBF,10,1,0.1,,0.0,,True
8586,UBCF,10,1,0.1,,0.0,,True
8587,CBF,10,2,0.2,20.357530189223063,20.357530189223063,10.178765101099387,True
8587,UBCF,10,2,0.2,27.972552036849212,27.972552036849212,13.986278905543603,True
8588,CBF,10,2,0.2,1.4317359571066377,1.4317359571066377,0.7158679788583666,True
8588,UBCF,10,1,0.1,,0.0,,True
8589,CBF,10,4,0.4,24.019045158685444,72.05713547605633,24.19298585183889,True
8589,UBCF,10,1,0.1,,0.0,,True
8590,CBF,10,2,0.2,43.50817815473331,43.50817815473331,21.754100831478382,True
8590,UBCF,10,1,0.1,,0.0,,True
8591,CBF,10,1,0.1,,0.0,,True
8591,UBCF,10,1,0.1,,0.0,,True
8592,CBF,10,1,0.1,,0.0,,True
8592,UBCF,10,1,0.1,,0.0,,True
8593,CBF,10,2,0.2,28.163648891291636,28.163648891291636,14.081829185081,True
8593,UBCF,10,1,0.1,,0.0,,True
8594,CBF,10,2,0.2,1.4520848238930628,1.4520848238930628,0.7260424121934375,True
8594,UBCF,10,1,0.1,,0.0,,True
8595,CBF,10,1,0.1,,0.0,,True
8595,UBCF,10,1,0.1,,0.0,,True
8596,CBF,10,2,0.2,20.441397917095234,20.441397917095234,10.220701636237614,True
8596,UBCF,10,1,0.1,,0.0,,True
8597,CBF,10,2,0.2,28.163648891291636,28.163648891291636,14.081829185081,True
8597,UBCF,10,2,0.2,10.351160117462083,10.351160117462083,5.175580061801435,True
8598,CBF,10,2,0.2,1.4317359571066377,1.4317359571066377,0.7158679788583666,True
8598,UBCF,10,1,0.1,,0.0,,True
8599,CBF,10,2,0.2,27.972552036849212,27.972552036849212,13.986278905543603,True
8599,UBCF,10,1,0.1,,0.0,,True
8600,CBF,10,1,0.1,,0.0,,True
8600,UBCF,10,1,0.1,,0.0,,True
8601,CBF,10,4,0.4,22.328899971465518,66.98669991439655,20.997982841365136,True
8601,UBCF,10,1,0.1,,0.0,,True
8602,CBF,10,2,0.2,43.098489680004235,43.098489680004235,21.549260507591605,True
8602,UBCF,10,1,0.1,,0.0,,True
8603,CBF,10,2,0.2,33.214895727349095,33.214895727349095,16.60744789747381,True
8603,UBCF,10,1,0.1,,0.0,,True
8604,CBF,10,1,0.1,,0.0,,True
8604,UBCF,10,1,0.1,,0.0,,True
8605,CBF,10,1,0.1,,0.0,,True
8605,UBCF,10,1,0.1,,0.0,,True
8606,CBF,10,1,0.1,,0.0,,True
8606,UBCF,10,1,0.1,,0.0,,True
8607,CBF,10,2,0.2,37.90428148972095,37.90428148972095,18.95215698491864,True
8607,UBCF,10,1,0.1,,0.0,,True
8608,CBF,10,1,0.1,,0.0,,True
8608,UBCF,10,1,0.1,,0.0,,True
8609,CBF,10,2,0.2,2.3181081257908294,2.3181081257908294,1.1590540648649006,True
8609,UBCF,10,1,0.1,,0.0,,True
8610,CBF,10,2,0.2,1.5431923121318396,1.5431923121318396,0.7715961563145184,True
8610,UBCF,10,1,0.1,,0.0,,True
8611,CBF,10,1,0.1,,0.0,,True
8611,UBCF,10,1,0.1,,0.0,,True
8612,CBF,10,2,0.2,28.163648891291636,28.163648891291636,14.081829185081,True
8612,UBCF,10,1,0.1,,0.0,,True
8613,CBF,10,1,0.1,,0.0,,True
8613,UBCF,10,1,0.1,,0.0,,True
8614,CBF,10,1,0.1,,0.0,,True
8614,UBCF,10,1,0.1,,0.0,,True
8615,CBF,10,2,0.2,20.357530189223063,20.357530189223063,10.178765101099387,True
8615,UBCF,10,1,0.1,,0.0,,True
8616,CBF,10,2,0.2,47.42548488878177,47.42548488878177,23.712758341755357,True
8616,UBCF,10,1,0.1,,0.0,,True
8617,CBF,10,3,0.3,29.551415178475974,59.10283035695195,23.225886950306606,True
8617,UBCF,10,1,0.1,,0.0,,True
8618,CBF,10,2,0.2,42.58985072810587,42.58985072810587,21.294941911813737,True
8618,UBCF,10,1,0.1,,0.0,,True
8619,CBF,10,1,0.1,,0.0,,True
8619,UBCF,10,1,0.1,,0.0,,True
8620,CBF,10,2,0.2,43.262588299701214,43.262588299701214,21.631301429361923,True
8620,UBCF,10,1,0.1,,0.0,,True
8621,CBF,10,1,0.1,,0.0,,True
8621,UBCF,10,1,0.1,,0.0,,True
8622,CBF,10,1,0.1,,0.0,,True
8622,UBCF,10,1,0.1,,0.0,,True
8623,CBF,10,2,0.2,1.4317359571066377,1.4317359571066377,0.7158679788583666,True
8623,UBCF,10,2,0.2,37.90428148972095,37.90428148972095,18.95215698491864,True
8624,CBF,10,3,0.3,29.741831496078074,59.48366299215615,22.03639370655,True
8624,UBCF,10,1,0.1,,0.0,,True
8625,CBF,10,1,0.1,,0.0,,True
8625,UBCF,10,1,0.1,,0.0,,True
8626,CBF,10,1,0.1,,0.0,,True
8626,UBCF,10,2,0.2,45.85743379833855,45.85743379833855,22.92871906581808,True
8627,CBF,10,1,0.1,,0.0,,True
8627,UBCF,10,1,0.1,,0.0,,True
8628,CBF,10,2,0.2,27.972552036849212,27.972552036849212,13.986278905543603,True
8628,UBCF,10,3,0.3,46.742821673007626,93.48564334601525,22.491845482861294,True
8629,CBF,10,2,0.2,15.331600980045696,15.331600980045696,7.665801087987717,True
8629,UBCF,10,2,0.2,31.43542951846135,31.43542951846135,15.717719488393843,True
8630,CBF,10,3,0.3,25.924591153773754,51.84918230754751,16.532762711732662,True
8630,UBCF,10,1,0.1,,0.0,,True
8631,CBF,10,1,0.1,,0.0,,True
8631,UBCF,10,1,0.1,,0.0,,True
8632,CBF,10,2,0.2,2.3181081257908294,2.3181081257908294,1.1590540648649006,True
8632,UBCF,10,1,0.1,,0.0,,True
8633,CBF,10,1,0.1,,0.0,,True
8633,UBCF,10,1,0.1,,0.0,,True
8635,CBF,10,2,0.2,1.4317359571066377,1.4317359571066377,0.7158679788583666,True
8635,UBCF,10,2,0.2,37.90428148972095,37.90428148972095,18.95215698491864,True
8636,CBF,10,1,0.1,,0.0,,True
8636,UBCF,10,1,0.1,,0.0,,True
8637,CBF,10,2,0.2,47.42548488878177,47.42548488878177,23.712758341755357,True
8637,UBCF,10,1,0.1,,0.0,,True
8638,CBF,10,2,0.2,1.5156689175409355,1.5156689175409355,0.7578344591212706,True
8638,UBCF,10,2,0.2,20.56227028829262,20.56227028829262,10.281135193399617,True
8639,CBF,10,2,0.2,38.97541147027279,38.97541147027279,19.487708880396617,True
8639,UBCF,10,1,0.1,,0.0,,True
8640,CBF,10,1,0.1,,0.0,,True
8640,UBCF,10,1,0.1,,0.0,,True
8642,CBF,10,2,0.2,42.46063206005696,42.46063206005696,21.230322245394014,True
8642,UBCF,10,1,0.1,,0.0,,True
8643,CBF,10,2,0.2,39.68146350068155,39.68146350068155,19.840734382814126,True
8643,UBCF,10,1,0.1,,0.0,,True
8644,CBF,10,1,0.1,,0.0,,True
8644,UBCF,10,2,0.2,32.52874473344892,32.52874473344892,16.264373376438158,True
8645,CBF,10,2,0.2,6.7248568044950225,6.7248568044950225,3.3624284085941114,True
8645,UBCF,10,1,0.1,,0.0,,True
8646,CBF,10,2,0.2,39.884336960417365,39.884336960417365,19.94216859195539,True
8646,UBCF,10,1,0.1,,0.0,,True
8647,CBF,10,2,0.2,42.58985072810587,42.58985072810587,21.294941911813737,True
8647,UBCF,10,1,0.1,,0.0,,True
8648,CBF,10,1,0.1,,0.0,,True
8648,UBCF,10,1,0.1,,0.0,,True
8649,CBF,10,2,0.2,1.4317359571066377,1.4317359571066377,0.7158679788583666,True
8649,UBCF,10,1,0.1,,0.0,,True
8650,CBF,10,1,0.1,,0.0,,True
8650,UBCF,10,1,0.1,,0.0,,True
8651,CBF,10,1,0.1,,0.0,,True
8651,UBCF,10,2,0.2,8.412640195690354,8.412640195690354,4.206320154926033,True
8652,CBF,10,2,0.2,18.346946635879913,18.346946635879913,9.173475207982682,True
8652,UBCF,10,1,0.1,,0.0,,True
8653,CBF,10,2,0.2,33.307372647861015,33.307372647861015,16.653688974915404,True
8653,UBCF,10,1,0.1,,0.0,,True
8654,CBF,10,2,0.2,27.972552036849212,27.972552036849212,13.986278905543603,True
8654,UBCF,10,1,0.1,,0.0,,True
8655,CBF,10,1,0.1,,0.0,,True
8655,UBCF,10,1,0.1,,0.0,,True
8656,CBF,10,2,0.2,2.3181081257908294,2.3181081257908294,1.1590540648649006,True
8656,UBCF,10,2,0.2,19.380806902927784,19.380806902927784,9.690404897837317,True
8657,CBF,10,1,0.1,,0.0,,True
8657,UBCF,10,1,0.1,,0.0,,True
8658,CBF,10,1,0.1,,0.0,,True
8658,UBCF,10,1,0.1,,0.0,,True
8660,CBF,10,1,0.1,,0.0,,True
8660,UBCF,10,1,0.1,,0.0,,True
8661,CBF,10,2,0.2,1.4317359571066377,1.4317359571066377,0.7158679788583666,True
8661,UBCF,10,2,0.2,37.90428148972095,37.90428148972095,18.95215698491864,True
8662,CBF,10,2,0.2,27.62510581657787,27.62510581657787,13.812557272157129,True
8662,UBCF,10,1,0.1,,0.0,,True
8663,CBF,10,2,0.2,1.4317359571066377,1.4317359571066377,0.7158679788583666,True
8663,UBCF,10,1,0.1,,0.0,,True
8664,CBF,10,2,0.2,32.70568879807172,32.70568879807172,16.352846904750777,True
8664,UBCF,10,1,0.1,,0.0,,True
8665,CBF,10,2,0.2,28.163648891291636,28.163648891291636,14.081829185081,True
8665,UBCF,10,2,0.2,10.351160117462083,10.351160117462083,5.175580061801435,True
8666,CBF,10,2,0.2,39.131166621556076,39.131166621556076,19.565591509610922,True
8666,UBCF,10,1,0.1,,0.0,,True
8667,CBF,10,2,0.2,1.5431923121318396,1.5431923121318396,0.7715961563145184,True
8667,UBCF,10,1,0.1,,0.0,,True
8668,CBF,10,1,0.1,,0.0,,True
8668,UBCF,10,1,0.1,,0.0,,True
8669,CBF,10,2,0.2,27.972552036849212,27.972552036849212,13.986278905543603,True
8669,UBCF,10,1,0.1,,0.0,,True
8670,CBF,10,1,0.1,,0.0,,True
8670,UBCF,10,1,0.1,,0.0,,True
8671,CBF,10,2,0.2,9.5932089449933,9.5932089449933,4.7966045159470685,True
8671,UBCF,10,2,0.2,20.56227028829262,20.56227028829262,10.281135193399617,True
8672,CBF,10,2,0.2,28.163648891291636,28.163648891291636,14.081829185081,True
8672,UBCF,10,2,0.2,32.52874473344892,32.52874473344892,16.264373376438158,True
8673,CBF,10,2,0.2,27.972552036849212,27.972552036849212,13.986278905543603,True
8673,UBCF,10,1,0.1,,0.0,,True
8674,CBF,10,2,0.2,27.972552036849212,27.972552036849212,13.986278905543603,True
8674,UBCF,10,1,0.1,,0.0,,True
8675,CBF,10,1,0.1,,0.0,,True
8675,UBCF,10,1,0.1,,0.0,,True
8676,CBF,10,1,0.1,,0.0,,True
8676,UBCF,10,1,0.1,,0.0,,True
8677,CBF,10,3,0.3,19.86916854607542,39.73833709215084,13.812411814634183,True
8677,UBCF,10,1,0.1,,0.0,,True
8678,CBF,10,2,0.2,1.0869016579213517,1.0869016579213517,0.5434508291259685,True
8678,UBCF,10,1,0.1,,0.0,,True
8679,CBF,10,2,0.2,1.4317359571066377,1.4317359571066377,0.7158679788583666,True
8679,UBCF,10,1,0.1,,0.0,,True
8681,CBF,10,1,0.1,,0.0,,True
8681,UBCF,10,2,0.2,10.351160117462083,10.351160117462083,5.175580061801435,True
8682,CBF,10,1,0.1,,0.0,,True
8682,UBCF,10,1,0.1,,0.0,,True
8683,CBF,10,2,0.2,49.470537526762,49.470537526762,24.735268777162105,True
8683,UBCF,10,1,0.1,,0.0,,True
8684,CBF,10,1,0.1,,0.0,,True
8684,UBCF,10,1,0.1,,0.0,,True
8686,CBF,10,2,0.2,29.15869940542207,29.15869940542207,14.579355363761266,True
8686,UBCF,10,1,0.1,,0.0,,True
8687,CBF,10,2,0.2,2.3181081257908294,2.3181081257908294,1.1590540648649006,True
8687,UBCF,10,1,0.1,,0.0,,True
8688,CBF,10,3,0.3,38.81877516953293,77.63755033906585,27.314473332598265,True
8688,UBCF,10,2,0.2,37.90428148972095,37.90428148972095,18.95215698491864,True
8689,CBF,10,2,0.2,19.380806902927784,19.380806902927784,9.690404897837317,True
8689,UBCF,10,1,0.1,,0.0,,True
8690,CBF,10,2,0.2,1.4317359571066377,1.4317359571066377,0.7158679788583666,True
8690,UBCF,10,1,0.1,,0.0,,True
8691,CBF,10,2,0.2,35.047699610959974,35.047699610959974,17.52385828960975,True
8691,UBCF,10,2,0.2,27.972552036849212,27.972552036849212,13.986278905543603,True
8692,CBF,10,2,0.2,1.5156689175409355,1.5156689175409355,0.7578344591212706,True
8692,UBCF,10,1,0.1,,0.0,,True
8693,CBF,10,3,0.3,1.2937418702284034,2.5874837404568067,1.0857956522152026,True
8693,UBCF,10,1,0.1,,0.0,,True
8694,CBF,10,1,0.1,,0.0,,True
8694,UBCF,10,2,0.2,28.023986357443068,28.023986357443068,14.01199605679436,True
8695,CBF,10,1,0.1,,0.0,,True
8695,UBCF,10,1,0.1,,0.0,,True
8696,CBF,10,1,0.1,,0.0,,True
8696,UBCF,10,1,0.1,,0.0,,True
8697,CBF,10,1,0.1,,0.0,,True
8697,UBCF,10,1,0.1,,0.0,,True
8698,CBF,10,1,0.1,,0.0,,True
8698,UBCF,10,2,0.2,19.380806902927784,19.380806902927784,9.690404897837317,True
8699,CBF,10,2,0.2,23.42832637973626,23.42832637973626,11.71416658667128,True
8699,UBCF,10,1,0.1,,0.0,,True
8700,CBF,10,2,0.2,1.4317359571066377,1.4317359571066377,0.7158679788583666,True
8700,UBCF,10,1,0.1,,0.0,,True
8701,CBF,10,1,0.1,,0.0,,True
8701,UBCF,10,1,0.1,,0.0,,True
8702,CBF,10,2,0.2,19.380806902927784,19.380806902927784,9.690404897837317,True
8702,UBCF,10,1,0.1,,0.0,,True
8703,CBF,10,1,0.1,,0.0,,True
8703,UBCF,10,1,0.1,,0.0,,True
8704,CBF,10,2,0.2,39.59342686098516,39.59342686098516,19.79672190853865,True
8704,UBCF,10,2,0.2,5.233050194623336,5.233050194623336,2.6165251180268063,True
8705,CBF,10,2,0.2,43.262588299701214,43.262588299701214,21.631301429361923,True
8705,UBCF,10,1,0.1,,0.0,,True
8706,CBF,10,1,0.1,,0.0,,True
8706,UBCF,10,1,0.1,,0.0,,True
8707,CBF,10,2,0.2,42.58985072810587,42.58985072810587,21.294941911813737,True
8707,UBCF,10,1,0.1,,0.0,,True
8708,CBF,10,2,0.2,2.3181081257908294,2.3181081257908294,1.1590540648649006,True
8708,UBCF,10,1,0.1,,0.0,,True
8709,CBF,10,4,0.4,26.55953048088999,79.67859144266997,19.190306008873637,True
8709,UBCF,10,1,0.1,,0.0,,True
8711,CBF,10,2,0.2,6.7248568044950225,6.7248568044950225,3.3624284085941114,True
8711,UBCF,10,1,0.1,,0.0,,True
8712,CBF,10,2,0.2,39.68146350068155,39.68146350068155,19.840734382814126,True
8712,UBCF,10,2,0.2,20.56227028829262,20.56227028829262,10.281135193399617,True
8713,CBF,10,2,0.2,28.163648891291636,28.163648891291636,14.081829185081,True
8713,UBCF,10,2,0.2,34.79994292107832,34.79994292107832,17.399980351195634,True
8714,CBF,10,2,0.2,43.262588299701214,43.262588299701214,21.631301429361923,True
8714,UBCF,10,1,0.1,,0.0,,True
8715,CBF,10,2,0.2,1.4317359571066377,1.4317359571066377,0.7158679788583666,True
8715,UBCF,10,1,0.1,,0.0,,True
8716,CBF,10,2,0.2,28.163648891291636,28.163648891291636,14.081829185081,True
8716,UBCF,10,2,0.2,17.19999557869816,17.19999557869816,8.599998991257007,True
8717,CBF,10,2,0.2,15.615557281864454,15.615557281864454,7.807779207932764,True
8717,UBCF,10,1,0.1,,0.0,,True
8718,CBF,10,1,0.1,,0.0,,True
8718,UBCF,10,1,0.1,,0.0,,True
8719,CBF,10,4,0.4,32.101902624371235,96.3057078731137,25.65059302720848,True
8719,UBCF,10,1,0.1,,0.0,,True
8720,CBF,10,2,0.2,29.625373143527977,29.625373143527977,14.812689612907125,True
8720,UBCF,10,1,0.1,,0.0,,True
8721,CBF,10,2,0.2,24.475756360953795,24.475756360953795,12.237881850962218,True
8721,UBCF,10,1,0.1,,0.0,,True
8722,CBF,10,2,0.2,24.475756360953795,24.475756360953795,12.237881850962218,True
8722,UBCF,10,1,0.1,,0.0,,True
8723,CBF,10,1,0.1,,0.0,,True
8723,UBCF,10,2,0.2,42.31944671414057,42.31944671414057,21.159730993153076,True
8724,CBF,10,1,0.1,,0.0,,True
8724,UBCF,10,1,0.1,,0.0,,True
8725,CBF,10,1,0.1,,0.0,,True
8725,UBCF,10,1,0.1,,0.0,,True
8726,CBF,10,2,0.2,27.972552036849212,27.972552036849212,13.986278905543603,True
8726,UBCF,10,1,0.1,,0.0,,True
8727,CBF,10,2,0.2,8.412640195690354,8.412640195690354,4.206320154926033,True
8727,UBCF,10,2,0.2,37.90428148972095,37.90428148972095,18.95215698491864,True
8728,CBF,10,2,0.2,1.4317359571066377,1.4317359571066377,0.7158679788583666,True
8728,UBCF,10,1,0.1,,0.0,,True
8729,CBF,10,1,0.1,,0.0,,True
8729,UBCF,10,1,0.1,,0.0,,True
8730,CBF,10,1,0.1,,0.0,,True
8730,UBCF,10,1,0.1,,0.0,,True
8731,CBF,10,1,0.1,,0.0,,True
8731,UBCF,10,1,0.1,,0.0,,True
8732,CBF,10,2,0.2,1.5156689175409355,1.5156689175409355,0.7578344591212706,True
8732,UBCF,10,2,0.2,32.52874473344892,32.52874473344892,16.264373376438158,True
8733,CBF,10,1,0.1,,0.0,,True
8733,UBCF,10,1,0.1,,0.0,,True
8734,CBF,10,1,0.1,,0.0,,True
8734,UBCF,10,2,0.2,10.351160117462083,10.351160117462083,5.175580061801435,True
8735,CBF,10,2,0.2,1.4520848238930628,1.4520848238930628,0.7260424121934375,True
8735,UBCF,10,2,0.2,19.380806902927784,19.380806902927784,9.690404897837317,True
8736,CBF,10,3,0.3,17.813877418028376,35.62775483605675,15.282631508078788,True
8736,UBCF,10,1,0.1,,0.0,,True
8737,CBF,10,1,0.1,,0.0,,True
8737,UBCF,10,1,0.1,,0.0,,True
8738,CBF,10,2,0.2,18.346946635879913,18.346946635879913,9.173475207982682,True
8738,UBCF,10,1,0.1,,0.0,,True
8739,CBF,10,2,0.2,4.127413100707732,4.127413100707732,2.063706557612347,True
8739,UBCF,10,1,0.1,,0.0,,True
8740,CBF,10,2,0.2,33.214895727349095,33.214895727349095,16.60744789747381,True
8740,UBCF,10,1,0.1,,0.0,,True
8741,CBF,10,2,0.2,43.262588299701214,43.262588299701214,21.631301429361923,True
8741,UBCF,10,1,0.1,,0.0,,True
8742,CBF,10,2,0.2,36.24007716797648,36.24007716797648,18.12004609756425,True
8742,UBCF,10,1,0.1,,0.0,,True
8743,CBF,10,2,0.2,27.656589283890874,27.656589283890874,13.828301855562042,True
8743,UBCF,10,1,0.1,,0.0,,True
8744,CBF,10,3,0.3,16.00286294846914,32.00572589693828,12.498526438558054,True
8744,UBCF,10,1,0.1,,0.0,,True
8745,CBF,10,1,0.1,,0.0,,True
8745,UBCF,10,1,0.1,,0.0,,True
8747,CBF,10,1,0.1,,0.0,,True
8747,UBCF,10,1,0.1,,0.0,,True
8748,CBF,10,2,0.2,39.131166621556076,39.131166621556076,19.565591509610922,True
8748,UBCF,10,1,0.1,,0.0,,True
8749,CBF,10,1,0.1,,0.0,,True
8749,UBCF,10,1,0.1,,0.0,,True
8750,CBF,10,2,0.2,27.972552036849212,27.972552036849212,13.986278905543603,True
8750,UBCF,10,1,0.1,,0.0,,True
8751,CBF,10,2,0.2,2.3181081257908294,2.3181081257908294,1.1590540648649006,True
8751,UBCF,10,1,0.1,,0.0,,True
8752,CBF,10,2,0.2,44.23287190192191,44.23287190192191,22.11643600810172,True
8752,UBCF,10,1,0.1,,0.0,,True
8753,CBF,10,4,0.4,22.328899971465518,66.98669991439655,20.997982841365136,True
8753,UBCF,10,1,0.1,,0.0,,True
8754,CBF,10,4,0.4,32.101902624371235,96.3057078731137,25.65059302720848,True
8754,UBCF,10,1,0.1,,0.0,,True
8755,CBF,10,2,0.2,27.972552036849212,27.972552036849212,13.986278905543603,True
8755,UBCF,10,2,0.2,10.6535360064198,10.6535360064198,5.3267683565995885,True
8756,CBF,10,1,0.1,,0.0,,True
8756,UBCF,10,1,0.1,,0.0,,True
8757,CBF,10,1,0.1,,0.0,,True
8757,UBCF,10,1,0.1,,0.0,,True
8758,CBF,10,2,0.2,19.380806902927784,19.380806902927784,9.690404897837317,True
8758,UBCF,10,1,0.1,,0.0,,True
8759,CBF,10,1,0.1,,0.0,,True
8759,UBCF,10,1,0.1,,0.0,,True
8760,CBF,10,1,0.1,,0.0,,True
8760,UBCF,10,2,0.2,37.90428148972095,37.90428148972095,18.95215698491864,True
8761,CBF,10,4,0.4,32.101902624371235,96.3057078731137,25.65059302720848,True
8761,UBCF,10,1,0.1,,0.0,,True
8762,CBF,10,2,0.2,1.5431923121318396,1.5431923121318396,0.7715961563145184,True
8762,UBCF,10,1,0.1,,0.0,,True
8763,CBF,10,2,0.2,5.859110933607617,5.859110933607617,2.929555475275662,True
8763,UBCF,10,2,0.2,18.092520720787423,18.092520720787423,9.046261297938383,True
8764,CBF,10,1,0.1,,0.0,,True
8764,UBCF,10,1,0.1,,0.0,,True
8765,CBF,10,1,0.1,,0.0,,True
8765,UBCF,10,1,0.1,,0.0,,True
8766,CBF,10,1,0.1,,0.0,,True
8766,UBCF,10,1,0.1,,0.0,,True
8767,CBF,10,2,0.2,19.32043757409859,19.32043757409859,9.660219798568896,True
8767,UBCF,10,1,0.1,,0.0,,True
8768,CBF,10,2,0.2,0.618187081322193,0.618187081322193,0.3090935406794648,True
8768,UBCF,10,1,0.1,,0.0,,True
8770,CBF,10,2,0.2,10.178597411544773,10.178597411544773,5.089298879718998,True
8770,UBCF,10,1,0.1,,0.0,,True
8772,CBF,10,1,0.1,,0.0,,True
8772,UBCF,10,1,0.1,,0.0,,True
8773,CBF,10,2,0.2,1.4317359571066377,1.4317359571066377,0.7158679788583666,True
8773,UBCF,10,1,0.1,,0.0,,True
8774,CBF,10,1,0.1,,0.0,,True
8774,UBCF,10,1,0.1,,0.0,,True
8775,CBF,10,2,0.2,43.262588299701214,43.262588299701214,21.631301429361923,True
8775,UBCF,10,3,0.3,34.57603632648781,69.15207265297562,24.390092677772042,True
8776,CBF,10,2,0.2,47.42548488878177,47.42548488878177,23.712758341755357,True
8776,UBCF,10,1,0.1,,0.0,,True
8777,CBF,10,1,0.1,,0.0,,True
8777,UBCF,10,1,0.1,,0.0,,True
8778,CBF,10,3,0.3,33.20085757433042,66.40171514866084,23.427638132482766,True
8778,UBCF,10,1,0.1,,0.0,,True
8779,CBF,10,2,0.2,48.19676460694125,48.19676460694125,24.098397818137045,True
8779,UBCF,10,1,0.1,,0.0,,True
8780,CBF,10,4,0.4,31.544039554091967,94.6321186622759,22.29489869174447,True
8780,UBCF,10,1,0.1,,0.0,,True
8782,CBF,10,1,0.1,,0.0,,True
8782,UBCF,10,1,0.1,,0.0,,True
8783,CBF,10,1,0.1,,0.0,,True
8783,UBCF,10,1,0.1,,0.0,,True
8784,CBF,10,1,0.1,,0.0,,True
8784,UBCF,10,1,0.1,,0.0,,True
8785,CBF,10,2,0.2,39.68146350068155,39.68146350068155,19.840734382814126,True
8785,UBCF,10,1,0.1,,0.0,,True
8786,CBF,10,2,0.2,28.163648891291636,28.163648891291636,14.081829185081,True
8786,UBCF,10,1,0.1,,0.0,,True
8787,CBF,10,1,0.1,,0.0,,True
8787,UBCF,10,1,0.1,,0.0,,True
8788,CBF,10,2,0.2,28.163648891291636,28.163648891291636,14.081829185081,True
8788,UBCF,10,1,0.1,,0.0,,True
8789,CBF,10,2,0.2,42.46063206005696,42.46063206005696,21.230322245394014,True
8789,UBCF,10,1,0.1,,0.0,,True
8790,CBF,10,1,0.1,,0.0,,True
8790,UBCF,10,1,0.1,,0.0,,True
8792,CBF,10,3,0.3,39.90103000773112,79.80206001546225,24.100304972323233,True
8792,UBCF,10,1,0.1,,0.0,,True
8793,CBF,10,1,0.1,,0.0,,True
8793,UBCF,10,1,0.1,,0.0,,True
8794,CBF,10,2,0.2,39.245429755089575,39.245429755089575,19.622723579412103,True
8794,UBCF,10,1,0.1,,0.0,,True
8795,CBF,10,1,0.1,,0.0,,True
8795,UBCF,10,1,0.1,,0.0,,True
8796,CBF,10,2,0.2,29.15869940542207,29.15869940542207,14.579355363761266,True
8796,UBCF,10,1,0.1,,0.0,,True
8797,CBF,10,2,0.2,17.82423193742532,17.82423193742532,8.912116066560213,True
8797,UBCF,10,1,0.1,,0.0,,True
8798,CBF,10,1,0.1,,0.0,,True
8798,UBCF,10,1,0.1,,0.0,,True
8799,CBF,10,2,0.2,1.5156689175409355,1.5156689175409355,0.7578344591212706,True
8799,UBCF,10,1,0.1,,0.0,,True
8800,CBF,10,2,0.2,4.127413100707732,4.127413100707732,2.063706557612347,True
8800,UBCF,10,2,0.2,37.90428148972095,37.90428148972095,18.95215698491864,True
8801,CBF,10,2,0.2,1.4317359571066377,1.4317359571066377,0.7158679788583666,True
8801,UBCF,10,1,0.1,,0.0,,True
8802,CBF,10,2,0.2,27.972552036849212,27.972552036849212,13.986278905543603,True
8802,UBCF,10,1,0.1,,0.0,,True
8803,CBF,10,2,0.2,8.966796178516137,8.966796178516137,4.483398160676603,True
8803,UBCF,10,1,0.1,,0.0,,True
8804,CBF,10,3,0.3,29.551415178475974,59.10283035695195,23.225886950306606,True
8804,UBCF,10,2,0.2,32.52874473344892,32.52874473344892,16.264373376438158,True
8805,CBF,10,2,0.2,7.90812379907292,7.90812379907292,3.954061946399003,True
8805,UBCF,10,2,0.2,37.90428148972095,37.90428148972095,18.95215698491864,True
8806,CBF,10,3,0.3,34.06634767673093,68.13269535346186,23.736745961868937,True
8806,UBCF,10,1,0.1,,0.0,,True
8807,CBF,10,1,0.1,,0.0,,True
8807,UBCF,10,1,0.1,,0.0,,True
8808,CBF,10,1,0.1,,0.0,,True
8808,UBCF,10,1,0.1,,0.0,,True
8809,CBF,10,3,0.3,38.018461444091116,76.03692288818223,24.94602623208985,True
8809,UBCF,10,1,0.1,,0.0,,True
8810,CBF,10,2,0.2,17.82423193742532,17.82423193742532,8.912116066560213,True
8810,UBCF,10,1,0.1,,0.0,,True
8811,CBF,10,2,0.2,28.163648891291636,28.163648891291636,14.081829185081,True
8811,UBCF,10,1,0.1,,0.0,,True
8812,CBF,10,2,0.2,2.3181081257908294,2.3181081257908294,1.1590540648649006,True
8812,UBCF,10,1,0.1,,0.0,,True
8813,CBF,10,2,0.2,1.4317359571066377,1.4317359571066377,0.7158679788583666,True
8813,UBCF,10,2,0.2,43.06789496829618,43.06789496829618,21.53394824722954,True
8814,CBF,10,1,0.1,,0.0,,True
8814,UBCF,10,1,0.1,,0.0,,True
8815,CBF,10,1,0.1,,0.0,,True
8815,UBCF,10,2,0.2,19.380806902927784,19.380806902927784,9.690404897837317,True
8816,CBF,10,1,0.1,,0.0,,True
8816,UBCF,10,1,0.1,,0.0,,True
8817,CBF,10,2,0.2,47.42548488878177,47.42548488878177,23.712758341755357,True
8817,UBCF,10,1,0.1,,0.0,,True
8818,CBF,10,1,0.1,,0.0,,True
8818,UBCF,10,1,0.1,,0.0,,True
8819,CBF,10,3,0.3,16.962779864591603,33.925559729183206,14.670392701795173,True
8819,UBCF,10,1,0.1,,0.0,,True
8820,CBF,10,3,0.3,15.733591411112258,31.467182822224515,12.498526438558054,True
8820,UBCF,10,1,0.1,,0.0,,True
8821,CBF,10,4,0.4,23.294932491716395,69.88479747514918,22.047786843926982,True
8821,UBCF,10,1,0.1,,0.0,,True
8822,CBF,10,3,0.3,10.66612670445373,21.33225340890746,6.855558252398129,True
8822,UBCF,10,1,0.1,,0.0,,True
8823,CBF,10,3,0.3,27.960126073797234,55.92025214759447,17.60422054113892,True
8823,UBCF,10,1,0.1,,0.0,,True
8824,CBF,10,3,0.3,16.962779864591603,33.925559729183206,14.670392701795173,True
8824,UBCF,10,1,0.1,,0.0,,True
8825,CBF,10,1,0.1,,0.0,,True
8825,UBCF,10,2,0.2,37.90428148972095,37.90428148972095,18.95215698491864,True
8827,CBF,10,2,0.2,39.884336960417365,39.884336960417365,19.94216859195539,True
8827,UBCF,10,2,0.2,43.06789496829618,43.06789496829618,21.53394824722954,True
8828,CBF,10,1,0.1,,0.0,,True
8828,UBCF,10,1,0.1,,0.0,,True
8829,CBF,10,2,0.2,28.163648891291636,28.163648891291636,14.081829185081,True
8829,UBCF,10,1,0.1,,0.0,,True
8830,CBF,10,1,0.1,,0.0,,True
8830,UBCF,10,1,0.1,,0.0,,True
8831,CBF,10,2,0.2,17.82423193742532,17.82423193742532,8.912116066560213,True
8831,UBCF,10,1,0.1,,0.0,,True
8832,CBF,10,2,0.2,1.4317359571066377,1.4317359571066377,0.7158679788583666,True
8832,UBCF,10,2,0.2,20.56227028829262,20.56227028829262,10.281135193399617,True
8834,CBF,10,2,0.2,19.380806902927784,19.380806902927784,9.690404897837317,True
8834,UBCF,10,2,0.2,37.90428148972095,37.90428148972095,18.95215698491864,True
8835,CBF,10,2,0.2,28.163648891291636,28.163648891291636,14.081829185081,True
8835,UBCF,10,1,0.1,,0.0,,True
8836,CBF,10,1,0.1,,0.0,,True
8836,UBCF,10,1,0.1,,0.0,,True
8837,CBF,10,1,0.1,,0.0,,True
8837,UBCF,10,2,0.2,20.56227028829262,20.56227028829262,10.281135193399617,True
8838,CBF,10,2,0.2,31.35401553770087,31.35401553770087,15.677013546193354,True
8838,UBCF,10,1,0.1,,0.0,,True
8839,CBF,10,1,0.1,,0.0,,True
8839,UBCF,10,1,0.1,,0.0,,True
8840,CBF,10,4,0.4,8.408161596905684,25.22448479071705,9.168335956807377,True
8840,UBCF,10,1,0.1,,0.0,,True
8841,CBF,10,1,0.1,,0.0,,True
8841,UBCF,10,1,0.1,,0.0,,True
8842,CBF,10,1,0.1,,0.0,,True
8842,UBCF,10,1,0.1,,0.0,,True
8843,CBF,10,4,0.4,12.89561712902119,38.68685138706357,15.630429077008305,True
8843,UBCF,10,1,0.1,,0.0,,True
8844,CBF,10,1,0.1,,0.0,,True
8844,UBCF,10,1,0.1,,0.0,,True
8845,CBF,10,2,0.2,27.972552036849212,27.972552036849212,13.986278905543603,True
8845,UBCF,10,1,0.1,,0.0,,True
8846,CBF,10,1,0.1,,0.0,,True
8846,UBCF,10,1,0.1,,0.0,,True
8847,CBF,10,1,0.1,,0.0,,True
8847,UBCF,10,1,0.1,,0.0,,True
8848,CBF,10,2,0.2,33.67692365322722,33.67692365322722,16.838466700408475,True
8848,UBCF,10,2,0.2,32.52874473344892,32.52874473344892,16.264373376438158,True
8849,CBF,10,3,0.3,29.551415178475974,59.10283035695195,23.225886950306606,True
8849,UBCF,10,1,0.1,,0.0,,True
8850,CBF,10,1,0.1,,0.0,,True
8850,UBCF,10,1,0.1,,0.0,,True
8851,CBF,10,1,0.1,,0.0,,True
8851,UBCF,10,1,0.1,,0.0,,True
8852,CBF,10,1,0.1,,0.0,,True
8852,UBCF,10,1,0.1,,0.0,,True
8853,CBF,10,1,0.1,,0.0,,True
8853,UBCF,10,1,0.1,,0.0,,True
8854,CBF,10,1,0.1,,0.0,,True
8854,UBCF,10,1,0.1,,0.0,,True
8855,CBF,10,2,0.2,42.46063206005696,42.46063206005696,21.230322245394014,True
8855,UBCF,10,1,0.1,,0.0,,True
8856,CBF,10,1,0.1,,0.0,,True
8856,UBCF,10,1,0.1,,0.0,,True
8857,CBF,10,3,0.3,29.64935507994172,59.29871015988344,18.503678006072732,True
8857,UBCF,10,1,0.1,,0.0,,True
8858,CBF,10,1,0.1,,0.0,,True
8858,UBCF,10,1,0.1,,0.0,,True
8859,CBF,10,1,0.1,,0.0,,True
8859,UBCF,10,1,0.1,,0.0,,True
8860,CBF,10,3,0.3,26.528865278077504,53.05773055615501,13.812411814634183,True
8860,UBCF,10,1,0.1,,0.0,,True
8861,CBF,10,1,0.1,,0.0,,True
8861,UBCF,10,1,0.1,,0.0,,True
8862,CBF,10,4,0.4,29.15024928466957,87.45074785400871,19.71693182555296,True
8862,UBCF,10,1,0.1,,0.0,,True
8863,CBF,10,1,0.1,,0.0,,True
8863,UBCF,10,1,0.1,,0.0,,True
8864,CBF,10,3,0.3,23.700313055235192,47.400626110470384,20.690350397652598,True
8864,UBCF,10,1,0.1,,0.0,,True
8865,CBF,10,1,0.1,,0.0,,True
8865,UBCF,10,1,0.1,,0.0,,True
8866,CBF,10,1,0.1,,0.0,,True
8866,UBCF,10,1,0.1,,0.0,,True
8867,CBF,10,1,0.1,,0.0,,True
8867,UBCF,10,1,0.1,,0.0,,True
8868,CBF,10,3,0.3,29.551415178475974,59.10283035695195,23.225886950306606,True
8868,UBCF,10,1,0.1,,0.0,,True
8869,CBF,10,2,0.2,33.307372647861015,33.307372647861015,16.653688974915404,True
8869,UBCF,10,1,0.1,,0.0,,True
8871,CBF,10,2,0.2,20.357530189223063,20.357530189223063,10.178765101099387,True
8871,UBCF,10,1,0.1,,0.0,,True
8872,CBF,10,4,0.4,26.7243388864777,80.1730166594331,20.997982841365136,True
8872,UBCF,10,1,0.1,,0.0,,True
8873,CBF,10,1,0.1,,0.0,,True
8873,UBCF,10,1,0.1,,0.0,,True
8874,CBF,10,2,0.2,1.4317359571066377,1.4317359571066377,0.7158679788583666,True
8874,UBCF,10,2,0.2,32.156236140329234,32.156236140329234,16.078123042774006,True
8875,CBF,10,1,0.1,,0.0,,True
8875,UBCF,10,1,0.1,,0.0,,True
8876,CBF,10,1,0.1,,0.0,,True
8876,UBCF,10,1,0.1,,0.0,,True
8877,CBF,10,3,0.3,23.482852745356077,46.96570549071215,16.05052070176404,True
8877,UBCF,10,1,0.1,,0.0,,True
8878,CBF,10,2,0.2,1.4317359571066377,1.4317359571066377,0.7158679788583666,True
8878,UBCF,10,1,0.1,,0.0,,True
8879,CBF,10,3,0.3,31.429643406844413,62.859286813688826,24.100304972323233,True
8879,UBCF,10,1,0.1,,0.0,,True
8880,CBF,10,1,0.1,,0.0,,True
8880,UBCF,10,1,0.1,,0.0,,True
8881,CBF,10,3,0.3,54.20315480682549,108.40630961365098,26.65203969884985,True
8881,UBCF,10,2,0.2,20.56227028829262,20.56227028829262,10.281135193399617,True
8882,CBF,10,1,0.1,,0.0,,True
8882,UBCF,10,1,0.1,,0.0,,True
8883,CBF,10,4,0.4,23.294932491716395,69.88479747514918,22.047786843926982,True
8883,UBCF,10,1,0.1,,0.0,,True
8884,CBF,10,2,0.2,32.7286703525286,32.7286703525286,16.364335199046813,True
8884,UBCF,10,2,0.2,42.31944671414057,42.31944671414057,21.159730993153076,True
8885,CBF,10,2,0.2,4.127413100707732,4.127413100707732,2.063706557612347,True
8885,UBCF,10,1,0.1,,0.0,,True
8886,CBF,10,2,0.2,1.5156689175409355,1.5156689175409355,0.7578344591212706,True
8886,UBCF,10,1,0.1,,0.0,,True
8887,CBF,10,2,0.2,32.52874473344892,32.52874473344892,16.264373376438158,True
8887,UBCF,10,2,0.2,20.56227028829262,20.56227028829262,10.281135193399617,True
8888,CBF,10,1,0.1,,0.0,,True
8888,UBCF,10,1,0.1,,0.0,,True
8889,CBF,10,2,0.2,33.67692365322722,33.67692365322722,16.838466700408475,True
8889,UBCF,10,1,0.1,,0.0,,True
8890,CBF,10,1,0.1,,0.0,,True
8890,UBCF,10,1,0.1,,0.0,,True
8891,CBF,10,3,0.3,16.661937939696955,33.32387587939391,14.670392701795173,True
8891,UBCF,10,1,0.1,,0.0,,True
8892,CBF,10,2,0.2,33.85474968413719,33.85474968413719,16.92737540235248,True
8892,UBCF,10,2,0.2,27.972552036849212,27.972552036849212,13.986278905543603,True
8893,CBF,10,1,0.1,,0.0,,True
8893,UBCF,10,1,0.1,,0.0,,True
8894,CBF,10,1,0.1,,0.0,,True
8894,UBCF,10,1,0.1,,0.0,,True
8895,CBF,10,2,0.2,32.70568879807172,32.70568879807172,16.352846904750777,True
8895,UBCF,10,1,0.1,,0.0,,True
8896,CBF,10,1,0.1,,0.0,,True
8896,UBCF,10,1,0.1,,0.0,,True
8897,CBF,10,2,0.2,1.4317359571066377,1.4317359571066377,0.7158679788583666,True
8897,UBCF,10,1,0.1,,0.0,,True
8898,CBF,10,1,0.1,,0.0,,True
8898,UBCF,10,1,0.1,,0.0,,True
8899,CBF,10,2,0.2,43.262588299701214,43.262588299701214,21.631301429361923,True
8899,UBCF,10,1,0.1,,0.0,,True
8900,CBF,10,2,0.2,22.103012414563135,22.103012414563135,11.051507672993052,True
8900,UBCF,10,1,0.1,,0.0,,True
8901,CBF,10,2,0.2,1.4520848238930628,1.4520848238930628,0.7260424121934375,True
8901,UBCF,10,2,0.2,20.56227028829262,20.56227028829262,10.281135193399617,True
8902,CBF,10,2,0.2,28.163648891291636,28.163648891291636,14.081829185081,True
8902,UBCF,10,1,0.1,,0.0,,True
8903,CBF,10,2,0.2,28.163648891291636,28.163648891291636,14.081829185081,True
8903,UBCF,10,1,0.1,,0.0,,True
8904,CBF,10,2,0.2,1.4520848238930628,1.4520848238930628,0.7260424121934375,True
8904,UBCF,10,1,0.1,,0.0,,True
8905,CBF,10,1,0.1,,0.0,,True
8905,UBCF,10,1,0.1,,0.0,,True
8906,CBF,10,2,0.2,1.5431923121318396,1.5431923121318396,0.7715961563145184,True
8906,UBCF,10,2,0.2,20.56227028829262,20.56227028829262,10.281135193399617,True
8907,CBF,10,3,0.3,8.787898476085292,17.575796952170585,6.855558252398272,True
8907,UBCF,10,1,0.1,,0.0,,True
8908,CBF,10,4,0.4,27.43196489216383,82.29589467649149,19.35103886034377,True
8908,UBCF,10,1,0.1,,0.0,,True
8909,CBF,10,1,0.1,,0.0,,True
8909,UBCF,10,1,0.1,,0.0,,True
8910,CBF,10,1,0.1,,0.0,,True
8910,UBCF,10,1,0.1,,0.0,,True
8911,CBF,10,2,0.2,1.4317359571066377,1.4317359571066377,0.7158679788583666,True
8911,UBCF,10,1,0.1,,0.0,,True
8912,CBF,10,1,0.1,,0.0,,True
8912,UBCF,10,2,0.2,11.749728398231753,11.749728398231753,5.874864397864018,True
8913,CBF,10,2,0.2,28.163648891291636,28.163648891291636,14.081829185081,True
8913,UBCF,10,1,0.1,,0.0,,True
8914,CBF,10,1,0.1,,0.0,,True
8914,UBCF,10,1,0.1,,0.0,,True
8915,CBF,10,2,0.2,1.4317359571066377,1.4317359571066377,0.7158679788583666,True
8915,UBCF,10,1,0.1,,0.0,,True
8916,CBF,10,1,0.1,,0.0,,True
8916,UBCF,10,2,0.2,43.06789496829618,43.06789496829618,21.53394824722954,True
8917,CBF,10,1,0.1,,0.0,,True
8917,UBCF,10,1,0.1,,0.0,,True
8918,CBF,10,3,0.3,29.741831496078074,59.48366299215615,22.03639370655,True
8918,UBCF,10,1,0.1,,0.0,,True
8919,CBF,10,1,0.1,,0.0,,True
8919,UBCF,10,2,0.2,37.716643134514264,37.716643134514264,18.8583301894921,True
8920,CBF,10,2,0.2,19.380806902927784,19.380806902927784,9.690404897837317,True
8920,UBCF,10,1,0.1,,0.0,,True
8921,CBF,10,2,0.2,4.127413100707732,4.127413100707732,2.063706557612347,True
8921,UBCF,10,1,0.1,,0.0,,True
8922,CBF,10,1,0.1,,0.0,,True
8922,UBCF,10,1,0.1,,0.0,,True
8923,CBF,10,2,0.2,28.163648891291636,28.163648891291636,14.081829185081,True
8923,UBCF,10,1,0.1,,0.0,,True
8924,CBF,10,1,0.1,,0.0,,True
8924,UBCF,10,1,0.1,,0.0,,True
8925,CBF,10,2,0.2,28.163648891291636,28.163648891291636,14.081829185081,True
8925,UBCF,10,1,0.1,,0.0,,True
8926,CBF,10,1,0.1,,0.0,,True
8926,UBCF,10,1,0.1,,0.0,,True
8927,CBF,10,1,0.1,,0.0,,True
8927,UBCF,10,1,0.1,,0.0,,True
8928,CBF,10,2,0.2,1.5431923121318396,1.5431923121318396,0.7715961563145184,True
8928,UBCF,10,2,0.2,28.023986357443068,28.023986357443068,14.01199605679436,True
8929,CBF,10,3,0.3,31.429643406844413,62.859286813688826,24.100304972323233,True
8929,UBCF,10,1,0.1,,0.0,,True
8930,CBF,10,2,0.2,19.802199491474596,19.802199491474596,9.901100073718258,True
8930,UBCF,10,1,0.1,,0.0,,True
8931,CBF,10,4,0.4,21.076747819219893,63.23024345765968,20.997982841365133,True
8931,UBCF,10,2,0.2,37.90428148972095,37.90428148972095,18.95215698491864,True
8932,CBF,10,2,0.2,33.85474968413719,33.85474968413719,16.92737540235248,True
8932,UBCF,10,1,0.1,,0.0,,True
8933,CBF,10,2,0.2,19.380806902927784,19.380806902927784,9.690404897837317,True
8933,UBCF,10,1,0.1,,0.0,,True
8934,CBF,10,3,0.3,17.422387190708463,34.844774381416926,13.984483048123929,True
8934,UBCF,10,1,0.1,,0.0,,True
8935,CBF,10,2,0.2,38.54334327738816,38.54334327738816,19.27168404100997,True
8935,UBCF,10,1,0.1,,0.0,,True
8936,CBF,10,2,0.2,39.245429755089575,39.245429755089575,19.622723579412103,True
8936,UBCF,10,1,0.1,,0.0,,True
8938,CBF,10,1,0.1,,0.0,,True
8938,UBCF,10,2,0.2,37.90428148972095,37.90428148972095,18.95215698491864,True
8939,CBF,10,2,0.2,1.5431923121318396,1.5431923121318396,0.7715961563145184,True
8939,UBCF,10,1,0.1,,0.0,,True
8940,CBF,10,2,0.2,0.618187081322193,0.618187081322193,0.3090935406794648,True
8940,UBCF,10,1,0.1,,0.0,,True
8941,CBF,10,1,0.1,,0.0,,True
8941,UBCF,10,1,0.1,,0.0,,True
8942,CBF,10,2,0.2,17.82423193742532,17.82423193742532,8.912116066560213,True
8942,UBCF,10,1,0.1,,0.0,,True
8943,CBF,10,1,0.1,,0.0,,True
8943,UBCF,10,1,0.1,,0.0,,True
8944,CBF,10,1,0.1,,0.0,,True
8944,UBCF,10,1,0.1,,0.0,,True
8945,CBF,10,2,0.2,1.4317359571066377,1.4317359571066377,0.7158679788583666,True
8945,UBCF,10,1,0.1,,0.0,,True
8946,CBF,10,3,0.3,16.962779864591603,33.925559729183206,14.670392701795173,True
8946,UBCF,10,1,0.1,,0.0,,True
8947,CBF,10,1,0.1,,0.0,,True
8947,UBCF,10,1,0.1,,0.0,,True
8948,CBF,10,1,0.1,,0.0,,True
8948,UBCF,10,2,0.2,31.43542951846135,31.43542951846135,15.717719488393843,True
8949,CBF,10,1,0.1,,0.0,,True
8949,UBCF,10,1,0.1,,0.0,,True
8950,CBF,10,2,0.2,1.4520848238930628,1.4520848238930628,0.7260424121934375,True
8950,UBCF,10,1,0.1,,0.0,,True
8951,CBF,10,1,0.1,,0.0,,True
8951,UBCF,10,1,0.1,,0.0,,True
8952,CBF,10,1,0.1,,0.0,,True
8952,UBCF,10,1,0.1,,0.0,,True
8953,CBF,10,2,0.2,19.380806902927784,19.380806902927784,9.690404897837317,True
8953,UBCF,10,1,0.1,,0.0,,True
8954,CBF,10,3,0.3,38.018461444091116,76.03692288818223,24.94602623208985,True
8954,UBCF,10,2,0.2,37.90428148972095,37.90428148972095,18.95215698491864,True
8955,CBF,10,2,0.2,28.163648891291636,28.163648891291636,14.081829185081,True
8955,UBCF,10,1,0.1,,0.0,,True
8956,CBF,10,2,0.2,1.4317359571066377,1.4317359571066377,0.7158679788583666,True
8956,UBCF,10,1,0.1,,0.0,,True
8957,CBF,10,1,0.1,,0.0,,True
8957,UBCF,10,1,0.1,,0.0,,True
8958,CBF,10,1,0.1,,0.0,,True
8958,UBCF,10,1,0.1,,0.0,,True
8959,CBF,10,2,0.2,1.4317359571066377,1.4317359571066377,0.7158679788583666,True
8959,UBCF,10,1,0.1,,0.0,,True
8960,CBF,10,2,0.2,28.163648891291636,28.163648891291636,14.081829185081,True
8960,UBCF,10,1,0.1,,0.0,,True
8961,CBF,10,1,0.1,,0.0,,True
8961,UBCF,10,1,0.1,,0.0,,True
8963,CBF,10,3,0.3,16.962779864591603,33.925559729183206,14.670392701795173,True
8963,UBCF,10,1,0.1,,0.0,,True
8964,CBF,10,1,0.1,,0.0,,True
8964,UBCF,10,1,0.1,,0.0,,True
8965,CBF,10,2,0.2,0.20122348997240647,0.20122348997240647,0.10061174498735835,True
8965,UBCF,10,1,0.1,,0.0,,True
8966,CBF,10,2,0.2,19.32043757409859,19.32043757409859,9.660219798568896,True
8966,UBCF,10,1,0.1,,0.0,,True
8967,CBF,10,1,0.1,,0.0,,True
8967,UBCF,10,2,0.2,42.31944671414057,42.31944671414057,21.159730993153076,True
8968,CBF,10,2,0.2,23.42832637973626,23.42832637973626,11.71416658667128,True
8968,UBCF,10,1,0.1,,0.0,,True
8969,CBF,10,2,0.2,1.4317359571066377,1.4317359571066377,0.7158679788583666,True
8969,UBCF,10,1,0.1,,0.0,,True
8970,CBF,10,2,0.2,39.304889873625584,39.304889873625584,19.65246355239085,True
8970,UBCF,10,1,0.1,,0.0,,True
8971,CBF,10,1,0.1,,0.0,,True
8971,UBCF,10,2,0.2,37.90428148972095,37.90428148972095,18.95215698491864,True
8972,CBF,10,1,0.1,,0.0,,True
8972,UBCF,10,1,0.1,,0.0,,True
8973,CBF,10,1,0.1,,0.0,,True
8973,UBCF,10,1,0.1,,0.0,,True
8974,CBF,10,1,0.1,,0.0,,True
8974,UBCF,10,1,0.1,,0.0,,True
8975,CBF,10,2,0.2,3.857792985314518,3.857792985314518,1.9288965107108174,True
8975,UBCF,10,1,0.1,,0.0,,True
8976,CBF,10,1,0.1,,0.0,,True
8976,UBCF,10,1,0.1,,0.0,,True
8977,CBF,10,1,0.1,,0.0,,True
8977,UBCF,10,1,0.1,,0.0,,True
8978,CBF,10,2,0.2,27.972552036849212,27.972552036849212,13.986278905543603,True
8978,UBCF,10,1,0.1,,0.0,,True
8979,CBF,10,1,0.1,,0.0,,True
8979,UBCF,10,1,0.1,,0.0,,True
8980,CBF,10,1,0.1,,0.0,,True
8980,UBCF,10,1,0.1,,0.0,,True
8981,CBF,10,1,0.1,,0.0,,True
8981,UBCF,10,1,0.1,,0.0,,True
8982,CBF,10,2,0.2,43.262588299701214,43.262588299701214,21.631301429361923,True
8982,UBCF,10,1,0.1,,0.0,,True
8983,CBF,10,1,0.1,,0.0,,True
8983,UBCF,10,1,0.1,,0.0,,True
8984,CBF,10,2,0.2,43.262588299701214,43.262588299701214,21.631301429361923,True
8984,UBCF,10,1,0.1,,0.0,,True
8985,CBF,10,4,0.4,22.328899971465518,66.98669991439655,20.997982841365136,True
8985,UBCF,10,1,0.1,,0.0,,True
8986,CBF,10,1,0.1,,0.0,,True
8986,UBCF,10,1,0.1,,0.0,,True
8987,CBF,10,2,0.2,43.262588299701214,43.262588299701214,21.631301429361923,True
8987,UBCF,10,1,0.1,,0.0,,True
8988,CBF,10,2,0.2,39.68146350068155,39.68146350068155,19.840734382814126,True
8988,UBCF,10,1,0.1,,0.0,,True
8989,CBF,10,2,0.2,40.228672888954705,40.228672888954705,20.11434745585511,True
8989,UBCF,10,1,0.1,,0.0,,True
8990,CBF,10,4,0.4,22.1218840371625,66.36565211148749,21.019917916436373,True
8990,UBCF,10,2,0.2,37.90428148972095,37.90428148972095,18.95215698491864,True
8991,CBF,10,1,0.1,,0.0,,True
8991,UBCF,10,2,0.2,37.90428148972095,37.90428148972095,18.95215698491864,True
8992,CBF,10,2,0.2,2.3181081257908294,2.3181081257908294,1.1590540648649006,True
8992,UBCF,10,1,0.1,,0.0,,True
8993,CBF,10,2,0.2,39.68146350068155,39.68146350068155,19.840734382814126,True
8993,UBCF,10,1,0.1,,0.0,,True
8994,CBF,10,4,0.4,21.076747819219893,63.23024345765968,20.997982841365133,True
8994,UBCF,10,1,0.1,,0.0,,True
8995,CBF,10,2,0.2,28.163648891291636,28.163648891291636,14.081829185081,True
8995,UBCF,10,1,0.1,,0.0,,True
8996,CBF,10,3,0.3,27.445367087958225,54.89073417591645,19.201511022800002,True
8996,UBCF,10,1,0.1,,0.0,,True
8997,CBF,10,2,0.2,33.85474968413719,33.85474968413719,16.92737540235248,True
8997,UBCF,10,1,0.1,,0.0,,True
8998,CBF,10,3,0.3,16.661937939696955,33.32387587939391,14.670392701795173,True
8998,UBCF,10,1,0.1,,0.0,,True
8999,CBF,10,2,0.2,28.163648891291636,28.163648891291636,14.081829185081,True
8999,UBCF,10,1,0.1,,0.0,,True
9000,CBF,10,1,0.1,,0.0,,True
9000,UBCF,10,1,0.1,,0.0,,True
9001,CBF,10,1,0.1,,0.0,,True
9001,UBCF,10,1,0.1,,0.0,,True
9002,CBF,10,2,0.2,43.262588299701214,43.262588299701214,21.631301429361923,True
9002,UBCF,10,2,0.2,10.351160117462083,10.351160117462083,5.175580061801435,True
9003,CBF,10,2,0.2,34.29011890939597,34.29011890939597,17.145067764900144,True
9003,UBCF,10,1,0.1,,0.0,,True
9004,CBF,10,1,0.1,,0.0,,True
9004,UBCF,10,1,0.1,,0.0,,True
9005,CBF,10,1,0.1,,0.0,,True
9005,UBCF,10,1,0.1,,0.0,,True
9006,CBF,10,1,0.1,,0.0,,True
9006,UBCF,10,1,0.1,,0.0,,True
9008,CBF,10,1,0.1,,0.0,,True
9008,UBCF,10,1,0.1,,0.0,,True
9009,CBF,10,3,0.3,33.20085757433042,66.40171514866084,23.427638132482766,True
9009,UBCF,10,2,0.2,42.31944671414057,42.31944671414057,21.159730993153076,True
9010,CBF,10,1,0.1,,0.0,,True
9010,UBCF,10,1,0.1,,0.0,,True
9011,CBF,10,2,0.2,1.4520848238930628,1.4520848238930628,0.7260424121934375,True
9011,UBCF,10,1,0.1,,0.0,,True
9012,CBF,10,2,0.2,1.5431923121318396,1.5431923121318396,0.7715961563145184,True
9012,UBCF,10,1,0.1,,0.0,,True
9013,CBF,10,1,0.1,,0.0,,True
9013,UBCF,10,1,0.1,,0.0,,True
9014,CBF,10,2,0.2,33.67692365322722,33.67692365322722,16.838466700408475,True
9014,UBCF,10,2,0.2,32.52874473344892,32.52874473344892,16.264373376438158,True
9016,CBF,10,1,0.1,,0.0,,True
9016,UBCF,10,1,0.1,,0.0,,True
9017,CBF,10,2,0.2,27.972552036849212,27.972552036849212,13.986278905543603,True
9017,UBCF,10,2,0.2,10.351160117462083,10.351160117462083,5.175580061801435,True
9018,CBF,10,2,0.2,47.2414129928528,47.2414129928528,23.620708478911823,True
9018,UBCF,10,1,0.1,,0.0,,True
9019,CBF,10,1,0.1,,0.0,,True
9019,UBCF,10,1,0.1,,0.0,,True
9020,CBF,10,2,0.2,28.163648891291636,28.163648891291636,14.081829185081,True
9020,UBCF,10,1,0.1,,0.0,,True
9021,CBF,10,3,0.3,39.90103000773112,79.80206001546225,24.100304972323233,True
9021,UBCF,10,1,0.1,,0.0,,True
9022,CBF,10,3,0.3,54.20315480682549,108.40630961365098,26.65203969884985,True
9022,UBCF,10,1,0.1,,0.0,,True
9023,CBF,10,4,0.4,21.571381577487443,64.71414473246233,19.35103886034357,True
9023,UBCF,10,1,0.1,,0.0,,True
9024,CBF,10,2,0.2,27.972552036849212,27.972552036849212,13.986278905543603,True
9024,UBCF,10,1,0.1,,0.0,,True
9025,CBF,10,2,0.2,1.4317359571066377,1.4317359571066377,0.7158679788583666,True
9025,UBCF,10,1,0.1,,0.0,,True
9026,CBF,10,1,0.1,,0.0,,True
9026,UBCF,10,1,0.1,,0.0,,True
9027,CBF,10,2,0.2,43.262588299701214,43.262588299701214,21.631301429361923,True
9027,UBCF,10,1,0.1,,0.0,,True
9028,CBF,10,1,0.1,,0.0,,True
9028,UBCF,10,2,0.2,37.90428148972095,37.90428148972095,18.95215698491864,True
9029,CBF,10,2,0.2,23.42832637973626,23.42832637973626,11.71416658667128,True
9029,UBCF,10,2,0.2,10.351160117462083,10.351160117462083,5.175580061801435,True
9030,CBF,10,1,0.1,,0.0,,True
9030,UBCF,10,1,0.1,,0.0,,True
9031,CBF,10,2,0.2,32.70568879807172,32.70568879807172,16.352846904750777,True
9031,UBCF,10,2,0.2,27.972552036849212,27.972552036849212,13.986278905543603,True
9032,CBF,10,2,0.2,35.047699610959974,35.047699610959974,17.52385828960975,True
9032,UBCF,10,1,0.1,,0.0,,True
9033,CBF,10,1,0.1,,0.0,,True
9033,UBCF,10,2,0.2,32.52874473344892,32.52874473344892,16.264373376438158,True
9034,CBF,10,1,0.1,,0.0,,True
9034,UBCF,10,2,0.2,20.56227028829262,20.56227028829262,10.281135193399617,True
9035,CBF,10,1,0.1,,0.0,,True
9035,UBCF,10,2,0.2,27.972552036849212,27.972552036849212,13.986278905543603,True
9037,CBF,10,3,0.3,16.962779864591603,33.925559729183206,14.670392701795173,True
9037,UBCF,10,1,0.1,,0.0,,True
9038,CBF,10,2,0.2,1.4317359571066377,1.4317359571066377,0.7158679788583666,True
9038,UBCF,10,1,0.1,,0.0,,True
9039,CBF,10,1,0.1,,0.0,,True
9039,UBCF,10,1,0.1,,0.0,,True
9040,CBF,10,1,0.1,,0.0,,True
9040,UBCF,10,1,0.1,,0.0,,True
9041,CBF,10,1,0.1,,0.0,,True
9041,UBCF,10,2,0.2,45.85743379833855,45.85743379833855,22.92871906581808,True
9043,CBF,10,2,0.2,1.5431923121318396,1.5431923121318396,0.7715961563145184,True
9043,UBCF,10,1,0.1,,0.0,,True
9044,CBF,10,2,0.2,47.42548488878177,47.42548488878177,23.712758341755357,True
9044,UBCF,10,1,0.1,,0.0,,True
9045,CBF,10,1,0.1,,0.0,,True
9045,UBCF,10,1,0.1,,0.0,,True
9046,CBF,10,1,0.1,,0.0,,True
9046,UBCF,10,1,0.1,,0.0,,True
9047,CBF,10,2,0.2,2.3181081257908294,2.3181081257908294,1.1590540648649006,True
9047,UBCF,10,1,0.1,,0.0,,True
9048,CBF,10,1,0.1,,0.0,,True
9048,UBCF,10,1,0.1,,0.0,,True
9049,CBF,10,1,0.1,,0.0,,True
9049,UBCF,10,2,0.2,37.90428148972095,37.90428148972095,18.95215698491864,True
9050,CBF,10,2,0.2,27.972552036849212,27.972552036849212,13.986278905543603,True
9050,UBCF,10,1,0.1,,0.0,,True
9051,CBF,10,3,0.3,50.59972761018138,101.19945522036276,27.140055449550328,True
9051,UBCF,10,1,0.1,,0.0,,True
9052,CBF,10,2,0.2,2.3181081257908294,2.3181081257908294,1.1590540648649006,True
9052,UBCF,10,1,0.1,,0.0,,True
9053,CBF,10,1,0.1,,0.0,,True
9053,UBCF,10,1,0.1,,0.0,,True
9054,CBF,10,4,0.4,21.693287152820997,65.07986145846299,18.370065203907348,True
9054,UBCF,10,2,0.2,27.972552036849212,27.972552036849212,13.986278905543603,True
9055,CBF,10,2,0.2,1.5431923121318396,1.5431923121318396,0.7715961563145184,True
9055,UBCF,10,1,0.1,,0.0,,True
9056,CBF,10,1,0.1,,0.0,,True
9056,UBCF,10,1,0.1,,0.0,,True
9058,CBF,10,4,0.4,35.18049500053849,105.54148500161548,27.566183111834416,True
9058,UBCF,10,2,0.2,32.70568879807172,32.70568879807172,16.352846904750777,True
9059,CBF,10,1,0.1,,0.0,,True
9059,UBCF,10,1,0.1,,0.0,,True
9060,CBF,10,2,0.2,1.5156689175409355,1.5156689175409355,0.7578344591212706,True
9060,UBCF,10,1,0.1,,0.0,,True
9061,CBF,10,2,0.2,1.4520848238930628,1.4520848238930628,0.7260424121934375,True
9061,UBCF,10,1,0.1,,0.0,,True
9062,CBF,10,2,0.2,43.262588299701214,43.262588299701214,21.631301429361923,True
9062,UBCF,10,1,0.1,,0.0,,True
9063,CBF,10,2,0.2,28.163648891291636,28.163648891291636,14.081829185081,True
9063,UBCF,10,1,0.1,,0.0,,True
9064,CBF,10,1,0.1,,0.0,,True
9064,UBCF,10,1,0.1,,0.0,,True
9065,CBF,10,1,0.1,,0.0,,True
9065,UBCF,10,1,0.1,,0.0,,True
9066,CBF,10,1,0.1,,0.0,,True
9066,UBCF,10,1,0.1,,0.0,,True
9067,CBF,10,1,0.1,,0.0,,True
9067,UBCF,10,1,0.1,,0.0,,True
9068,CBF,10,2,0.2,17.82423193742532,17.82423193742532,8.912116066560213,True
9068,UBCF,10,1,0.1,,0.0,,True
9069,CBF,10,1,0.1,,0.0,,True
9069,UBCF,10,1,0.1,,0.0,,True
9070,CBF,10,2,0.2,47.42548488878177,47.42548488878177,23.712758341755357,True
9070,UBCF,10,1,0.1,,0.0,,True
9071,CBF,10,2,0.2,28.163648891291636,28.163648891291636,14.081829185081,True
9071,UBCF,10,1,0.1,,0.0,,True
9072,CBF,10,2,0.2,28.163648891291636,28.163648891291636,14.081829185081,True
9072,UBCF,10,2,0.2,10.351160117462083,10.351160117462083,5.175580061801435,True
9073,CBF,10,1,0.1,,0.0,,True
9073,UBCF,10,2,0.2,10.351160117462083,10.351160117462083,5.175580061801435,True
9074,CBF,10,1,0.1,,0.0,,True
9074,UBCF,10,1,0.1,,0.0,,True
9075,CBF,10,2,0.2,1.4317359571066377,1.4317359571066377,0.7158679788583666,True
9075,UBCF,10,1,0.1,,0.0,,True
9076,CBF,10,1,0.1,,0.0,,True
9076,UBCF,10,1,0.1,,0.0,,True
9077,CBF,10,1,0.1,,0.0,,True
9077,UBCF,10,1,0.1,,0.0,,True
9078,CBF,10,1,0.1,,0.0,,True
9078,UBCF,10,1,0.1,,0.0,,True
9079,CBF,10,2,0.2,3.7476943123639597,3.7476943123639597,1.8738471719119718,True
9079,UBCF,10,2,0.2,37.90428148972095,37.90428148972095,18.95215698491864,True
9080,CBF,10,1,0.1,,0.0,,True
9080,UBCF,10,1,0.1,,0.0,,True
9081,CBF,10,1,0.1,,0.0,,True
9081,UBCF,10,1,0.1,,0.0,,True
9083,CBF,10,1,0.1,,0.0,,True
9083,UBCF,10,1,0.1,,0.0,,True
9084,CBF,10,2,0.2,1.4317359571066377,1.4317359571066377,0.7158679788583666,True
9084,UBCF,10,2,0.2,37.90428148972095,37.90428148972095,18.95215698491864,True
9085,CBF,10,2,0.2,1.4317359571066377,1.4317359571066377,0.7158679788583666,True
9085,UBCF,10,1,0.1,,0.0,,True
9086,CBF,10,1,0.1,,0.0,,True
9086,UBCF,10,1,0.1,,0.0,,True
9088,CBF,10,2,0.2,27.972552036849212,27.972552036849212,13.986278905543603,True
9088,UBCF,10,1,0.1,,0.0,,True
9089,CBF,10,1,0.1,,0.0,,True
9089,UBCF,10,1,0.1,,0.0,,True
9090,CBF,10,2,0.2,1.851196413912366,1.851196413912366,0.9255982080141867,True
9090,UBCF,10,1,0.1,,0.0,,True
9091,CBF,10,1,0.1,,0.0,,True
9091,UBCF,10,1,0.1,,0.0,,True
9092,CBF,10,2,0.2,2.3181081257908294,2.3181081257908294,1.1590540648649006,True
9092,UBCF,10,1,0.1,,0.0,,True
9093,CBF,10,2,0.2,39.68146350068155,39.68146350068155,19.840734382814126,True
9093,UBCF,10,1,0.1,,0.0,,True
9094,CBF,10,2,0.2,43.06789496829618,43.06789496829618,21.53394824722954,True
9094,UBCF,10,1,0.1,,0.0,,True
9095,CBF,10,1,0.1,,0.0,,True
9095,UBCF,10,1,0.1,,0.0,,True
9096,CBF,10,1,0.1,,0.0,,True
9096,UBCF,10,1,0.1,,0.0,,True
9097,CBF,10,1,0.1,,0.0,,True
9097,UBCF,10,1,0.1,,0.0,,True
9098,CBF,10,2,0.2,39.884336960417365,39.884336960417365,19.94216859195539,True
9098,UBCF,10,1,0.1,,0.0,,True
9099,CBF,10,4,0.4,29.358089694600228,88.07426908380069,20.806901713499663,True
9099,UBCF,10,1,0.1,,0.0,,True
9100,CBF,10,2,0.2,43.262588299701214,43.262588299701214,21.631301429361923,True
9100,UBCF,10,1,0.1,,0.0,,True
9101,CBF,10,2,0.2,0.618187081322193,0.618187081322193,0.3090935406794648,True
9101,UBCF,10,1,0.1,,0.0,,True
9102,CBF,10,3,0.3,29.551415178475974,59.10283035695195,23.225886950306606,True
9102,UBCF,10,1,0.1,,0.0,,True
9103,CBF,10,2,0.2,28.163648891291636,28.163648891291636,14.081829185081,True
9103,UBCF,10,1,0.1,,0.0,,True
9104,CBF,10,4,0.4,8.450340451133783,25.35102135340135,6.053342118066845,True
9104,UBCF,10,1,0.1,,0.0,,True
9105,CBF,10,2,0.2,28.163648891291636,28.163648891291636,14.081829185081,True
9105,UBCF,10,1,0.1,,0.0,,True
9106,CBF,10,2,0.2,42.22822694552316,42.22822694552316,21.114135944063108,True
9106,UBCF,10,1,0.1,,0.0,,True
9107,CBF,10,2,0.2,27.972552036849212,27.972552036849212,13.986278905543603,True
9107,UBCF,10,1,0.1,,0.0,,True
9108,CBF,10,2,0.2,1.5431923121318396,1.5431923121318396,0.7715961563145184,True
9108,UBCF,10,1,0.1,,0.0,,True
9110,CBF,10,2,0.2,38.54334327738816,38.54334327738816,19.27168404100997,True
9110,UBCF,10,1,0.1,,0.0,,True
9111,CBF,10,4,0.4,6.401837488735436,19.205512466206308,7.50821927045216,True
9111,UBCF,10,1,0.1,,0.0,,True
9112,CBF,10,2,0.2,28.163648891291636,28.163648891291636,14.081829185081,True
9112,UBCF,10,2,0.2,37.90428148972095,37.90428148972095,18.95215698491864,True
9113,CBF,10,1,0.1,,0.0,,True
9113,UBCF,10,1,0.1,,0.0,,True
9114,CBF,10,1,0.1,,0.0,,True
9114,UBCF,10,2,0.2,33.85474968413719,33.85474968413719,16.92737540235248,True
9115,CBF,10,2,0.2,28.163648891291636,28.163648891291636,14.081829185081,True
9115,UBCF,10,1,0.1,,0.0,,True
9116,CBF,10,2,0.2,43.262588299701214,43.262588299701214,21.631301429361923,True
9116,UBCF,10,1,0.1,,0.0,,True
9117,CBF,10,2,0.2,38.54334327738816,38.54334327738816,19.27168404100997,True
9117,UBCF,10,1,0.1,,0.0,,True
9118,CBF,10,1,0.1,,0.0,,True
9118,UBCF,10,1,0.1,,0.0,,True
9119,CBF,10,2,0.2,28.163648891291636,28.163648891291636,14.081829185081,True
9119,UBCF,10,1,0.1,,0.0,,True
9120,CBF,10,1,0.1,,0.0,,True
9120,UBCF,10,1,0.1,,0.0,,True
9121,CBF,10,2,0.2,1.4317359571066377,1.4317359571066377,0.7158679788583666,True
9121,UBCF,10,1,0.1,,0.0,,True
9122,CBF,10,2,0.2,43.262588299701214,43.262588299701214,21.631301429361923,True
9122,UBCF,10,1,0.1,,0.0,,True
9123,CBF,10,1,0.1,,0.0,,True
9123,UBCF,10,1,0.1,,0.0,,True
9124,CBF,10,1,0.1,,0.0,,True
9124,UBCF,10,1,0.1,,0.0,,True
9125,CBF,10,1,0.1,,0.0,,True
9125,UBCF,10,1,0.1,,0.0,,True
9126,CBF,10,4,0.4,24.84124608838425,74.52373826515274,18.85836389334606,True
9126,UBCF,10,2,0.2,10.351160117462083,10.351160117462083,5.175580061801435,True
9127,CBF,10,3,0.3,58.08505181109997,116.17010362219995,27.75587227076728,True
9127,UBCF,10,2,0.2,37.90428148972095,37.90428148972095,18.95215698491864,True
9128,CBF,10,2,0.2,43.262588299701214,43.262588299701214,21.631301429361923,True
9128,UBCF,10,1,0.1,,0.0,,True
9129,CBF,10,1,0.1,,0.0,,True
9129,UBCF,10,2,0.2,11.749728398231753,11.749728398231753,5.874864397864018,True
9130,CBF,10,1,0.1,,0.0,,True
9130,UBCF,10,1,0.1,,0.0,,True
9131,CBF,10,2,0.2,34.72149846976685,34.72149846976685,17.360758094044108,True
9131,UBCF,10,1,0.1,,0.0,,True
9132,CBF,10,1,0.1,,0.0,,True
9132,UBCF,10,1,0.1,,0.0,,True
9133,CBF,10,1,0.1,,0.0,,True
9133,UBCF,10,1,0.1,,0.0,,True
9134,CBF,10,2,0.2,1.4317359571066377,1.4317359571066377,0.7158679788583666,True
9134,UBCF,10,2,0.2,10.351160117462083,10.351160117462083,5.175580061801435,True
9135,CBF,10,1,0.1,,0.0,,True
9135,UBCF,10,1,0.1,,0.0,,True
9136,CBF,10,2,0.2,0.7696634962100063,0.7696634962100063,0.38483174829812516,True
9136,UBCF,10,1,0.1,,0.0,,True
9137,CBF,10,4,0.4,26.7243388864777,80.1730166594331,20.997982841365136,True
9137,UBCF,10,1,0.1,,0.0,,True
9138,CBF,10,1,0.1,,0.0,,True
9138,UBCF,10,1,0.1,,0.0,,True
9139,CBF,10,2,0.2,43.262588299701214,43.262588299701214,21.631301429361923,True
9139,UBCF,10,1,0.1,,0.0,,True
9140,CBF,10,1,0.1,,0.0,,True
9140,UBCF,10,1,0.1,,0.0,,True
9141,CBF,10,3,0.3,33.20085757433042,66.40171514866084,23.427638132482766,True
9141,UBCF,10,1,0.1,,0.0,,True
9142,CBF,10,1,0.1,,0.0,,True
9142,UBCF,10,2,0.2,10.351160117462083,10.351160117462083,5.175580061801435,True
9143,CBF,10,3,0.3,27.291571682197084,54.58314336439417,19.212563967780184,True
9143,UBCF,10,1,0.1,,0.0,,True
9144,CBF,10,4,0.4,33.352881029239576,100.05864308771874,25.382113611302916,True
9144,UBCF,10,1,0.1,,0.0,,True
9145,CBF,10,2,0.2,27.972552036849212,27.972552036849212,13.986278905543603,True
9145,UBCF,10,1,0.1,,0.0,,True
9146,CBF,10,1,0.1,,0.0,,True
9146,UBCF,10,2,0.2,19.380806902927784,19.380806902927784,9.690404897837317,True
9147,CBF,10,1,0.1,,0.0,,True
9147,UBCF,10,1,0.1,,0.0,,True
9148,CBF,10,2,0.2,0.618187081322193,0.618187081322193,0.3090935406794648,True
9148,UBCF,10,1,0.1,,0.0,,True
9149,CBF,10,2,0.2,1.4317359571066377,1.4317359571066377,0.7158679788583666,True
9149,UBCF,10,1,0.1,,0.0,,True
9150,CBF,10,1,0.1,,0.0,,True
9150,UBCF,10,1,0.1,,0.0,,True
9151,CBF,10,1,0.1,,0.0,,True
9151,UBCF,10,1,0.1,,0.0,,True
9153,CBF,10,4,0.4,21.076747819219893,63.23024345765968,20.997982841365136,True
9153,UBCF,10,2,0.2,32.52874473344892,32.52874473344892,16.264373376438158,True
9154,CBF,10,1,0.1,,0.0,,True
9154,UBCF,10,1,0.1,,0.0,,True
9155,CBF,10,1,0.1,,0.0,,True
9155,UBCF,10,2,0.2,32.52874473344892,32.52874473344892,16.264373376438158,True
9156,CBF,10,2,0.2,19.747511248130476,19.747511248130476,9.873756747959575,True
9156,UBCF,10,1,0.1,,0.0,,True
9157,CBF,10,1,0.1,,0.0,,True
9157,UBCF,10,1,0.1,,0.0,,True
9158,CBF,10,2,0.2,39.89544829710059,39.89544829710059,19.947732443611972,True
9158,UBCF,10,1,0.1,,0.0,,True
9159,CBF,10,1,0.1,,0.0,,True
9159,UBCF,10,1,0.1,,0.0,,True
9160,CBF,10,2,0.2,42.46063206005696,42.46063206005696,21.230322245394014,True
9160,UBCF,10,1,0.1,,0.0,,True
9161,CBF,10,1,0.1,,0.0,,True
9161,UBCF,10,1,0.1,,0.0,,True
9162,CBF,10,3,0.3,16.661937939696955,33.32387587939391,14.670392701795173,True
9162,UBCF,10,1,0.1,,0.0,,True
9164,CBF,10,3,0.3,16.962779864591603,33.925559729183206,14.670392701795173,True
9164,UBCF,10,1,0.1,,0.0,,True
9165,CBF,10,1,0.1,,0.0,,True
9165,UBCF,10,1,0.1,,0.0,,True
9166,CBF,10,1,0.1,,0.0,,True
9166,UBCF,10,1,0.1,,0.0,,True
9167,CBF,10,4,0.4,22.328899971465518,66.98669991439655,20.997982841365136,True
9167,UBCF,10,1,0.1,,0.0,,True
9168,CBF,10,1,0.1,,0.0,,True
9168,UBCF,10,1,0.1,,0.0,,True
9170,CBF,10,2,0.2,39.89544829710059,39.89544829710059,19.947732443611972,True
9170,UBCF,10,1,0.1,,0.0,,True
9171,CBF,10,1,0.1,,0.0,,True
9171,UBCF,10,1,0.1,,0.0,,True
9173,CBF,10,2,0.2,39.131166621556076,39.131166621556076,19.565591509610922,True
9173,UBCF,10,1,0.1,,0.0,,True
9174,CBF,10,1,0.1,,0.0,,True
9174,UBCF,10,1,0.1,,0.0,,True
9175,CBF,10,4,0.4,19.90256498765533,59.707694962965995,16.083995679345257,True
9175,UBCF,10,1,0.1,,0.0,,True
9177,CBF,10,2,0.2,27.972552036849212,27.972552036849212,13.986278905543603,True
9177,UBCF,10,1,0.1,,0.0,,True
9178,CBF,10,1,0.1,,0.0,,True
9178,UBCF,10,1,0.1,,0.0,,True
9179,CBF,10,1,0.1,,0.0,,True
9179,UBCF,10,1,0.1,,0.0,,True
9180,CBF,10,3,0.3,16.661937939696955,33.32387587939391,14.670392701795173,True
9180,UBCF,10,2,0.2,20.56227028829262,20.56227028829262,10.281135193399617,True
9181,CBF,10,1,0.1,,0.0,,True
9181,UBCF,10,2,0.2,15.615557281864454,15.615557281864454,7.807779207932764,True
9182,CBF,10,3,0.3,31.598254744333804,63.19650948866761,21.212851599467935,True
9182,UBCF,10,2,0.2,28.023986357443068,28.023986357443068,14.01199605679436,True
9183,CBF,10,2,0.2,43.262588299701214,43.262588299701214,21.631301429361923,True
9183,UBCF,10,1,0.1,,0.0,,True
9184,CBF,10,2,0.2,2.3181081257908294,2.3181081257908294,1.1590540648649006,True
9184,UBCF,10,2,0.2,37.90428148972095,37.90428148972095,18.95215698491864,True
9185,CBF,10,2,0.2,24.475756360953795,24.475756360953795,12.237881850962218,True
9185,UBCF,10,1,0.1,,0.0,,True
9186,CBF,10,1,0.1,,0.0,,True
9186,UBCF,10,1,0.1,,0.0,,True
9188,CBF,10,1,0.1,,0.0,,True
9188,UBCF,10,1,0.1,,0.0,,True
9189,CBF,10,1,0.1,,0.0,,True
9189,UBCF,10,1,0.1,,0.0,,True
9190,CBF,10,1,0.1,,0.0,,True
9190,UBCF,10,2,0.2,16.565863565943992,16.565863565943992,8.282932816586648,True
9191,CBF,10,2,0.2,1.5156689175409355,1.5156689175409355,0.7578344591212706,True
9191,UBCF,10,1,0.1,,0.0,,True
9193,CBF,10,2,0.2,9.997351696463106,9.997351696463106,4.9986758987208155,True
9193,UBCF,10,1,0.1,,0.0,,True
9194,CBF,10,1,0.1,,0.0,,True
9194,UBCF,10,1,0.1,,0.0,,True
9195,CBF,10,1,0.1,,0.0,,True
9195,UBCF,10,1,0.1,,0.0,,True
9196,CBF,10,2,0.2,47.42548488878177,47.42548488878177,23.712758341755357,True
9196,UBCF,10,1,0.1,,0.0,,True
9197,CBF,10,2,0.2,28.163648891291636,28.163648891291636,14.081829185081,True
9197,UBCF,10,2,0.2,40.809454731877814,40.809454731877814,20.404728867764554,True
9198,CBF,10,2,0.2,1.4317359571066377,1.4317359571066377,0.7158679788583666,True
9198,UBCF,10,1,0.1,,0.0,,True
9199,CBF,10,4,0.4,20.878268148139323,62.634804444417966,20.328960225261465,True
9199,UBCF,10,2,0.2,27.972552036849212,27.972552036849212,13.986278905543603,True
9200,CBF,10,3,0.3,47.745311562003025,95.49062312400605,23.427638132482766,True
9200,UBCF,10,1,0.1,,0.0,,True
9201,CBF,10,2,0.2,27.972552036849212,27.972552036849212,13.986278905543603,True
9201,UBCF,10,1,0.1,,0.0,,True
9202,CBF,10,2,0.2,39.59342686098516,39.59342686098516,19.79672190853865,True
9202,UBCF,10,1,0.1,,0.0,,True
9203,CBF,10,2,0.2,8.966796178516137,8.966796178516137,4.483398160676603,True
9203,UBCF,10,1,0.1,,0.0,,True
9204,CBF,10,2,0.2,28.163648891291636,28.163648891291636,14.081829185081,True
9204,UBCF,10,1,0.1,,0.0,,True
9205,CBF,10,3,0.3,16.661937939696955,33.32387587939391,14.670392701795173,True
9205,UBCF,10,1,0.1,,0.0,,True
9207,CBF,10,4,0.4,24.019045158685444,72.05713547605633,24.192985851838642,True
9207,UBCF,10,1,0.1,,0.0,,True
9208,CBF,10,1,0.1,,0.0,,True
9208,UBCF,10,1,0.1,,0.0,,True
9209,CBF,10,2,0.2,27.972552036849212,27.972552036849212,13.986278905543603,True
9209,UBCF,10,1,0.1,,0.0,,True
9210,CBF,10,1,0.1,,0.0,,True
9210,UBCF,10,1,0.1,,0.0,,True
9211,CBF,10,1,0.1,,0.0,,True
9211,UBCF,10,1,0.1,,0.0,,True
9212,CBF,10,1,0.1,,0.0,,True
9212,UBCF,10,1,0.1,,0.0,,True
9213,CBF,10,1,0.1,,0.0,,True
9213,UBCF,10,1,0.1,,0.0,,True
9215,CBF,10,1,0.1,,0.0,,True
9215,UBCF,10,1,0.1,,0.0,,True
9216,CBF,10,2,0.2,27.972552036849212,27.972552036849212,13.986278905543603,True
9216,UBCF,10,1,0.1,,0.0,,True
9218,CBF,10,1,0.1,,0.0,,True
9218,UBCF,10,1,0.1,,0.0,,True
9219,CBF,10,1,0.1,,0.0,,True
9219,UBCF,10,1,0.1,,0.0,,True
9220,CBF,10,2,0.2,27.972552036849212,27.972552036849212,13.986278905543603,True
9220,UBCF,10,1,0.1,,0.0,,True
9221,CBF,10,2,0.2,33.85474968413719,33.85474968413719,16.92737540235248,True
9221,UBCF,10,2,0.2,37.90428148972095,37.90428148972095,18.95215698491864,True
9222,CBF,10,2,0.2,28.163648891291636,28.163648891291636,14.081829185081,True
9222,UBCF,10,2,0.2,37.90428148972095,37.90428148972095,18.95215698491864,True
9223,CBF,10,1,0.1,,0.0,,True
9223,UBCF,10,1,0.1,,0.0,,True
9224,CBF,10,1,0.1,,0.0,,True
9224,UBCF,10,1,0.1,,0.0,,True
9225,CBF,10,2,0.2,1.4317359571066377,1.4317359571066377,0.7158679788583666,True
9225,UBCF,10,1,0.1,,0.0,,True
9226,CBF,10,4,0.4,7.610032632954968,22.830097898864903,5.7363099458742415,True
9226,UBCF,10,1,0.1,,0.0,,True
9227,CBF,10,1,0.1,,0.0,,True
9227,UBCF,10,1,0.1,,0.0,,True
9228,CBF,10,1,0.1,,0.0,,True
9228,UBCF,10,2,0.2,20.56227028829262,20.56227028829262,10.281135193399617,True
9229,CBF,10,3,0.3,26.81985770625227,53.63971541250454,20.73725573373159,True
9229,UBCF,10,1,0.1,,0.0,,True
9230,CBF,10,2,0.2,28.163648891291636,28.163648891291636,14.081829185081,True
9230,UBCF,10,1,0.1,,0.0,,True
9231,CBF,10,3,0.3,51.71236007998358,103.42472015996717,27.314473332598265,True
9231,UBCF,10,1,0.1,,0.0,,True
9232,CBF,10,3,0.3,38.018461444091116,76.03692288818223,24.94602623208985,True
9232,UBCF,10,1,0.1,,0.0,,True
9233,CBF,10,1,0.1,,0.0,,True
9233,UBCF,10,1,0.1,,0.0,,True
9234,CBF,10,2,0.2,18.063673535690604,18.063673535690604,9.031838163077367,True
9234,UBCF,10,1,0.1,,0.0,,True
9235,CBF,10,2,0.2,8.966796178516137,8.966796178516137,4.483398160676603,True
9235,UBCF,10,1,0.1,,0.0,,True
9236,CBF,10,1,0.1,,0.0,,True
9236,UBCF,10,1,0.1,,0.0,,True
9237,CBF,10,1,0.1,,0.0,,True
9237,UBCF,10,1,0.1,,0.0,,True
9238,CBF,10,1,0.1,,0.0,,True
9238,UBCF,10,1,0.1,,0.0,,True
9239,CBF,10,1,0.1,,0.0,,True
9239,UBCF,10,1,0.1,,0.0,,True
9240,CBF,10,1,0.1,,0.0,,True
9240,UBCF,10,1,0.1,,0.0,,True
9241,CBF,10,1,0.1,,0.0,,True
9241,UBCF,10,1,0.1,,0.0,,True
9242,CBF,10,1,0.1,,0.0,,True
9242,UBCF,10,1,0.1,,0.0,,True
9243,CBF,10,1,0.1,,0.0,,True
9243,UBCF,10,1,0.1,,0.0,,True
9244,CBF,10,1,0.1,,0.0,,True
9244,UBCF,10,1,0.1,,0.0,,True
9245,CBF,10,2,0.2,27.972552036849212,27.972552036849212,13.986278905543603,True
9245,UBCF,10,1,0.1,,0.0,,True
9247,CBF,10,1,0.1,,0.0,,True
9247,UBCF,10,1,0.1,,0.0,,True
9249,CBF,10,3,0.3,16.962779864591603,33.925559729183206,14.670392701795173,True
9249,UBCF,10,1,0.1,,0.0,,True
9250,CBF,10,2,0.2,32.70568879807172,32.70568879807172,16.352846904750777,True
9250,UBCF,10,1,0.1,,0.0,,True
9251,CBF,10,2,0.2,28.163648891291636,28.163648891291636,14.081829185081,True
9251,UBCF,10,1,0.1,,0.0,,True
9252,CBF,10,1,0.1,,0.0,,True
9252,UBCF,10,1,0.1,,0.0,,True
9253,CBF,10,2,0.2,27.972552036849212,27.972552036849212,13.986278905543603,True
9253,UBCF,10,1,0.1,,0.0,,True
9255,CBF,10,1,0.1,,0.0,,True
9255,UBCF,10,1,0.1,,0.0,,True
9256,CBF,10,2,0.2,27.972552036849212,27.972552036849212,13.986278905543603,True
9256,UBCF,10,1,0.1,,0.0,,True
9257,CBF,10,2,0.2,1.4317359571066377,1.4317359571066377,0.7158679788583666,True
9257,UBCF,10,1,0.1,,0.0,,True
9258,CBF,10,1,0.1,,0.0,,True
9258,UBCF,10,1,0.1,,0.0,,True
9260,CBF,10,2,0.2,1.4317359571066377,1.4317359571066377,0.7158679788583666,True
9260,UBCF,10,1,0.1,,0.0,,True
9261,CBF,10,2,0.2,29.15869940542207,29.15869940542207,14.579355363761266,True
9261,UBCF,10,1,0.1,,0.0,,True
9262,CBF,10,2,0.2,1.4317359571066377,1.4317359571066377,0.7158679788583666,True
9262,UBCF,10,1,0.1,,0.0,,True
9263,CBF,10,2,0.2,43.262588299701214,43.262588299701214,21.631301429361923,True
9263,UBCF,10,1,0.1,,0.0,,True
9264,CBF,10,3,0.3,16.661937939696955,33.32387587939391,14.670392701795173,True
9264,UBCF,10,1,0.1,,0.0,,True
9265,CBF,10,2,0.2,19.802199491474596,19.802199491474596,9.901100073718258,True
9265,UBCF,10,1,0.1,,0.0,,True
9266,CBF,10,3,0.3,16.603218164471635,33.20643632894327,12.488880916996427,True
9266,UBCF,10,2,0.2,37.90428148972095,37.90428148972095,18.95215698491864,True
9267,CBF,10,2,0.2,27.972552036849212,27.972552036849212,13.986278905543603,True
9267,UBCF,10,1,0.1,,0.0,,True
9268,CBF,10,1,0.1,,0.0,,True
9268,UBCF,10,1,0.1,,0.0,,True
9269,CBF,10,2,0.2,0.618187081322193,0.618187081322193,0.3090935406794648,True
9269,UBCF,10,1,0.1,,0.0,,True
9270,CBF,10,2,0.2,20.357530189223063,20.357530189223063,10.178765101099387,True
9270,UBCF,10,1,0.1,,0.0,,True
9271,CBF,10,1,0.1,,0.0,,True
9271,UBCF,10,2,0.2,37.90428148972095,37.90428148972095,18.95215698491864,True
9272,CBF,10,1,0.1,,0.0,,True
9272,UBCF,10,1,0.1,,0.0,,True
9273,CBF,10,4,0.4,22.328899971465518,66.98669991439655,20.997982841365136,True
9273,UBCF,10,1,0.1,,0.0,,True
9274,CBF,10,1,0.1,,0.0,,True
9274,UBCF,10,1,0.1,,0.0,,True
9275,CBF,10,2,0.2,39.89544829710059,39.89544829710059,19.947732443611972,True
9275,UBCF,10,1,0.1,,0.0,,True
9276,CBF,10,1,0.1,,0.0,,True
9276,UBCF,10,2,0.2,27.972552036849212,27.972552036849212,13.986278905543603,True
9277,CBF,10,1,0.1,,0.0,,True
9277,UBCF,10,1,0.1,,0.0,,True
9278,CBF,10,2,0.2,1.4317359571066377,1.4317359571066377,0.7158679788583666,True
9278,UBCF,10,1,0.1,,0.0,,True
9279,CBF,10,1,0.1,,0.0,,True
9279,UBCF,10,1,0.1,,0.0,,True
9280,CBF,10,1,0.1,,0.0,,True
9280,UBCF,10,2,0.2,45.85743379833855,45.85743379833855,22.92871906581808,True
9281,CBF,10,3,0.3,39.90103000773112,79.80206001546225,24.100304972323233,True
9281,UBCF,10,1,0.1,,0.0,,True
9282,CBF,10,1,0.1,,0.0,,True
9282,UBCF,10,1,0.1,,0.0,,True
9283,CBF,10,2,0.2,20.357530189223063,20.357530189223063,10.178765101099387,True
9283,UBCF,10,1,0.1,,0.0,,True
9284,CBF,10,1,0.1,,0.0,,True
9284,UBCF,10,1,0.1,,0.0,,True
9285,CBF,10,1,0.1,,0.0,,True
9285,UBCF,10,2,0.2,19.380806902927784,19.380806902927784,9.690404897837317,True
9287,CBF,10,2,0.2,1.2294901081794265,1.2294901081794265,0.6147450544389285,True
9287,UBCF,10,1,0.1,,0.0,,True
9288,CBF,10,1,0.1,,0.0,,True
9288,UBCF,10,1,0.1,,0.0,,True
9289,CBF,10,2,0.2,40.228672888954705,40.228672888954705,20.11434745585511,True
9289,UBCF,10,1,0.1,,0.0,,True
9290,CBF,10,1,0.1,,0.0,,True
9290,UBCF,10,1,0.1,,0.0,,True
9291,CBF,10,2,0.2,1.5431923121318396,1.5431923121318396,0.7715961563145184,True
9291,UBCF,10,1,0.1,,0.0,,True
9292,CBF,10,1,0.1,,0.0,,True
9292,UBCF,10,2,0.2,18.092520720787423,18.092520720787423,9.046261297938383,True
9293,CBF,10,1,0.1,,0.0,,True
9293,UBCF,10,1,0.1,,0.0,,True
9294,CBF,10,1,0.1,,0.0,,True
9294,UBCF,10,2,0.2,10.351160117462083,10.351160117462083,5.175580061801435,True
9295,CBF,10,2,0.2,1.4520848238930628,1.4520848238930628,0.7260424121934375,True
9295,UBCF,10,1,0.1,,0.0,,True
9296,CBF,10,1,0.1,,0.0,,True
9296,UBCF,10,1,0.1,,0.0,,True
9297,CBF,10,2,0.2,34.29011890939597,34.29011890939597,17.145067764900144,True
9297,UBCF,10,1,0.1,,0.0,,True
9298,CBF,10,3,0.3,16.661937939696955,33.32387587939391,14.670392701795173,True
9298,UBCF,10,1,0.1,,0.0,,True
9299,CBF,10,2,0.2,42.58985072810587,42.58985072810587,21.294941911813737,True
9299,UBCF,10,1,0.1,,0.0,,True
9300,CBF,10,2,0.2,2.3181081257908294,2.3181081257908294,1.1590540648649006,True
9300,UBCF,10,1,0.1,,0.0,,True
9301,CBF,10,2,0.2,39.131166621556076,39.131166621556076,19.565591509610922,True
9301,UBCF,10,1,0.1,,0.0,,True
9302,CBF,10,2,0.2,2.3181081257908294,2.3181081257908294,1.1590540648649006,True
9302,UBCF,10,1,0.1,,0.0,,True
9303,CBF,10,3,0.3,56.426999096220705,112.85399819244141,28.381581106445676,True
9303,UBCF,10,1,0.1,,0.0,,True
9304,CBF,10,2,0.2,1.5431923121318396,1.5431923121318396,0.7715961563145184,True
9304,UBCF,10,2,0.2,37.90428148972095,37.90428148972095,18.95215698491864,True
9305,CBF,10,2,0.2,1.4317359571066377,1.4317359571066377,0.7158679788583666,True
9305,UBCF,10,2,0.2,20.56227028829262,20.56227028829262,10.281135193399617,True
9306,CBF,10,1,0.1,,0.0,,True
9306,UBCF,10,1,0.1,,0.0,,True
9307,CBF,10,1,0.1,,0.0,,True
9307,UBCF,10,1,0.1,,0.0,,True
9308,CBF,10,2,0.2,31.35401553770087,31.35401553770087,15.677013546193354,True
9308,UBCF,10,1,0.1,,0.0,,True
9309,CBF,10,4,0.4,21.076747819219893,63.23024345765968,20.997982841365136,True
9309,UBCF,10,1,0.1,,0.0,,True
9310,CBF,10,2,0.2,28.163648891291636,28.163648891291636,14.081829185081,True
9310,UBCF,10,2,0.2,10.351160117462083,10.351160117462083,5.175580061801435,True
9311,CBF,10,1,0.1,,0.0,,True
9311,UBCF,10,1,0.1,,0.0,,True
9312,CBF,10,4,0.4,26.7400274534921,80.2200823604763,21.843637879627842,True
9312,UBCF,10,1,0.1,,0.0,,True
9313,CBF,10,2,0.2,32.52874473344892,32.52874473344892,16.264373376438158,True
9313,UBCF,10,1,0.1,,0.0,,True
9314,CBF,10,2,0.2,39.89544829710059,39.89544829710059,19.947732443611972,True
9314,UBCF,10,1,0.1,,0.0,,True
9315,CBF,10,1,0.1,,0.0,,True
9315,UBCF,10,1,0.1,,0.0,,True
9316,CBF,10,2,0.2,28.163648891291636,28.163648891291636,14.081829185081,True
9316,UBCF,10,1,0.1,,0.0,,True
9317,CBF,10,2,0.2,28.163648891291636,28.163648891291636,14.081829185081,True
9317,UBCF,10,1,0.1,,0.0,,True
9318,CBF,10,1,0.1,,0.0,,True
9318,UBCF,10,1,0.1,,0.0,,True
9320,CBF,10,2,0.2,43.262588299701214,43.262588299701214,21.631301429361923,True
9320,UBCF,10,1,0.1,,0.0,,True
9321,CBF,10,1,0.1,,0.0,,True
9321,UBCF,10,1,0.1,,0.0,,True
9322,CBF,10,2,0.2,0.618187081322193,0.618187081322193,0.3090935406794648,True
9322,UBCF,10,1,0.1,,0.0,,True
9324,CBF,10,1,0.1,,0.0,,True
9324,UBCF,10,1,0.1,,0.0,,True
9325,CBF,10,2,0.2,32.70568879807172,32.70568879807172,16.352846904750777,True
9325,UBCF,10,1,0.1,,0.0,,True
9326,CBF,10,2,0.2,43.262588299701214,43.262588299701214,21.631301429361923,True
9326,UBCF,10,1,0.1,,0.0,,True
9327,CBF,10,2,0.2,1.4317359571066377,1.4317359571066377,0.7158679788583666,True
9327,UBCF,10,1,0.1,,0.0,,True
9328,CBF,10,2,0.2,27.972552036849212,27.972552036849212,13.986278905543603,True
9328,UBCF,10,1,0.1,,0.0,,True
9329,CBF,10,1,0.1,,0.0,,True
9329,UBCF,10,1,0.1,,0.0,,True
9330,CBF,10,1,0.1,,0.0,,True
9330,UBCF,10,1,0.1,,0.0,,True
9331,CBF,10,4,0.4,27.21897264474525,81.65691793423575,19.35103886034377,True
9331,UBCF,10,2,0.2,37.90428148972095,37.90428148972095,18.95215698491864,True
9332,CBF,10,4,0.4,28.667320095018088,86.00196028505427,22.04778684392698,True
9332,UBCF,10,1,0.1,,0.0,,True
9333,CBF,10,1,0.1,,0.0,,True
9333,UBCF,10,2,0.2,37.90428148972095,37.90428148972095,18.95215698491864,True
9334,CBF,10,1,0.1,,0.0,,True
9334,UBCF,10,2,0.2,42.31944671414057,42.31944671414057,21.159730993153076,True
9335,CBF,10,2,0.2,32.70568879807172,32.70568879807172,16.352846904750777,True
9335,UBCF,10,1,0.1,,0.0,,True
9336,CBF,10,2,0.2,15.08372719236412,15.08372719236412,7.541863686057884,True
9336,UBCF,10,1,0.1,,0.0,,True
9337,CBF,10,1,0.1,,0.0,,True
9337,UBCF,10,1,0.1,,0.0,,True
9338,CBF,10,3,0.3,50.075337687662994,100.15067537532599,28.335316861705888,True
9338,UBCF,10,2,0.2,37.90428148972095,37.90428148972095,18.95215698491864,True
9339,CBF,10,2,0.2,1.5156689175409355,1.5156689175409355,0.7578344591212706,True
9339,UBCF,10,1,0.1,,0.0,,True
9340,CBF,10,2,0.2,38.97541147027279,38.97541147027279,19.487708880396617,True
9340,UBCF,10,2,0.2,32.52874473344892,32.52874473344892,16.264373376438158,True
9341,CBF,10,3,0.3,26.528865278077504,53.05773055615501,13.812411814634183,True
9341,UBCF,10,3,0.3,28.70606259356664,57.41212518713328,22.797291392107905,True
9342,CBF,10,1,0.1,,0.0,,True
9342,UBCF,10,1,0.1,,0.0,,True
9343,CBF,10,3,0.3,31.429643406844413,62.859286813688826,24.100304972323233,True
9343,UBCF,10,1,0.1,,0.0,,True
9344,CBF,10,1,0.1,,0.0,,True
9344,UBCF,10,1,0.1,,0.0,,True
9345,CBF,10,1,0.1,,0.0,,True
9345,UBCF,10,1,0.1,,0.0,,True
9346,CBF,10,2,0.2,23.42832637973626,23.42832637973626,11.71416658667128,True
9346,UBCF,10,1,0.1,,0.0,,True
9348,CBF,10,1,0.1,,0.0,,True
9348,UBCF,10,1,0.1,,0.0,,True
9349,CBF,10,1,0.1,,0.0,,True
9349,UBCF,10,1,0.1,,0.0,,True
9350,CBF,10,2,0.2,1.5156689175409355,1.5156689175409355,0.7578344591212706,True
9350,UBCF,10,1,0.1,,0.0,,True
9351,CBF,10,2,0.2,42.58985072810587,42.58985072810587,21.294941911813737,True
9351,UBCF,10,1,0.1,,0.0,,True
9352,CBF,10,2,0.2,33.307372647861015,33.307372647861015,16.653688974915404,True
9352,UBCF,10,2,0.2,11.749728398231753,11.749728398231753,5.874864397864018,True
9354,CBF,10,2,0.2,1.4317359571066377,1.4317359571066377,0.7158679788583666,True
9354,UBCF,10,1,0.1,,0.0,,True
9355,CBF,10,2,0.2,48.46052491028783,48.46052491028783,24.230281176322904,True
9355,UBCF,10,1,0.1,,0.0,,True
9356,CBF,10,2,0.2,29.15869940542207,29.15869940542207,14.579355363761266,True
9356,UBCF,10,1,0.1,,0.0,,True
9357,CBF,10,1,0.1,,0.0,,True
9357,UBCF,10,1,0.1,,0.0,,True
9358,CBF,10,4,0.4,30.77435381058765,92.32306143176295,22.577454558417195,True
9358,UBCF,10,1,0.1,,0.0,,True
9359,CBF,10,2,0.2,46.88442332277071,46.88442332277071,23.44222710486278,True
9359,UBCF,10,1,0.1,,0.0,,True
9360,CBF,10,2,0.2,43.07938720561975,43.07938720561975,21.53969449295095,True
9360,UBCF,10,1,0.1,,0.0,,True
9361,CBF,10,2,0.2,1.4317359571066377,1.4317359571066377,0.7158679788583666,True
9361,UBCF,10,1,0.1,,0.0,,True
9362,CBF,10,2,0.2,27.972552036849212,27.972552036849212,13.986278905543603,True
9362,UBCF,10,1,0.1,,0.0,,True
9364,CBF,10,1,0.1,,0.0,,True
9364,UBCF,10,1,0.1,,0.0,,True
9365,CBF,10,1,0.1,,0.0,,True
9365,UBCF,10,1,0.1,,0.0,,True
9367,CBF,10,1,0.1,,0.0,,True
9367,UBCF,10,1,0.1,,0.0,,True
9368,CBF,10,3,0.3,29.741831496078074,59.48366299215615,22.03639370655,True
9368,UBCF,10,1,0.1,,0.0,,True
9369,CBF,10,1,0.1,,0.0,,True
9369,UBCF,10,1,0.1,,0.0,,True
9370,CBF,10,2,0.2,23.42832637973626,23.42832637973626,11.71416658667128,True
9370,UBCF,10,1,0.1,,0.0,,True
9371,CBF,10,1,0.1,,0.0,,True
9371,UBCF,10,1,0.1,,0.0,,True
9372,CBF,10,3,0.3,31.429643406844413,62.859286813688826,24.100304972323233,True
9372,UBCF,10,1,0.1,,0.0,,True
9373,CBF,10,1,0.1,,0.0,,True
9373,UBCF,10,1,0.1,,0.0,,True
9374,CBF,10,2,0.2,43.262588299701214,43.262588299701214,21.631301429361923,True
9374,UBCF,10,2,0.2,37.90428148972095,37.90428148972095,18.95215698491864,True
9375,CBF,10,3,0.3,33.20085757433042,66.40171514866084,23.427638132482766,True
9375,UBCF,10,1,0.1,,0.0,,True
9376,CBF,10,1,0.1,,0.0,,True
9376,UBCF,10,1,0.1,,0.0,,True
9377,CBF,10,2,0.2,37.90428148972095,37.90428148972095,18.95215698491864,True
9377,UBCF,10,2,0.2,37.90428148972095,37.90428148972095,18.95215698491864,True
9378,CBF,10,2,0.2,33.67692365322722,33.67692365322722,16.838466700408475,True
9378,UBCF,10,1,0.1,,0.0,,True
9379,CBF,10,2,0.2,28.163648891291636,28.163648891291636,14.081829185081,True
9379,UBCF,10,1,0.1,,0.0,,True
9380,CBF,10,3,0.3,1.2937418702284034,2.5874837404568067,1.0857956522152026,True
9380,UBCF,10,1,0.1,,0.0,,True
9381,CBF,10,2,0.2,29.243994421759137,29.243994421759137,14.622005052302741,True
9381,UBCF,10,1,0.1,,0.0,,True
9382,CBF,10,1,0.1,,0.0,,True
9382,UBCF,10,1,0.1,,0.0,,True
9383,CBF,10,3,0.3,58.08505181109997,116.17010362219995,27.75587227076728,True
9383,UBCF,10,1,0.1,,0.0,,True
9384,CBF,10,3,0.3,21.396469567641386,42.79293913528277,16.47760031289955,True
9384,UBCF,10,1,0.1,,0.0,,True
9385,CBF,10,1,0.1,,0.0,,True
9385,UBCF,10,2,0.2,10.351160117462083,10.351160117462083,5.175580061801435,True
9386,CBF,10,4,0.4,32.83670095856679,98.51010287570035,28.050212518208472,True
9386,UBCF,10,1,0.1,,0.0,,True
9387,CBF,10,2,0.2,28.163648891291636,28.163648891291636,14.081829185081,True
9387,UBCF,10,1,0.1,,0.0,,True
9388,CBF,10,1,0.1,,0.0,,True
9388,UBCF,10,1,0.1,,0.0,,True
9389,CBF,10,2,0.2,43.262588299701214,43.262588299701214,21.631301429361923,True
9389,UBCF,10,2,0.2,11.749728398231753,11.749728398231753,5.874864397864018,True
9390,CBF,10,1,0.1,,0.0,,True
9390,UBCF,10,1,0.1,,0.0,,True
9391,CBF,10,1,0.1,,0.0,,True
9391,UBCF,10,1,0.1,,0.0,,True
9392,CBF,10,3,0.3,16.00286294846914,32.00572589693828,12.498526438558054,True
9392,UBCF,10,2,0.2,31.43542951846135,31.43542951846135,15.717719488393843,True
9393,CBF,10,1,0.1,,0.0,,True
9393,UBCF,10,2,0.2,32.52874473344892,32.52874473344892,16.264373376438158,True
9394,CBF,10,3,0.3,38.018461444091116,76.03692288818223,24.94602623208985,True
9394,UBCF,10,1,0.1,,0.0,,True
9396,CBF,10,4,0.4,22.328899971465518,66.98669991439655,20.997982841365136,True
9396,UBCF,10,1,0.1,,0.0,,True
9397,CBF,10,3,0.3,10.66612670445373,21.33225340890746,6.855558252398129,True
9397,UBCF,10,1,0.1,,0.0,,True
9398,CBF,10,1,0.1,,0.0,,True
9398,UBCF,10,1,0.1,,0.0,,True
9399,CBF,10,2,0.2,19.802199491474596,19.802199491474596,9.901100073718258,True
9399,UBCF,10,1,0.1,,0.0,,True
9400,CBF,10,3,0.3,38.39748572145942,76.79497144291884,26.10748221600761,True
9400,UBCF,10,1,0.1,,0.0,,True
9401,CBF,10,1,0.1,,0.0,,True
9401,UBCF,10,1,0.1,,0.0,,True
9403,CBF,10,4,0.4,22.328899971465518,66.98669991439655,20.997982841365136,True
9403,UBCF,10,1,0.1,,0.0,,True
9404,CBF,10,1,0.1,,0.0,,True
9404,UBCF,10,1,0.1,,0.0,,True
9405,CBF,10,2,0.2,10.08111406100853,10.08111406100853,5.040557317381017,True
9405,UBCF,10,1,0.1,,0.0,,True
9406,CBF,10,3,0.3,16.962779864591603,33.925559729183206,14.670392701795173,True
9406,UBCF,10,1,0.1,,0.0,,True
9407,CBF,10,2,0.2,43.262588299701214,43.262588299701214,21.631301429361923,True
9407,UBCF,10,1,0.1,,0.0,,True
9408,CBF,10,2,0.2,1.5431923121318396,1.5431923121318396,0.7715961563145184,True
9408,UBCF,10,1,0.1,,0.0,,True
9409,CBF,10,2,0.2,1.4317359571066377,1.4317359571066377,0.7158679788583666,True
9409,UBCF,10,1,0.1,,0.0,,True
9410,CBF,10,1,0.1,,0.0,,True
9410,UBCF,10,1,0.1,,0.0,,True
9411,CBF,10,1,0.1,,0.0,,True
9411,UBCF,10,1,0.1,,0.0,,True
9412,CBF,10,1,0.1,,0.0,,True
9412,UBCF,10,1,0.1,,0.0,,True
9413,CBF,10,4,0.4,22.328899971465518,66.98669991439655,20.997982841365136,True
9413,UBCF,10,1,0.1,,0.0,,True
9414,CBF,10,1,0.1,,0.0,,True
9414,UBCF,10,1,0.1,,0.0,,True
9415,CBF,10,2,0.2,32.52874473344892,32.52874473344892,16.264373376438158,True
9415,UBCF,10,1,0.1,,0.0,,True
9416,CBF,10,1,0.1,,0.0,,True
9416,UBCF,10,1,0.1,,0.0,,True
9417,CBF,10,1,0.1,,0.0,,True
9417,UBCF,10,1,0.1,,0.0,,True
9418,CBF,10,1,0.1,,0.0,,True
9418,UBCF,10,1,0.1,,0.0,,True
9419,CBF,10,2,0.2,1.4317359571066377,1.4317359571066377,0.7158679788583666,True
9419,UBCF,10,1,0.1,,0.0,,True
9420,CBF,10,2,0.2,44.961982214837434,44.961982214837434,22.480994602124134,True
9420,UBCF,10,2,0.2,37.90428148972095,37.90428148972095,18.95215698491864,True
9421,CBF,10,2,0.2,30.609509272558906,30.609509272558906,15.304757029726051,True
9421,UBCF,10,1,0.1,,0.0,,True
9422,CBF,10,1,0.1,,0.0,,True
9422,UBCF,10,2,0.2,37.90428148972095,37.90428148972095,18.95215698491864,True
9423,CBF,10,1,0.1,,0.0,,True
9423,UBCF,10,1,0.1,,0.0,,True
9424,CBF,10,1,0.1,,0.0,,True
9424,UBCF,10,1,0.1,,0.0,,True
9425,CBF,10,2,0.2,29.15869940542207,29.15869940542207,14.579355363761266,True
9425,UBCF,10,1,0.1,,0.0,,True
9426,CBF,10,2,0.2,27.972552036849212,27.972552036849212,13.986278905543603,True
9426,UBCF,10,1,0.1,,0.0,,True
9427,CBF,10,2,0.2,27.972552036849212,27.972552036849212,13.986278905543603,True
9427,UBCF,10,1,0.1,,0.0,,True
9428,CBF,10,1,0.1,,0.0,,True
9428,UBCF,10,1,0.1,,0.0,,True
9429,CBF,10,1,0.1,,0.0,,True
9429,UBCF,10,2,0.2,27.972552036849212,27.972552036849212,13.986278905543603,True
9431,CBF,10,1,0.1,,0.0,,True
9431,UBCF,10,1,0.1,,0.0,,True
9432,CBF,10,2,0.2,1.4317359571066377,1.4317359571066377,0.7158679788583666,True
9432,UBCF,10,1,0.1,,0.0,,True
9433,CBF,10,1,0.1,,0.0,,True
9433,UBCF,10,1,0.1,,0.0,,True
9435,CBF,10,2,0.2,19.32043757409859,19.32043757409859,9.660219798568896,True
9435,UBCF,10,1,0.1,,0.0,,True
9436,CBF,10,2,0.2,17.82423193742532,17.82423193742532,8.912116066560213,True
9436,UBCF,10,1,0.1,,0.0,,True
9437,CBF,10,1,0.1,,0.0,,True
9437,UBCF,10,1,0.1,,0.0,,True
9438,CBF,10,2,0.2,10.6535360064198,10.6535360064198,5.3267683565995885,True
9438,UBCF,10,1,0.1,,0.0,,True
9439,CBF,10,2,0.2,19.380806902927784,19.380806902927784,9.690404897837317,True
9439,UBCF,10,1,0.1,,0.0,,True
9440,CBF,10,2,0.2,43.262588299701214,43.262588299701214,21.631301429361923,True
9440,UBCF,10,2,0.2,37.90428148972095,37.90428148972095,18.95215698491864,True
9441,CBF,10,1,0.1,,0.0,,True
9441,UBCF,10,1,0.1,,0.0,,True
9442,CBF,10,2,0.2,1.4520848238930628,1.4520848238930628,0.7260424121934375,True
9442,UBCF,10,1,0.1,,0.0,,True
9443,CBF,10,3,0.3,16.962779864591603,33.925559729183206,14.670392701795173,True
9443,UBCF,10,1,0.1,,0.0,,True
9444,CBF,10,2,0.2,39.68146350068155,39.68146350068155,19.840734382814126,True
9444,UBCF,10,2,0.2,6.324005324956843,6.324005324956843,3.162002681399092,True
9445,CBF,10,1,0.1,,0.0,,True
9445,UBCF,10,2,0.2,37.90428148972095,37.90428148972095,18.95215698491864,True
9447,CBF,10,1,0.1,,0.0,,True
9447,UBCF,10,1,0.1,,0.0,,True
9448,CBF,10,2,0.2,27.972552036849212,27.972552036849212,13.986278905543603,True
9448,UBCF,10,2,0.2,27.972552036849212,27.972552036849212,13.986278905543603,True
9449,CBF,10,1,0.1,,0.0,,True
9449,UBCF,10,1,0.1,,0.0,,True
9450,CBF,10,1,0.1,,0.0,,True
9450,UBCF,10,1,0.1,,0.0,,True
9451,CBF,10,2,0.2,23.42832637973626,23.42832637973626,11.71416658667128,True
9451,UBCF,10,1,0.1,,0.0,,True
9452,CBF,10,1,0.1,,0.0,,True
9452,UBCF,10,1,0.1,,0.0,,True
9453,CBF,10,2,0.2,39.68146350068155,39.68146350068155,19.840734382814126,True
9453,UBCF,10,1,0.1,,0.0,,True
9455,CBF,10,1,0.1,,0.0,,True
9455,UBCF,10,2,0.2,27.972552036849212,27.972552036849212,13.986278905543603,True
9456,CBF,10,2,0.2,47.42548488878177,47.42548488878177,23.712758341755357,True
9456,UBCF,10,2,0.2,27.972552036849212,27.972552036849212,13.986278905543603,True
9457,CBF,10,2,0.2,29.15869940542207,29.15869940542207,14.579355363761266,True
9457,UBCF,10,1,0.1,,0.0,,True
9458,CBF,10,2,0.2,0.7696634962100063,0.7696634962100063,0.38483174829812516,True
9458,UBCF,10,1,0.1,,0.0,,True
9459,CBF,10,2,0.2,8.412640195690354,8.412640195690354,4.206320154926033,True
9459,UBCF,10,2,0.2,20.56227028829262,20.56227028829262,10.281135193399617,True
9461,CBF,10,1,0.1,,0.0,,True
9461,UBCF,10,2,0.2,11.757678681644178,11.757678681644178,5.8788398614513016,True
9462,CBF,10,2,0.2,28.163648891291636,28.163648891291636,14.081829185081,True
9462,UBCF,10,1,0.1,,0.0,,True
9463,CBF,10,1,0.1,,0.0,,True
9463,UBCF,10,1,0.1,,0.0,,True
9464,CBF,10,2,0.2,47.42548488878177,47.42548488878177,23.712758341755357,True
9464,UBCF,10,1,0.1,,0.0,,True
9465,CBF,10,1,0.1,,0.0,,True
9465,UBCF,10,1,0.1,,0.0,,True
9466,CBF,10,4,0.4,26.121825433148718,78.36547629944616,23.184452545576036,True
9466,UBCF,10,1,0.1,,0.0,,True
9467,CBF,10,2,0.2,23.42832637973626,23.42832637973626,11.71416658667128,True
9467,UBCF,10,1,0.1,,0.0,,True
9468,CBF,10,1,0.1,,0.0,,True
9468,UBCF,10,1,0.1,,0.0,,True
9469,CBF,10,2,0.2,1.4317359571066377,1.4317359571066377,0.7158679788583666,True
9469,UBCF,10,1,0.1,,0.0,,True
9470,CBF,10,2,0.2,27.972552036849212,27.972552036849212,13.986278905543603,True
9470,UBCF,10,2,0.2,27.972552036849212,27.972552036849212,13.986278905543603,True
9471,CBF,10,1,0.1,,0.0,,True
9471,UBCF,10,1,0.1,,0.0,,True
9472,CBF,10,3,0.3,19.86916854607542,39.73833709215084,13.812411814634183,True
9472,UBCF,10,2,0.2,45.85743379833855,45.85743379833855,22.92871906581808,True
9473,CBF,10,2,0.2,1.4317359571066377,1.4317359571066377,0.7158679788583666,True
9473,UBCF,10,1,0.1,,0.0,,True
9474,CBF,10,3,0.3,30.888163763765053,61.77632752753011,21.67272261062162,True
9474,UBCF,10,1,0.1,,0.0,,True
9475,CBF,10,2,0.2,38.97541147027279,38.97541147027279,19.487708880396617,True
9475,UBCF,10,1,0.1,,0.0,,True
9476,CBF,10,1,0.1,,0.0,,True
9476,UBCF,10,1,0.1,,0.0,,True
9477,CBF,10,1,0.1,,0.0,,True
9477,UBCF,10,1,0.1,,0.0,,True
9478,CBF,10,1,0.1,,0.0,,True
9478,UBCF,10,1,0.1,,0.0,,True
9479,CBF,10,2,0.2,1.4317359571066377,1.4317359571066377,0.7158679788583666,True
9479,UBCF,10,2,0.2,37.90428148972095,37.90428148972095,18.95215698491864,True
9480,CBF,10,1,0.1,,0.0,,True
9480,UBCF,10,1,0.1,,0.0,,True
9481,CBF,10,2,0.2,6.177944725527505,6.177944725527505,3.0889723973342056,True
9481,UBCF,10,1,0.1,,0.0,,True
9482,CBF,10,1,0.1,,0.0,,True
9482,UBCF,10,1,0.1,,0.0,,True
9483,CBF,10,2,0.2,1.5431923121318396,1.5431923121318396,0.7715961563145184,True
9483,UBCF,10,2,0.2,20.56227028829262,20.56227028829262,10.281135193399617,True
9484,CBF,10,1,0.1,,0.0,,True
9484,UBCF,10,1,0.1,,0.0,,True
9486,CBF,10,1,0.1,,0.0,,True
9486,UBCF,10,2,0.2,10.351160117462083,10.351160117462083,5.175580061801435,True
9487,CBF,10,1,0.1,,0.0,,True
9487,UBCF,10,1,0.1,,0.0,,True
9488,CBF,10,1,0.1,,0.0,,True
9488,UBCF,10,1,0.1,,0.0,,True
9489,CBF,10,2,0.2,39.884336960417365,39.884336960417365,19.94216859195539,True
9489,UBCF,10,1,0.1,,0.0,,True
9490,CBF,10,4,0.4,26.892967904621177,80.67890371386353,20.767912736138523,True
9490,UBCF,10,1,0.1,,0.0,,True
9491,CBF,10,4,0.4,10.212553476953314,30.637660430859942,6.719870187443794,True
9491,UBCF,10,1,0.1,,0.0,,True
9493,CBF,10,1,0.1,,0.0,,True
9493,UBCF,10,1,0.1,,0.0,,True
9494,CBF,10,1,0.1,,0.0,,True
9494,UBCF,10,1,0.1,,0.0,,True
9495,CBF,10,1,0.1,,0.0,,True
9495,UBCF,10,1,0.1,,0.0,,True
9496,CBF,10,1,0.1,,0.0,,True
9496,UBCF,10,1,0.1,,0.0,,True
9497,CBF,10,2,0.2,1.4317359571066377,1.4317359571066377,0.7158679788583666,True
9497,UBCF,10,1,0.1,,0.0,,True
9498,CBF,10,2,0.2,38.54334327738816,38.54334327738816,19.27168404100997,True
9498,UBCF,10,1,0.1,,0.0,,True
9499,CBF,10,1,0.1,,0.0,,True
9499,UBCF,10,1,0.1,,0.0,,True
9500,CBF,10,1,0.1,,0.0,,True
9500,UBCF,10,1,0.1,,0.0,,True
9502,CBF,10,1,0.1,,0.0,,True
9502,UBCF,10,2,0.2,11.749728398231753,11.749728398231753,5.874864397864018,True
9503,CBF,10,2,0.2,47.42548488878177,47.42548488878177,23.712758341755357,True
9503,UBCF,10,2,0.2,37.90428148972095,37.90428148972095,18.95215698491864,True
9504,CBF,10,2,0.2,13.448383851462852,13.448383851462852,6.724192680672757,True
9504,UBCF,10,1,0.1,,0.0,,True
9505,CBF,10,2,0.2,27.972552036849212,27.972552036849212,13.986278905543603,True
9505,UBCF,10,1,0.1,,0.0,,True
9506,CBF,10,1,0.1,,0.0,,True
9506,UBCF,10,1,0.1,,0.0,,True
9507,CBF,10,1,0.1,,0.0,,True
9507,UBCF,10,1,0.1,,0.0,,True
9508,CBF,10,1,0.1,,0.0,,True
9508,UBCF,10,1,0.1,,0.0,,True
9510,CBF,10,2,0.2,38.97541147027279,38.97541147027279,19.487708880396617,True
9510,UBCF,10,1,0.1,,0.0,,True
9511,CBF,10,1,0.1,,0.0,,True
9511,UBCF,10,1,0.1,,0.0,,True
9512,CBF,10,3,0.3,10.66612670445373,21.33225340890746,6.855558252398129,True
9512,UBCF,10,1,0.1,,0.0,,True
9513,CBF,10,3,0.3,16.661937939696955,33.32387587939391,14.670392701795173,True
9513,UBCF,10,1,0.1,,0.0,,True
9514,CBF,10,1,0.1,,0.0,,True
9514,UBCF,10,1,0.1,,0.0,,True
9515,CBF,10,2,0.2,18.063673535690604,18.063673535690604,9.031838163077367,True
9515,UBCF,10,2,0.2,27.972552036849212,27.972552036849212,13.986278905543603,True
9516,CBF,10,2,0.2,8.412640195690354,8.412640195690354,4.206320154926033,True
9516,UBCF,10,1,0.1,,0.0,,True
9517,CBF,10,3,0.3,5.2094405012046,10.4188810024092,3.7734193919112045,True
9517,UBCF,10,1,0.1,,0.0,,True
9518,CBF,10,2,0.2,21.974395219043465,21.974395219043465,10.987199316868491,True
9518,UBCF,10,1,0.1,,0.0,,True
9519,CBF,10,3,0.3,50.955202211758824,101.91040442351765,25.47925704214642,True
9519,UBCF,10,1,0.1,,0.0,,True
9520,CBF,10,1,0.1,,0.0,,True
9520,UBCF,10,1,0.1,,0.0,,True
9521,CBF,10,4,0.4,22.328899971465518,66.98669991439655,20.997982841365136,True
9521,UBCF,10,1,0.1,,0.0,,True
9522,CBF,10,2,0.2,27.972552036849212,27.972552036849212,13.986278905543603,True
9522,UBCF,10,1,0.1,,0.0,,True
9523,CBF,10,2,0.2,43.262588299701214,43.262588299701214,21.631301429361923,True
9523,UBCF,10,1,0.1,,0.0,,True
9524,CBF,10,3,0.3,29.551415178475974,59.10283035695195,23.225886950306606,True
9524,UBCF,10,1,0.1,,0.0,,True
9525,CBF,10,4,0.4,9.796874675152635,29.390624025457903,8.446278807660006,True
9525,UBCF,10,2,0.2,48.054481419213076,48.054481419213076,24.027240711726357,True
9526,CBF,10,2,0.2,17.82423193742532,17.82423193742532,8.912116066560213,True
9526,UBCF,10,1,0.1,,0.0,,True
9527,CBF,10,1,0.1,,0.0,,True
9527,UBCF,10,2,0.2,10.351160117462083,10.351160117462083,5.175580061801435,True
9528,CBF,10,1,0.1,,0.0,,True
9528,UBCF,10,1,0.1,,0.0,,True
9529,CBF,10,2,0.2,28.163648891291636,28.163648891291636,14.081829185081,True
9529,UBCF,10,1,0.1,,0.0,,True
9530,CBF,10,1,0.1,,0.0,,True
9530,UBCF,10,1,0.1,,0.0,,True
9531,CBF,10,1,0.1,,0.0,,True
9531,UBCF,10,1,0.1,,0.0,,True
9532,CBF,10,1,0.1,,0.0,,True
9532,UBCF,10,1,0.1,,0.0,,True
9533,CBF,10,3,0.3,51.71236007998358,103.42472015996717,27.314473332598265,True
9533,UBCF,10,2,0.2,19.380806902927784,19.380806902927784,9.690404897837317,True
9534,CBF,10,1,0.1,,0.0,,True
9534,UBCF,10,1,0.1,,0.0,,True
9535,CBF,10,2,0.2,2.388937912767819,2.388937912767819,1.1944689563862,True
9535,UBCF,10,1,0.1,,0.0,,True
9536,CBF,10,2,0.2,48.054481419213076,48.054481419213076,24.027240711726357,True
9536,UBCF,10,1,0.1,,0.0,,True
9537,CBF,10,1,0.1,,0.0,,True
9537,UBCF,10,1,0.1,,0.0,,True
9538,CBF,10,4,0.4,4.360052751783144,13.080158255349431,3.4277266256543344,True
9538,UBCF,10,1,0.1,,0.0,,True
9539,CBF,10,1,0.1,,0.0,,True
9539,UBCF,10,1,0.1,,0.0,,True
9540,CBF,10,2,0.2,1.4317359571066377,1.4317359571066377,0.7158679788583666,True
9540,UBCF,10,2,0.2,27.972552036849212,27.972552036849212,13.986278905543603,True
9541,CBF,10,2,0.2,16.290572651640527,16.290572651640527,8.145286821625284,True
9541,UBCF,10,1,0.1,,0.0,,True
9542,CBF,10,1,0.1,,0.0,,True
9542,UBCF,10,1,0.1,,0.0,,True
9543,CBF,10,1,0.1,,0.0,,True
9543,UBCF,10,3,0.3,46.742821673007626,93.48564334601525,22.491845482861294,True
9544,CBF,10,3,0.3,16.962779864591603,33.925559729183206,14.670392701795173,True
9544,UBCF,10,1,0.1,,0.0,,True
9545,CBF,10,1,0.1,,0.0,,True
9545,UBCF,10,1,0.1,,0.0,,True
9546,CBF,10,3,0.3,10.66612670445373,21.33225340890746,6.855558252398129,True
9546,UBCF,10,1,0.1,,0.0,,True
9547,CBF,10,2,0.2,27.972552036849212,27.972552036849212,13.986278905543603,True
9547,UBCF,10,1,0.1,,0.0,,True
9548,CBF,10,2,0.2,1.5156689175409355,1.5156689175409355,0.7578344591212706,True
9548,UBCF,10,1,0.1,,0.0,,True
9549,CBF,10,1,0.1,,0.0,,True
9549,UBCF,10,1,0.1,,0.0,,True
9550,CBF,10,1,0.1,,0.0,,True
9550,UBCF,10,1,0.1,,0.0,,True
9551,CBF,10,2,0.2,7.90812379907292,7.90812379907292,3.954061946399003,True
9551,UBCF,10,1,0.1,,0.0,,True
9553,CBF,10,2,0.2,28.163648891291636,28.163648891291636,14.081829185081,True
9553,UBCF,10,1,0.1,,0.0,,True
9555,CBF,10,3,0.3,16.00286294846914,32.00572589693828,12.498526438558054,True
9555,UBCF,10,1,0.1,,0.0,,True
9556,CBF,10,2,0.2,8.412640195690354,8.412640195690354,4.206320154926033,True
9556,UBCF,10,1,0.1,,0.0,,True
9557,CBF,10,2,0.2,1.4317359571066377,1.4317359571066377,0.7158679788583666,True
9557,UBCF,10,2,0.2,32.156236140329234,32.156236140329234,16.078123042774006,True
9558,CBF,10,2,0.2,27.972552036849212,27.972552036849212,13.986278905543603,True
9558,UBCF,10,1,0.1,,0.0,,True
9559,CBF,10,2,0.2,1.4317359571066377,1.4317359571066377,0.7158679788583666,True
9559,UBCF,10,1,0.1,,0.0,,True
9560,CBF,10,2,0.2,20.357530189223063,20.357530189223063,10.178765101099387,True
9560,UBCF,10,1,0.1,,0.0,,True
9561,CBF,10,1,0.1,,0.0,,True
9561,UBCF,10,2,0.2,19.380806902927784,19.380806902927784,9.690404897837317,True
9562,CBF,10,2,0.2,1.851196413912366,1.851196413912366,0.9255982080141867,True
9562,UBCF,10,2,0.2,32.52874473344892,32.52874473344892,16.264373376438158,True
9563,CBF,10,2,0.2,1.5431923121318396,1.5431923121318396,0.7715961563145184,True
9563,UBCF,10,2,0.2,37.90428148972095,37.90428148972095,18.95215698491864,True
9564,CBF,10,3,0.3,25.470518116635393,50.941036233270786,15.223148201525666,True
9564,UBCF,10,2,0.2,8.412640195690354,8.412640195690354,4.206320154926033,True
9565,CBF,10,2,0.2,39.884336960417365,39.884336960417365,19.94216859195539,True
9565,UBCF,10,1,0.1,,0.0,,True
9566,CBF,10,2,0.2,2.3181081257908294,2.3181081257908294,1.1590540648649006,True
9566,UBCF,10,1,0.1,,0.0,,True
9567,CBF,10,1,0.1,,0.0,,True
9567,UBCF,10,1,0.1,,0.0,,True
9568,CBF,10,4,0.4,22.328899971465518,66.98669991439655,20.997982841365136,True
9568,UBCF,10,2,0.2,20.56227028829262,20.56227028829262,10.281135193399617,True
9569,CBF,10,2,0.2,19.380806902927784,19.380806902927784,9.690404897837317,True
9569,UBCF,10,1,0.1,,0.0,,True
9570,CBF,10,1,0.1,,0.0,,True
9570,UBCF,10,1,0.1,,0.0,,True
9571,CBF,10,2,0.2,18.063673535690604,18.063673535690604,9.031838163077367,True
9571,UBCF,10,1,0.1,,0.0,,True
9572,CBF,10,2,0.2,6.271109147198457,6.271109147198457,3.1355545981176123,True
9572,UBCF,10,1,0.1,,0.0,,True
9574,CBF,10,1,0.1,,0.0,,True
9574,UBCF,10,1,0.1,,0.0,,True
9575,CBF,10,1,0.1,,0.0,,True
9575,UBCF,10,1,0.1,,0.0,,True
9576,CBF,10,1,0.1,,0.0,,True
9576,UBCF,10,1,0.1,,0.0,,True
9577,CBF,10,3,0.3,31.429643406844413,62.859286813688826,24.100304972323233,True
9577,UBCF,10,1,0.1,,0.0,,True
9578,CBF,10,2,0.2,28.163648891291636,28.163648891291636,14.081829185081,True
9578,UBCF,10,1,0.1,,0.0,,True
9580,CBF,10,2,0.2,1.4317359571066377,1.4317359571066377,0.7158679788583666,True
9580,UBCF,10,1,0.1,,0.0,,True
9581,CBF,10,3,0.3,16.962779864591603,33.925559729183206,14.670392701795173,True
9581,UBCF,10,1,0.1,,0.0,,True
9583,CBF,10,2,0.2,3.743765121928155,3.743765121928155,1.8718825702673683,True
9583,UBCF,10,1,0.1,,0.0,,True
9584,CBF,10,2,0.2,28.163648891291636,28.163648891291636,14.081829185081,True
9584,UBCF,10,1,0.1,,0.0,,True
9585,CBF,10,3,0.3,31.730134896007094,63.46026979201419,23.446819041658188,True
9585,UBCF,10,1,0.1,,0.0,,True
9586,CBF,10,1,0.1,,0.0,,True
9586,UBCF,10,1,0.1,,0.0,,True
9587,CBF,10,2,0.2,42.58985072810587,42.58985072810587,21.294941911813737,True
9587,UBCF,10,1,0.1,,0.0,,True
9588,CBF,10,2,0.2,19.802199491474596,19.802199491474596,9.901100073718258,True
9588,UBCF,10,2,0.2,10.351160117462083,10.351160117462083,5.175580061801435,True
9589,CBF,10,3,0.3,37.74275346153303,75.48550692306605,26.65203969884985,True
9589,UBCF,10,2,0.2,37.90428148972095,37.90428148972095,18.95215698491864,True
9590,CBF,10,1,0.1,,0.0,,True
9590,UBCF,10,1,0.1,,0.0,,True
9591,CBF,10,1,0.1,,0.0,,True
9591,UBCF,10,1,0.1,,0.0,,True
9592,CBF,10,2,0.2,2.3181081257908294,2.3181081257908294,1.1590540648649006,True
9592,UBCF,10,1,0.1,,0.0,,True
9593,CBF,10,3,0.3,12.830655212541107,25.661310425082213,7.505223390028394,True
9593,UBCF,10,1,0.1,,0.0,,True
9594,CBF,10,3,0.3,17.422387190708463,34.844774381416926,13.984483048124067,True
9594,UBCF,10,1,0.1,,0.0,,True
9595,CBF,10,2,0.2,33.67692365322722,33.67692365322722,16.838466700408475,True
9595,UBCF,10,1,0.1,,0.0,,True
9596,CBF,10,1,0.1,,0.0,,True
9596,UBCF,10,1,0.1,,0.0,,True
9597,CBF,10,2,0.2,47.42548488878177,47.42548488878177,23.712758341755357,True
9597,UBCF,10,1,0.1,,0.0,,True
9598,CBF,10,2,0.2,5.859110933607617,5.859110933607617,2.929555475275662,True
9598,UBCF,10,1,0.1,,0.0,,True
9599,CBF,10,2,0.2,18.346946635879913,18.346946635879913,9.173475207982682,True
9599,UBCF,10,1,0.1,,0.0,,True
9600,CBF,10,1,0.1,,0.0,,True
9600,UBCF,10,1,0.1,,0.0,,True
9601,CBF,10,2,0.2,1.4317359571066377,1.4317359571066377,0.7158679788583666,True
9601,UBCF,10,1,0.1,,0.0,,True
9602,CBF,10,2,0.2,33.307372647861015,33.307372647861015,16.653688974915404,True
9602,UBCF,10,1,0.1,,0.0,,True
9603,CBF,10,1,0.1,,0.0,,True
9603,UBCF,10,2,0.2,10.351160117462083,10.351160117462083,5.175580061801435,True
9604,CBF,10,2,0.2,17.934206032638222,17.934206032638222,8.967103115916322,True
9604,UBCF,10,1,0.1,,0.0,,True
9605,CBF,10,1,0.1,,0.0,,True
9605,UBCF,10,1,0.1,,0.0,,True
9606,CBF,10,3,0.3,47.745311562003025,95.49062312400605,23.427638132482766,True
9606,UBCF,10,2,0.2,27.972552036849212,27.972552036849212,13.986278905543603,True
9607,CBF,10,1,0.1,,0.0,,True
9607,UBCF,10,1,0.1,,0.0,,True
9608,CBF,10,2,0.2,47.2904786604151,47.2904786604151,23.645251826609766,True
9608,UBCF,10,1,0.1,,0.0,,True
9609,CBF,10,2,0.2,34.72149846976685,34.72149846976685,17.360758094044108,True
9609,UBCF,10,1,0.1,,0.0,,True
9611,CBF,10,2,0.2,19.380806902927784,19.380806902927784,9.690404897837317,True
9611,UBCF,10,1,0.1,,0.0,,True
9612,CBF,10,2,0.2,1.5156689175409355,1.5156689175409355,0.7578344591212706,True
9612,UBCF,10,1,0.1,,0.0,,True
9613,CBF,10,4,0.4,20.4322343369084,61.2967030107252,20.36692981405468,True
9613,UBCF,10,1,0.1,,0.0,,True
9614,CBF,10,1,0.1,,0.0,,True
9614,UBCF,10,1,0.1,,0.0,,True
9615,CBF,10,2,0.2,0.618187081322193,0.618187081322193,0.3090935406794648,True
9615,UBCF,10,1,0.1,,0.0,,True
9616,CBF,10,2,0.2,33.67692365322722,33.67692365322722,16.838466700408475,True
9616,UBCF,10,1,0.1,,0.0,,True
9617,CBF,10,2,0.2,42.58985072810587,42.58985072810587,21.294941911813737,True
9617,UBCF,10,1,0.1,,0.0,,True
9618,CBF,10,2,0.2,28.163648891291636,28.163648891291636,14.081829185081,True
9618,UBCF,10,1,0.1,,0.0,,True
9619,CBF,10,2,0.2,27.972552036849212,27.972552036849212,13.986278905543603,True
9619,UBCF,10,2,0.2,11.749728398231753,11.749728398231753,5.874864397864018,True
9620,CBF,10,1,0.1,,0.0,,True
9620,UBCF,10,1,0.1,,0.0,,True
9622,CBF,10,1,0.1,,0.0,,True
9622,UBCF,10,1,0.1,,0.0,,True
9623,CBF,10,2,0.2,11.28293573581905,11.28293573581905,5.641468021743305,True
9623,UBCF,10,2,0.2,37.90428148972095,37.90428148972095,18.95215698491864,True
9624,CBF,10,1,0.1,,0.0,,True
9624,UBCF,10,2,0.2,16.565863565943992,16.565863565943992,8.282932816586648,True
9625,CBF,10,2,0.2,47.12934881228967,47.12934881228967,23.564704578732673,True
9625,UBCF,10,1,0.1,,0.0,,True
9626,CBF,10,2,0.2,47.42548488878177,47.42548488878177,23.712758341755357,True
9626,UBCF,10,1,0.1,,0.0,,True
9627,CBF,10,1,0.1,,0.0,,True
9627,UBCF,10,1,0.1,,0.0,,True
9628,CBF,10,2,0.2,27.972552036849212,27.972552036849212,13.986278905543603,True
9628,UBCF,10,1,0.1,,0.0,,True
9629,CBF,10,1,0.1,,0.0,,True
9629,UBCF,10,1,0.1,,0.0,,True
9630,CBF,10,2,0.2,38.97541147027279,38.97541147027279,19.487708880396617,True
9630,UBCF,10,1,0.1,,0.0,,True
9631,CBF,10,4,0.4,7.8491355970953975,23.547406791286193,5.52440225451474,True
9631,UBCF,10,1,0.1,,0.0,,True
9632,CBF,10,1,0.1,,0.0,,True
9632,UBCF,10,1,0.1,,0.0,,True
9633,CBF,10,1,0.1,,0.0,,True
9633,UBCF,10,1,0.1,,0.0,,True
9634,CBF,10,2,0.2,19.380806902927784,19.380806902927784,9.690404897837317,True
9634,UBCF,10,1,0.1,,0.0,,True
9635,CBF,10,2,0.2,27.972552036849212,27.972552036849212,13.986278905543603,True
9635,UBCF,10,1,0.1,,0.0,,True
9636,CBF,10,2,0.2,43.50817815473331,43.50817815473331,21.754100831478382,True
9636,UBCF,10,1,0.1,,0.0,,True
9637,CBF,10,2,0.2,43.262588299701214,43.262588299701214,21.631301429361923,True
9637,UBCF,10,2,0.2,32.52874473344892,32.52874473344892,16.264373376438158,True
9638,CBF,10,2,0.2,27.49856335510271,27.49856335510271,13.749286073593973,True
9638,UBCF,10,2,0.2,32.156236140329234,32.156236140329234,16.078123042774006,True
9641,CBF,10,1,0.1,,0.0,,True
9641,UBCF,10,1,0.1,,0.0,,True
9642,CBF,10,2,0.2,33.307372647861015,33.307372647861015,16.653688974915404,True
9642,UBCF,10,1,0.1,,0.0,,True
9643,CBF,10,2,0.2,1.5156689175409355,1.5156689175409355,0.7578344591212706,True
9643,UBCF,10,2,0.2,37.90428148972095,37.90428148972095,18.95215698491864,True
9644,CBF,10,2,0.2,33.67692365322722,33.67692365322722,16.838466700408475,True
9644,UBCF,10,2,0.2,11.749728398231753,11.749728398231753,5.874864397864018,True
9645,CBF,10,2,0.2,27.972552036849212,27.972552036849212,13.986278905543603,True
9645,UBCF,10,1,0.1,,0.0,,True
9646,CBF,10,2,0.2,20.357530189223063,20.357530189223063,10.178765101099387,True
9646,UBCF,10,1,0.1,,0.0,,True
9647,CBF,10,2,0.2,17.82423193742532,17.82423193742532,8.912116066560213,True
9647,UBCF,10,1,0.1,,0.0,,True
9648,CBF,10,1,0.1,,0.0,,True
9648,UBCF,10,1,0.1,,0.0,,True
9649,CBF,10,1,0.1,,0.0,,True
9649,UBCF,10,1,0.1,,0.0,,True
9650,CBF,10,1,0.1,,0.0,,True
9650,UBCF,10,2,0.2,11.749728398231753,11.749728398231753,5.874864397864018,True
9651,CBF,10,1,0.1,,0.0,,True
9651,UBCF,10,1,0.1,,0.0,,True
9652,CBF,10,2,0.2,39.68146350068155,39.68146350068155,19.840734382814126,True
9652,UBCF,10,1,0.1,,0.0,,True
9653,CBF,10,3,0.3,29.741831496078074,59.48366299215615,22.03639370655,True
9653,UBCF,10,1,0.1,,0.0,,True
9654,CBF,10,1,0.1,,0.0,,True
9654,UBCF,10,1,0.1,,0.0,,True
9655,CBF,10,1,0.1,,0.0,,True
9655,UBCF,10,1,0.1,,0.0,,True
9656,CBF,10,2,0.2,39.89544829710059,39.89544829710059,19.947732443611972,True
9656,UBCF,10,1,0.1,,0.0,,True
9657,CBF,10,2,0.2,28.163648891291636,28.163648891291636,14.081829185081,True
9657,UBCF,10,1,0.1,,0.0,,True
9658,CBF,10,1,0.1,,0.0,,True
9658,UBCF,10,1,0.1,,0.0,,True
9659,CBF,10,2,0.2,1.4317359571066377,1.4317359571066377,0.7158679788583666,True
9659,UBCF,10,1,0.1,,0.0,,True
9660,CBF,10,1,0.1,,0.0,,True
9660,UBCF,10,1,0.1,,0.0,,True
9661,CBF,10,4,0.4,23.061097379548556,69.18329213864567,20.767912736138523,True
9661,UBCF,10,1,0.1,,0.0,,True
9662,CBF,10,2,0.2,25.290961626338287,25.290961626338287,12.6454809003117,True
9662,UBCF,10,1,0.1,,0.0,,True
9663,CBF,10,2,0.2,28.163648891291636,28.163648891291636,14.081829185081,True
9663,UBCF,10,2,0.2,37.90428148972095,37.90428148972095,18.95215698491864,True
9664,CBF,10,3,0.3,8.787898476085292,17.575796952170585,6.855558252398272,True
9664,UBCF,10,2,0.2,37.90428148972095,37.90428148972095,18.95215698491864,True
9665,CBF,10,3,0.3,34.06634767673093,68.13269535346186,23.736745961868937,True
9665,UBCF,10,1,0.1,,0.0,,True
9666,CBF,10,1,0.1,,0.0,,True
9666,UBCF,10,1,0.1,,0.0,,True
9667,CBF,10,2,0.2,27.972552036849212,27.972552036849212,13.986278905543603,True
9667,UBCF,10,1,0.1,,0.0,,True
9668,CBF,10,2,0.2,1.4317359571066377,1.4317359571066377,0.7158679788583666,True
9668,UBCF,10,1,0.1,,0.0,,True
9669,CBF,10,1,0.1,,0.0,,True
9669,UBCF,10,2,0.2,27.972552036849212,27.972552036849212,13.986278905543603,True
9670,CBF,10,4,0.4,29.15024928466957,87.45074785400871,19.71693182555296,True
9670,UBCF,10,1,0.1,,0.0,,True
9671,CBF,10,1,0.1,,0.0,,True
9671,UBCF,10,1,0.1,,0.0,,True
9672,CBF,10,2,0.2,38.97541147027279,38.97541147027279,19.487708880396617,True
9672,UBCF,10,1,0.1,,0.0,,True
9673,CBF,10,1,0.1,,0.0,,True
9673,UBCF,10,1,0.1,,0.0,,True
9674,CBF,10,2,0.2,43.262588299701214,43.262588299701214,21.631301429361923,True
9674,UBCF,10,1,0.1,,0.0,,True
9675,CBF,10,2,0.2,1.5431923121318396,1.5431923121318396,0.7715961563145184,True
9675,UBCF,10,1,0.1,,0.0,,True
9676,CBF,10,2,0.2,43.262588299701214,43.262588299701214,21.631301429361923,True
9676,UBCF,10,1,0.1,,0.0,,True
9677,CBF,10,2,0.2,43.262588299701214,43.262588299701214,21.631301429361923,True
9677,UBCF,10,1,0.1,,0.0,,True
9678,CBF,10,2,0.2,47.12934881228967,47.12934881228967,23.564704578732673,True
9678,UBCF,10,1,0.1,,0.0,,True
9679,CBF,10,2,0.2,39.89544829710059,39.89544829710059,19.947732443611972,True
9679,UBCF,10,2,0.2,43.06789496829618,43.06789496829618,21.53394824722954,True
9680,CBF,10,1,0.1,,0.0,,True
9680,UBCF,10,2,0.2,27.972552036849212,27.972552036849212,13.986278905543603,True
9681,CBF,10,3,0.3,30.44606345286075,60.8921269057215,15.217295100938093,True
9681,UBCF,10,1,0.1,,0.0,,True
9683,CBF,10,1,0.1,,0.0,,True
9683,UBCF,10,1,0.1,,0.0,,True
9684,CBF,10,1,0.1,,0.0,,True
9684,UBCF,10,1,0.1,,0.0,,True
9685,CBF,10,1,0.1,,0.0,,True
9685,UBCF,10,1,0.1,,0.0,,True
9686,CBF,10,1,0.1,,0.0,,True
9686,UBCF,10,1,0.1,,0.0,,True
9687,CBF,10,1,0.1,,0.0,,True
9687,UBCF,10,2,0.2,32.52874473344892,32.52874473344892,16.264373376438158,True
9688,CBF,10,2,0.2,29.744171977843155,29.744171977843155,14.872089691416928,True
9688,UBCF,10,2,0.2,20.56227028829262,20.56227028829262,10.281135193399617,True
9689,CBF,10,4,0.4,26.204995018177183,78.61498505453154,24.192985851838642,True
9689,UBCF,10,1,0.1,,0.0,,True
9690,CBF,10,2,0.2,5.042787437651631,5.042787437651631,2.5213937279478893,True
9690,UBCF,10,1,0.1,,0.0,,True
9691,CBF,10,2,0.2,1.4317359571066377,1.4317359571066377,0.7158679788583666,True
9691,UBCF,10,1,0.1,,0.0,,True
9692,CBF,10,2,0.2,43.5828101844022,43.5828101844022,21.791406458754743,True
9692,UBCF,10,1,0.1,,0.0,,True
9693,CBF,10,2,0.2,18.063673535690604,18.063673535690604,9.031838163077367,True
9693,UBCF,10,1,0.1,,0.0,,True
9694,CBF,10,3,0.3,26.81985770625227,53.63971541250454,20.73725573373159,True
9694,UBCF,10,1,0.1,,0.0,,True
9695,CBF,10,4,0.4,26.7243388864777,80.1730166594331,20.997982841365136,True
9695,UBCF,10,1,0.1,,0.0,,True
9696,CBF,10,2,0.2,1.4317359571066377,1.4317359571066377,0.7158679788583666,True
9696,UBCF,10,1,0.1,,0.0,,True
9697,CBF,10,1,0.1,,0.0,,True
9697,UBCF,10,1,0.1,,0.0,,True
9698,CBF,10,2,0.2,1.5156689175409355,1.5156689175409355,0.7578344591212706,True
9698,UBCF,10,1,0.1,,0.0,,True
9699,CBF,10,2,0.2,43.262588299701214,43.262588299701214,21.631301429361923,True
9699,UBCF,10,1,0.1,,0.0,,True
9700,CBF,10,2,0.2,28.163648891291636,28.163648891291636,14.081829185081,True
9700,UBCF,10,1,0.1,,0.0,,True
9701,CBF,10,2,0.2,1.4317359571066377,1.4317359571066377,0.7158679788583666,True
9701,UBCF,10,1,0.1,,0.0,,True
9702,CBF,10,2,0.2,39.68146350068155,39.68146350068155,19.840734382814126,True
9702,UBCF,10,1,0.1,,0.0,,True
9703,CBF,10,2,0.2,33.67692365322722,33.67692365322722,16.838466700408475,True
9703,UBCF,10,1,0.1,,0.0,,True
9704,CBF,10,1,0.1,,0.0,,True
9704,UBCF,10,2,0.2,11.749728398231753,11.749728398231753,5.874864397864018,True
9705,CBF,10,1,0.1,,0.0,,True
9705,UBCF,10,1,0.1,,0.0,,True
9706,CBF,10,2,0.2,18.063673535690604,18.063673535690604,9.031838163077367,True
9706,UBCF,10,1,0.1,,0.0,,True
9707,CBF,10,1,0.1,,0.0,,True
9707,UBCF,10,2,0.2,6.324005324956843,6.324005324956843,3.162002681399092,True
9709,CBF,10,1,0.1,,0.0,,True
9709,UBCF,10,1,0.1,,0.0,,True
9710,CBF,10,2,0.2,16.039800087006007,16.039800087006007,8.019900878279927,True
9710,UBCF,10,1,0.1,,0.0,,True
9711,CBF,10,2,0.2,38.54334327738816,38.54334327738816,19.27168404100997,True
9711,UBCF,10,1,0.1,,0.0,,True
9712,CBF,10,1,0.1,,0.0,,True
9712,UBCF,10,2,0.2,32.52874473344892,32.52874473344892,16.264373376438158,True
9713,CBF,10,2,0.2,11.749728398231753,11.749728398231753,5.874864397864018,True
9713,UBCF,10,1,0.1,,0.0,,True
9714,CBF,10,3,0.3,8.787898476085292,17.575796952170585,6.855558252398272,True
9714,UBCF,10,1,0.1,,0.0,,True
9715,CBF,10,1,0.1,,0.0,,True
9715,UBCF,10,2,0.2,31.43542951846135,31.43542951846135,15.717719488393843,True
9716,CBF,10,2,0.2,27.972552036849212,27.972552036849212,13.986278905543603,True
9716,UBCF,10,1,0.1,,0.0,,True
9717,CBF,10,2,0.2,1.5156689175409355,1.5156689175409355,0.7578344591212706,True
9717,UBCF,10,1,0.1,,0.0,,True
9718,CBF,10,1,0.1,,0.0,,True
9718,UBCF,10,1,0.1,,0.0,,True
9719,CBF,10,1,0.1,,0.0,,True
9719,UBCF,10,1,0.1,,0.0,,True
9722,CBF,10,2,0.2,43.262588299701214,43.262588299701214,21.631301429361923,True
9722,UBCF,10,1,0.1,,0.0,,True
9723,CBF,10,1,0.1,,0.0,,True
9723,UBCF,10,1,0.1,,0.0,,True
9724,CBF,10,1,0.1,,0.0,,True
9724,UBCF,10,1,0.1,,0.0,,True
9725,CBF,10,2,0.2,8.966796178516137,8.966796178516137,4.483398160676603,True
9725,UBCF,10,1,0.1,,0.0,,True
9726,CBF,10,2,0.2,8.16743553660368,8.16743553660368,4.083717828518369,True
9726,UBCF,10,1,0.1,,0.0,,True
9727,CBF,10,1,0.1,,0.0,,True
9727,UBCF,10,1,0.1,,0.0,,True
9728,CBF,10,1,0.1,,0.0,,True
9728,UBCF,10,1,0.1,,0.0,,True
9729,CBF,10,1,0.1,,0.0,,True
9729,UBCF,10,1,0.1,,0.0,,True
9730,CBF,10,1,0.1,,0.0,,True
9730,UBCF,10,1,0.1,,0.0,,True
9732,CBF,10,2,0.2,43.262588299701214,43.262588299701214,21.631301429361923,True
9732,UBCF,10,2,0.2,19.380806902927784,19.380806902927784,9.690404897837317,True
9733,CBF,10,2,0.2,47.42548488878177,47.42548488878177,23.712758341755357,True
9733,UBCF,10,1,0.1,,0.0,,True
9734,CBF,10,1,0.1,,0.0,,True
9734,UBCF,10,1,0.1,,0.0,,True
9735,CBF,10,2,0.2,29.15869940542207,29.15869940542207,14.579355363761266,True
9735,UBCF,10,1,0.1,,0.0,,True
9736,CBF,10,2,0.2,43.07938720561975,43.07938720561975,21.53969449295095,True
9736,UBCF,10,2,0.2,27.972552036849212,27.972552036849212,13.986278905543603,True
9737,CBF,10,2,0.2,1.4317359571066377,1.4317359571066377,0.7158679788583666,True
9737,UBCF,10,1,0.1,,0.0,,True
9738,CBF,10,2,0.2,42.58985072810587,42.58985072810587,21.294941911813737,True
9738,UBCF,10,2,0.2,19.380806902927784,19.380806902927784,9.690404897837317,True
9739,CBF,10,1,0.1,,0.0,,True
9739,UBCF,10,1,0.1,,0.0,,True
9740,CBF,10,2,0.2,2.3181081257908294,2.3181081257908294,1.1590540648649006,True
9740,UBCF,10,2,0.2,42.77785730491934,42.77785730491934,21.388941059543654,True
9741,CBF,10,2,0.2,1.5156689175409355,1.5156689175409355,0.7578344591212706,True
9741,UBCF,10,1,0.1,,0.0,,True
9742,CBF,10,4,0.4,26.7243388864777,80.1730166594331,20.997982841365136,True
9742,UBCF,10,1,0.1,,0.0,,True
9743,CBF,10,1,0.1,,0.0,,True
9743,UBCF,10,1,0.1,,0.0,,True
9744,CBF,10,1,0.1,,0.0,,True
9744,UBCF,10,1,0.1,,0.0,,True
9745,CBF,10,1,0.1,,0.0,,True
9745,UBCF,10,1,0.1,,0.0,,True
9747,CBF,10,1,0.1,,0.0,,True
9747,UBCF,10,2,0.2,32.156236140329234,32.156236140329234,16.078123042774006,True
9748,CBF,10,2,0.2,38.97541147027279,38.97541147027279,19.487708880396617,True
9748,UBCF,10,1,0.1,,0.0,,True
9749,CBF,10,1,0.1,,0.0,,True
9749,UBCF,10,2,0.2,19.380806902927784,19.380806902927784,9.690404897837317,True
9750,CBF,10,2,0.2,28.163648891291636,28.163648891291636,14.081829185081,True
9750,UBCF,10,1,0.1,,0.0,,True
9751,CBF,10,2,0.2,40.228672888954705,40.228672888954705,20.11434745585511,True
9751,UBCF,10,1,0.1,,0.0,,True
9752,CBF,10,2,0.2,28.163648891291636,28.163648891291636,14.081829185081,True
9752,UBCF,10,1,0.1,,0.0,,True
9753,CBF,10,1,0.1,,0.0,,True
9753,UBCF,10,1,0.1,,0.0,,True
9754,CBF,10,2,0.2,19.747511248130476,19.747511248130476,9.873756747959575,True
9754,UBCF,10,1,0.1,,0.0,,True
9755,CBF,10,2,0.2,8.966796178516137,8.966796178516137,4.483398160676603,True
9755,UBCF,10,1,0.1,,0.0,,True
9756,CBF,10,3,0.3,1.5191655494808836,3.038331098961767,1.096551578298803,True
9756,UBCF,10,1,0.1,,0.0,,True
9757,CBF,10,3,0.3,33.20085757433042,66.40171514866084,23.427638132482766,True
9757,UBCF,10,1,0.1,,0.0,,True
9758,CBF,10,3,0.3,19.02365169884699,38.04730339769398,11.042592223588438,True
9758,UBCF,10,1,0.1,,0.0,,True
9759,CBF,10,2,0.2,16.290572651640527,16.290572651640527,8.145286821625284,True
9759,UBCF,10,1,0.1,,0.0,,True
9760,CBF,10,1,0.1,,0.0,,True
9760,UBCF,10,2,0.2,42.31944671414057,42.31944671414057,21.159730993153076,True
9761,CBF,10,1,0.1,,0.0,,True
9761,UBCF,10,2,0.2,10.351160117462083,10.351160117462083,5.175580061801435,True
9762,CBF,10,1,0.1,,0.0,,True
9762,UBCF,10,1,0.1,,0.0,,True
9763,CBF,10,1,0.1,,0.0,,True
9763,UBCF,10,1,0.1,,0.0,,True
9764,CBF,10,2,0.2,1.4317359571066377,1.4317359571066377,0.7158679788583666,True
9764,UBCF,10,1,0.1,,0.0,,True
9765,CBF,10,2,0.2,43.262588299701214,43.262588299701214,21.631301429361923,True
9765,UBCF,10,2,0.2,45.85743379833855,45.85743379833855,22.92871906581808,True
9766,CBF,10,2,0.2,1.5156689175409355,1.5156689175409355,0.7578344591212706,True
9766,UBCF,10,2,0.2,37.90428148972095,37.90428148972095,18.95215698491864,True
9767,CBF,10,1,0.1,,0.0,,True
9767,UBCF,10,1,0.1,,0.0,,True
9768,CBF,10,1,0.1,,0.0,,True
9768,UBCF,10,1,0.1,,0.0,,True
9769,CBF,10,2,0.2,29.15869940542207,29.15869940542207,14.579355363761266,True
9769,UBCF,10,1,0.1,,0.0,,True
9770,CBF,10,2,0.2,10.274517362821221,10.274517362821221,5.137259138500232,True
9770,UBCF,10,1,0.1,,0.0,,True
9771,CBF,10,2,0.2,39.884336960417365,39.884336960417365,19.94216859195539,True
9771,UBCF,10,1,0.1,,0.0,,True
9772,CBF,10,3,0.3,16.661937939696955,33.32387587939391,14.670392701795173,True
9772,UBCF,10,1,0.1,,0.0,,True
9774,CBF,10,2,0.2,32.70568879807172,32.70568879807172,16.352846904750777,True
9774,UBCF,10,1,0.1,,0.0,,True
9775,CBF,10,3,0.3,39.05328904591443,78.10657809182887,22.70958043158625,True
9775,UBCF,10,1,0.1,,0.0,,True
9776,CBF,10,2,0.2,28.163648891291636,28.163648891291636,14.081829185081,True
9776,UBCF,10,1,0.1,,0.0,,True
9777,CBF,10,2,0.2,2.3181081257908294,2.3181081257908294,1.1590540648649006,True
9777,UBCF,10,1,0.1,,0.0,,True
9778,CBF,10,2,0.2,39.68146350068155,39.68146350068155,19.840734382814126,True
9778,UBCF,10,1,0.1,,0.0,,True
9780,CBF,10,4,0.4,25.92121586392756,77.76364759178269,26.782086546655954,True
9780,UBCF,10,3,0.3,46.742821673007626,93.48564334601525,22.491845482861294,True
9781,CBF,10,1,0.1,,0.0,,True
9781,UBCF,10,1,0.1,,0.0,,True
9782,CBF,10,4,0.4,23.294932491716395,69.88479747514918,22.047786843926982,True
9782,UBCF,10,1,0.1,,0.0,,True
9783,CBF,10,1,0.1,,0.0,,True
9783,UBCF,10,1,0.1,,0.0,,True
9784,CBF,10,2,0.2,28.163648891291636,28.163648891291636,14.081829185081,True
9784,UBCF,10,1,0.1,,0.0,,True
9785,CBF,10,3,0.3,49.42905302803601,98.85810605607202,25.30422081791086,True
9785,UBCF,10,1,0.1,,0.0,,True
9786,CBF,10,2,0.2,1.5156689175409355,1.5156689175409355,0.7578344591212706,True
9786,UBCF,10,1,0.1,,0.0,,True
9787,CBF,10,1,0.1,,0.0,,True
9787,UBCF,10,1,0.1,,0.0,,True
9788,CBF,10,1,0.1,,0.0,,True
9788,UBCF,10,1,0.1,,0.0,,True
9790,CBF,10,1,0.1,,0.0,,True
9790,UBCF,10,1,0.1,,0.0,,True
9791,CBF,10,1,0.1,,0.0,,True
9791,UBCF,10,1,0.1,,0.0,,True
9792,CBF,10,2,0.2,33.67692365322722,33.67692365322722,16.838466700408475,True
9792,UBCF,10,1,0.1,,0.0,,True
9793,CBF,10,4,0.4,21.0334769037721,63.10043071131631,20.485977205069496,True
9793,UBCF,10,1,0.1,,0.0,,True
9794,CBF,10,1,0.1,,0.0,,True
9794,UBCF,10,1,0.1,,0.0,,True
9795,CBF,10,3,0.3,15.733591411112258,31.467182822224515,12.498526438557732,True
9795,UBCF,10,1,0.1,,0.0,,True
9796,CBF,10,1,0.1,,0.0,,True
9796,UBCF,10,1,0.1,,0.0,,True
9797,CBF,10,1,0.1,,0.0,,True
9797,UBCF,10,1,0.1,,0.0,,True
9798,CBF,10,2,0.2,33.307372647861015,33.307372647861015,16.653688974915404,True
9798,UBCF,10,2,0.2,11.749728398231753,11.749728398231753,5.874864397864018,True
9799,CBF,10,1,0.1,,0.0,,True
9799,UBCF,10,1,0.1,,0.0,,True
9800,CBF,10,4,0.4,19.930005440255464,59.79001632076639,14.353470615711405,True
9800,UBCF,10,1,0.1,,0.0,,True
9801,CBF,10,2,0.2,38.97541147027279,38.97541147027279,19.487708880396617,True
9801,UBCF,10,1,0.1,,0.0,,True
9802,CBF,10,2,0.2,34.72149846976685,34.72149846976685,17.360758094044108,True
9802,UBCF,10,1,0.1,,0.0,,True
9803,CBF,10,1,0.1,,0.0,,True
9803,UBCF,10,2,0.2,45.85743379833855,45.85743379833855,22.92871906581808,True
9804,CBF,10,1,0.1,,0.0,,True
9804,UBCF,10,1,0.1,,0.0,,True
9806,CBF,10,2,0.2,7.90812379907292,7.90812379907292,3.954061946399003,True
9806,UBCF,10,1,0.1,,0.0,,True
9807,CBF,10,2,0.2,1.4317359571066377,1.4317359571066377,0.7158679788583666,True
9807,UBCF,10,1,0.1,,0.0,,True
9808,CBF,10,2,0.2,48.054481419213076,48.054481419213076,24.027240711726357,True
9808,UBCF,10,2,0.2,27.972552036849212,27.972552036849212,13.986278905543603,True
9810,CBF,10,4,0.4,10.16899904213698,30.506997126410937,8.17945581639541,True
9810,UBCF,10,1,0.1,,0.0,,True
9811,CBF,10,3,0.3,27.891642593303676,55.78328518660735,19.135582133871058,True
9811,UBCF,10,2,0.2,20.56227028829262,20.56227028829262,10.281135193399617,True
9812,CBF,10,2,0.2,1.5431923121318396,1.5431923121318396,0.7715961563145184,True
9812,UBCF,10,1,0.1,,0.0,,True
9813,CBF,10,2,0.2,1.4317359571066377,1.4317359571066377,0.7158679788583666,True
9813,UBCF,10,1,0.1,,0.0,,True
9814,CBF,10,3,0.3,10.50967392747963,21.01934785495926,7.765577461908752,True
9814,UBCF,10,2,0.2,19.380806902927784,19.380806902927784,9.690404897837317,True
9815,CBF,10,2,0.2,0.618187081322193,0.618187081322193,0.3090935406794648,True
9815,UBCF,10,2,0.2,42.31944671414057,42.31944671414057,21.159730993153076,True
9816,CBF,10,4,0.4,21.887047994733408,65.66114398420022,17.909765265578915,True
9816,UBCF,10,1,0.1,,0.0,,True
9818,CBF,10,2,0.2,1.4520848238930628,1.4520848238930628,0.7260424121934375,True
9818,UBCF,10,1,0.1,,0.0,,True
9819,CBF,10,1,0.1,,0.0,,True
9819,UBCF,10,1,0.1,,0.0,,True
9821,CBF,10,1,0.1,,0.0,,True
9821,UBCF,10,1,0.1,,0.0,,True
9822,CBF,10,2,0.2,28.163648891291636,28.163648891291636,14.081829185081,True
9822,UBCF,10,1,0.1,,0.0,,True
9823,CBF,10,3,0.3,19.86916854607542,39.73833709215084,13.812411814634183,True
9823,UBCF,10,1,0.1,,0.0,,True
9824,CBF,10,2,0.2,1.4520848238930628,1.4520848238930628,0.7260424121934375,True
9824,UBCF,10,1,0.1,,0.0,,True
9825,CBF,10,2,0.2,7.1198546066846555,7.1198546066846555,3.559927367707824,True
9825,UBCF,10,1,0.1,,0.0,,True
9826,CBF,10,4,0.4,29.15024928466957,87.45074785400871,19.71693182555296,True
9826,UBCF,10,1,0.1,,0.0,,True
9827,CBF,10,2,0.2,19.802199491474596,19.802199491474596,9.901100073718258,True
9827,UBCF,10,1,0.1,,0.0,,True
9828,CBF,10,1,0.1,,0.0,,True
9828,UBCF,10,2,0.2,16.565863565943992,16.565863565943992,8.282932816586648,True
9829,CBF,10,3,0.3,20.70131197994607,41.40262395989214,13.984483048124067,True
9829,UBCF,10,1,0.1,,0.0,,True
9830,CBF,10,2,0.2,23.42832637973626,23.42832637973626,11.71416658667128,True
9830,UBCF,10,1,0.1,,0.0,,True
9832,CBF,10,1,0.1,,0.0,,True
9832,UBCF,10,1,0.1,,0.0,,True
9834,CBF,10,1,0.1,,0.0,,True
9834,UBCF,10,1,0.1,,0.0,,True
9836,CBF,10,2,0.2,33.67692365322722,33.67692365322722,16.838466700408475,True
9836,UBCF,10,1,0.1,,0.0,,True
9838,CBF,10,2,0.2,43.262588299701214,43.262588299701214,21.631301429361923,True
9838,UBCF,10,1,0.1,,0.0,,True
9839,CBF,10,1,0.1,,0.0,,True
9839,UBCF,10,1,0.1,,0.0,,True
9841,CBF,10,1,0.1,,0.0,,True
9841,UBCF,10,1,0.1,,0.0,,True
9842,CBF,10,1,0.1,,0.0,,True
9842,UBCF,10,1,0.1,,0.0,,True
9843,CBF,10,3,0.3,16.00286294846914,32.00572589693828,12.498526438558054,True
9843,UBCF,10,1,0.1,,0.0,,True
9844,CBF,10,2,0.2,1.4520848238930628,1.4520848238930628,0.7260424121934375,True
9844,UBCF,10,1,0.1,,0.0,,True
9847,CBF,10,3,0.3,37.74275346153303,75.48550692306605,26.65203969884985,True
9847,UBCF,10,1,0.1,,0.0,,True
9848,CBF,10,1,0.1,,0.0,,True
9848,UBCF,10,1,0.1,,0.0,,True
9849,CBF,10,2,0.2,43.07938720561975,43.07938720561975,21.53969449295095,True
9849,UBCF,10,1,0.1,,0.0,,True
9850,CBF,10,2,0.2,1.4317359571066377,1.4317359571066377,0.7158679788583666,True
9850,UBCF,10,1,0.1,,0.0,,True
9851,CBF,10,2,0.2,1.4317359571066377,1.4317359571066377,0.7158679788583666,True
9851,UBCF,10,1,0.1,,0.0,,True
9853,CBF,10,1,0.1,,0.0,,True
9853,UBCF,10,2,0.2,45.85743379833855,45.85743379833855,22.92871906581808,True
9854,CBF,10,3,0.3,31.429643406844413,62.859286813688826,24.100304972323233,True
9854,UBCF,10,1,0.1,,0.0,,True
9855,CBF,10,2,0.2,33.67692365322722,33.67692365322722,16.838466700408475,True
9855,UBCF,10,1,0.1,,0.0,,True
9858,CBF,10,2,0.2,1.4317359571066377,1.4317359571066377,0.7158679788583666,True
9858,UBCF,10,1,0.1,,0.0,,True
9861,CBF,10,2,0.2,1.4317359571066377,1.4317359571066377,0.7158679788583666,True
9861,UBCF,10,1,0.1,,0.0,,True
9862,CBF,10,3,0.3,51.71236007998358,103.42472015996717,27.314473332598265,True
9862,UBCF,10,1,0.1,,0.0,,True
9865,CBF,10,1,0.1,,0.0,,True
9865,UBCF,10,1,0.1,,0.0,,True
9866,CBF,10,1,0.1,,0.0,,True
9866,UBCF,10,1,0.1,,0.0,,True
9867,CBF,10,1,0.1,,0.0,,True
9867,UBCF,10,1,0.1,,0.0,,True
9868,CBF,10,1,0.1,,0.0,,True
9868,UBCF,10,1,0.1,,0.0,,True
9869,CBF,10,2,0.2,42.58985072810587,42.58985072810587,21.294941911813737,True
9869,UBCF,10,1,0.1,,0.0,,True
9870,CBF,10,1,0.1,,0.0,,True
9870,UBCF,10,1,0.1,,0.0,,True
9871,CBF,10,2,0.2,1.5156689175409355,1.5156689175409355,0.7578344591212706,True
9871,UBCF,10,1,0.1,,0.0,,True
9872,CBF,10,2,0.2,28.163648891291636,28.163648891291636,14.081829185081,True
9872,UBCF,10,1,0.1,,0.0,,True
9873,CBF,10,1,0.1,,0.0,,True
9873,UBCF,10,1,0.1,,0.0,,True
9874,CBF,10,4,0.4,47.04896917439185,141.14690752317554,26.53176433642308,True
9874,UBCF,10,1,0.1,,0.0,,True
9875,CBF,10,3,0.3,47.745311562003025,95.49062312400605,23.427638132482766,True
9875,UBCF,10,1,0.1,,0.0,,True
9877,CBF,10,1,0.1,,0.0,,True
9877,UBCF,10,1,0.1,,0.0,,True
9878,CBF,10,3,0.3,33.78976214688664,67.57952429377328,24.577389302799816,True
9878,UBCF,10,1,0.1,,0.0,,True
9879,CBF,10,3,0.3,29.741831496078074,59.48366299215615,22.03639370655,True
9879,UBCF,10,1,0.1,,0.0,,True
9882,CBF,10,2,0.2,47.42548488878177,47.42548488878177,23.712758341755357,True
9882,UBCF,10,1,0.1,,0.0,,True
9883,CBF,10,2,0.2,1.4317359571066377,1.4317359571066377,0.7158679788583666,True
9883,UBCF,10,2,0.2,37.90428148972095,37.90428148972095,18.95215698491864,True
9884,CBF,10,2,0.2,18.063673535690604,18.063673535690604,9.031838163077367,True
9884,UBCF,10,1,0.1,,0.0,,True
9885,CBF,10,1,0.1,,0.0,,True
9885,UBCF,10,1,0.1,,0.0,,True
9886,CBF,10,2,0.2,33.67692365322722,33.67692365322722,16.838466700408475,True
9886,UBCF,10,1,0.1,,0.0,,True
9887,CBF,10,1,0.1,,0.0,,True
9887,UBCF,10,1,0.1,,0.0,,True
9888,CBF,10,2,0.2,43.262588299701214,43.262588299701214,21.631301429361923,True
9888,UBCF,10,1,0.1,,0.0,,True
9889,CBF,10,1,0.1,,0.0,,True
9889,UBCF,10,1,0.1,,0.0,,True
9892,CBF,10,1,0.1,,0.0,,True
9892,UBCF,10,1,0.1,,0.0,,True
9894,CBF,10,2,0.2,1.4317359571066377,1.4317359571066377,0.7158679788583666,True
9894,UBCF,10,1,0.1,,0.0,,True
9895,CBF,10,1,0.1,,0.0,,True
9895,UBCF,10,1,0.1,,0.0,,True
9896,CBF,10,1,0.1,,0.0,,True
9896,UBCF,10,2,0.2,10.351160117462083,10.351160117462083,5.175580061801435,True
9897,CBF,10,1,0.1,,0.0,,True
9897,UBCF,10,1,0.1,,0.0,,True
9898,CBF,10,1,0.1,,0.0,,True
9898,UBCF,10,1,0.1,,0.0,,True
9899,CBF,10,4,0.4,22.328899971465518,66.98669991439655,20.997982841365136,True
9899,UBCF,10,1,0.1,,0.0,,True
9900,CBF,10,2,0.2,2.3181081257908294,2.3181081257908294,1.1590540648649006,True
9900,UBCF,10,1,0.1,,0.0,,True
9901,CBF,10,1,0.1,,0.0,,True
9901,UBCF,10,1,0.1,,0.0,,True
9902,CBF,10,2,0.2,32.52874473344892,32.52874473344892,16.264373376438158,True
9902,UBCF,10,1,0.1,,0.0,,True
9903,CBF,10,1,0.1,,0.0,,True
9903,UBCF,10,1,0.1,,0.0,,True
9905,CBF,10,3,0.3,16.661937939696955,33.32387587939391,14.670392701795173,True
9905,UBCF,10,3,0.3,35.171716535791816,70.34343307158363,24.96840335183987,True
9906,CBF,10,2,0.2,1.4317359571066377,1.4317359571066377,0.7158679788583666,True
9906,UBCF,10,1,0.1,,0.0,,True
9907,CBF,10,2,0.2,47.42548488878177,47.42548488878177,23.712758341755357,True
9907,UBCF,10,1,0.1,,0.0,,True
9908,CBF,10,1,0.1,,0.0,,True
9908,UBCF,10,2,0.2,33.85474968413719,33.85474968413719,16.92737540235248,True
9909,CBF,10,1,0.1,,0.0,,True
9909,UBCF,10,1,0.1,,0.0,,True
9910,CBF,10,1,0.1,,0.0,,True
9910,UBCF,10,1,0.1,,0.0,,True
9912,CBF,10,2,0.2,27.972552036849212,27.972552036849212,13.986278905543603,True
9912,UBCF,10,1,0.1,,0.0,,True
9914,CBF,10,2,0.2,27.972552036849212,27.972552036849212,13.986278905543603,True
9914,UBCF,10,1,0.1,,0.0,,True
9915,CBF,10,1,0.1,,0.0,,True
9915,UBCF,10,2,0.2,6.324005324956843,6.324005324956843,3.162002681399092,True
9916,CBF,10,2,0.2,39.68146350068155,39.68146350068155,19.840734382814126,True
9916,UBCF,10,1,0.1,,0.0,,True
9917,CBF,10,1,0.1,,0.0,,True
9917,UBCF,10,1,0.1,,0.0,,True
9919,CBF,10,2,0.2,38.54334327738816,38.54334327738816,19.27168404100997,True
9919,UBCF,10,1,0.1,,0.0,,True
9920,CBF,10,1,0.1,,0.0,,True
9920,UBCF,10,1,0.1,,0.0,,True
9921,CBF,10,2,0.2,1.5156689175409355,1.5156689175409355,0.7578344591212706,True
9921,UBCF,10,1,0.1,,0.0,,True
9922,CBF,10,3,0.3,16.661937939696955,33.32387587939391,14.670392701795173,True
9922,UBCF,10,1,0.1,,0.0,,True
9923,CBF,10,3,0.3,26.091810477000088,52.183620954000176,15.833112457947399,True
9923,UBCF,10,1,0.1,,0.0,,True
9924,CBF,10,2,0.2,2.3181081257908294,2.3181081257908294,1.1590540648649006,True
9924,UBCF,10,1,0.1,,0.0,,True
9925,CBF,10,1,0.1,,0.0,,True
9925,UBCF,10,1,0.1,,0.0,,True
9926,CBF,10,1,0.1,,0.0,,True
9926,UBCF,10,1,0.1,,0.0,,True
9927,CBF,10,2,0.2,32.70568879807172,32.70568879807172,16.352846904750777,True
9927,UBCF,10,1,0.1,,0.0,,True
9928,CBF,10,3,0.3,16.661937939696955,33.32387587939391,14.670392701795173,True
9928,UBCF,10,1,0.1,,0.0,,True
9929,CBF,10,2,0.2,1.4317359571066377,1.4317359571066377,0.7158679788583666,True
9929,UBCF,10,1,0.1,,0.0,,True
9930,CBF,10,2,0.2,27.656589283890874,27.656589283890874,13.828301855562042,True
9930,UBCF,10,1,0.1,,0.0,,True
9931,CBF,10,1,0.1,,0.0,,True
9931,UBCF,10,1,0.1,,0.0,,True
9933,CBF,10,2,0.2,28.163648891291636,28.163648891291636,14.081829185081,True
9933,UBCF,10,2,0.2,19.380806902927784,19.380806902927784,9.690404897837317,True
9934,CBF,10,3,0.3,16.962779864591603,33.925559729183206,14.670392701795173,True
9934,UBCF,10,2,0.2,11.749728398231753,11.749728398231753,5.874864397864018,True
9935,CBF,10,1,0.1,,0.0,,True
9935,UBCF,10,1,0.1,,0.0,,True
9936,CBF,10,1,0.1,,0.0,,True
9936,UBCF,10,1,0.1,,0.0,,True
9938,CBF,10,1,0.1,,0.0,,True
9938,UBCF,10,1,0.1,,0.0,,True
9939,CBF,10,2,0.2,14.456726227043317,14.456726227043317,7.228363567687827,True
9939,UBCF,10,1,0.1,,0.0,,True
9940,CBF,10,3,0.3,19.86916854607542,39.73833709215084,13.812411814634183,True
9940,UBCF,10,1,0.1,,0.0,,True
9941,CBF,10,3,0.3,4.680104311482991,9.360208622965983,3.7734193919112045,True
9941,UBCF,10,1,0.1,,0.0,,True
9943,CBF,10,2,0.2,2.3181081257908294,2.3181081257908294,1.1590540648649006,True
9943,UBCF,10,1,0.1,,0.0,,True
9944,CBF,10,2,0.2,47.2904786604151,47.2904786604151,23.645251826609766,True
9944,UBCF,10,1,0.1,,0.0,,True
9945,CBF,10,2,0.2,1.4317359571066377,1.4317359571066377,0.7158679788583666,True
9945,UBCF,10,1,0.1,,0.0,,True
9946,CBF,10,1,0.1,,0.0,,True
9946,UBCF,10,1,0.1,,0.0,,True
9948,CBF,10,2,0.2,43.50817815473331,43.50817815473331,21.754100831478382,True
9948,UBCF,10,1,0.1,,0.0,,True
9949,CBF,10,2,0.2,1.5431923121318396,1.5431923121318396,0.7715961563145184,True
9949,UBCF,10,1,0.1,,0.0,,True
9950,CBF,10,2,0.2,29.15869940542207,29.15869940542207,14.579355363761266,True
9950,UBCF,10,1,0.1,,0.0,,True
9951,CBF,10,3,0.3,28.321611053542675,56.64322210708535,15.553813901934406,True
9951,UBCF,10,1,0.1,,0.0,,True
9952,CBF,10,3,0.3,39.90103000773112,79.80206001546225,24.100304972323233,True
9952,UBCF,10,1,0.1,,0.0,,True
9953,CBF,10,2,0.2,24.475756360953795,24.475756360953795,12.237881850962218,True
9953,UBCF,10,2,0.2,31.43542951846135,31.43542951846135,15.717719488393843,True
9954,CBF,10,1,0.1,,0.0,,True
9954,UBCF,10,1,0.1,,0.0,,True
9955,CBF,10,2,0.2,27.972552036849212,27.972552036849212,13.986278905543603,True
9955,UBCF,10,1,0.1,,0.0,,True
9956,CBF,10,2,0.2,33.987590128034554,33.987590128034554,16.99380339871609,True
9956,UBCF,10,1,0.1,,0.0,,True
9957,CBF,10,3,0.3,43.12277045346657,86.24554090693314,24.94602623208985,True
9957,UBCF,10,1,0.1,,0.0,,True
9958,CBF,10,1,0.1,,0.0,,True
9958,UBCF,10,1,0.1,,0.0,,True
9959,CBF,10,2,0.2,1.4317359571066377,1.4317359571066377,0.7158679788583666,True
9959,UBCF,10,1,0.1,,0.0,,True
9961,CBF,10,1,0.1,,0.0,,True
9961,UBCF,10,1,0.1,,0.0,,True
9963,CBF,10,4,0.4,5.488888908350719,16.466666725052157,6.091459315312706,True
9963,UBCF,10,1,0.1,,0.0,,True
9964,CBF,10,2,0.2,38.97541147027279,38.97541147027279,19.487708880396617,True
9964,UBCF,10,1,0.1,,0.0,,True
9965,CBF,10,2,0.2,27.972552036849212,27.972552036849212,13.986278905543603,True
9965,UBCF,10,1,0.1,,0.0,,True
9966,CBF,10,2,0.2,33.85474968413719,33.85474968413719,16.92737540235248,True
9966,UBCF,10,1,0.1,,0.0,,True
9967,CBF,10,1,0.1,,0.0,,True
9967,UBCF,10,1,0.1,,0.0,,True
9969,CBF,10,3,0.3,16.661937939696955,33.32387587939391,14.670392701795173,True
9969,UBCF,10,1,0.1,,0.0,,True
9970,CBF,10,1,0.1,,0.0,,True
9970,UBCF,10,1,0.1,,0.0,,True
9971,CBF,10,2,0.2,2.3485804240827863,2.3485804240827863,1.174290214772567,True
9971,UBCF,10,1,0.1,,0.0,,True
9973,CBF,10,1,0.1,,0.0,,True
9973,UBCF,10,1,0.1,,0.0,,True
9974,CBF,10,2,0.2,28.163648891291636,28.163648891291636,14.081829185081,True
9974,UBCF,10,2,0.2,19.380806902927784,19.380806902927784,9.690404897837317,True
9975,CBF,10,2,0.2,2.3181081257908294,2.3181081257908294,1.1590540648649006,True
9975,UBCF,10,1,0.1,,0.0,,True
9977,CBF,10,1,0.1,,0.0,,True
9977,UBCF,10,1,0.1,,0.0,,True
9979,CBF,10,2,0.2,27.972552036849212,27.972552036849212,13.986278905543603,True
9979,UBCF,10,1,0.1,,0.0,,True
9981,CBF,10,2,0.2,39.89544829710059,39.89544829710059,19.947732443611972,True
9981,UBCF,10,1,0.1,,0.0,,True
9984,CBF,10,1,0.1,,0.0,,True
9984,UBCF,10,1,0.1,,0.0,,True
9986,CBF,10,1,0.1,,0.0,,True
9986,UBCF,10,1,0.1,,0.0,,True
9987,CBF,10,3,0.3,16.661937939696955,33.32387587939391,14.670392701795173,True
9987,UBCF,10,1,0.1,,0.0,,True
9988,CBF,10,1,0.1,,0.0,,True
9988,UBCF,10,1,0.1,,0.0,,True
9990,CBF,10,4,0.4,29.344616951952386,88.03385085585715,23.510101423680254,True
9990,UBCF,10,1,0.1,,0.0,,True
9994,CBF,10,2,0.2,39.131166621556076,39.131166621556076,19.565591509610922,True
9994,UBCF,10,1,0.1,,0.0,,True
9997,CBF,10,2,0.2,39.304889873625584,39.304889873625584,19.65246355239085,True
9997,UBCF,10,1,0.1,,0.0,,True
